s,x,y,z,heading,curvature,grade,source
-174.4346,99016.4758,84949.7019,171.3196,0.8132,-0.0091,0.0042,gnss_loop
-173.8520,99016.8762,84950.1252,171.3269,0.8076,-0.0086,0.0037,gnss_loop
-173.0695,99017.4195,84950.6884,171.3304,0.7994,-0.0073,0.0028,gnss_loop
-172.0869,99018.1066,84951.3907,171.3336,0.7981,-0.0057,0.0026,gnss_loop
-171.0845,99018.8052,84952.1097,171.3359,0.7885,-0.0043,0.0030,gnss_loop
-170.0846,99019.5180,84952.8109,171.3350,0.7764,-0.0031,0.0034,gnss_loop
-169.0845,99020.2320,84953.5112,171.3368,0.7766,-0.0021,0.0036,gnss_loop
-168.0830,99020.9457,84954.2138,171.3410,0.7814,-0.0017,0.0039,gnss_loop
-167.0847,99021.6517,84954.9195,171.3467,0.7858,-0.0016,0.0043,gnss_loop
-166.0866,99022.3568,84955.6260,171.3578,0.7869,-0.0006,0.0043,gnss_loop
-165.0900,99023.0601,84956.3321,171.3633,0.7871,0.0001,0.0044,gnss_loop
-164.0938,99023.7635,84957.0376,171.3713,0.7858,-0.0003,0.0040,gnss_loop
-163.0994,99024.4672,84957.7402,171.3699,0.7812,-0.0010,0.0032,gnss_loop
-162.1021,99025.1778,84958.4399,171.3710,0.7773,-0.0014,0.0026,gnss_loop
-161.1044,99025.8892,84959.1394,171.3787,0.7770,-0.0015,0.0024,gnss_loop
-160.1038,99026.6026,84959.8411,171.3864,0.7775,-0.0016,0.0024,gnss_loop
-159.1040,99027.3149,84960.5426,171.3951,0.7754,-0.0013,0.0024,gnss_loop
-158.0973,99028.0355,84961.2455,171.3952,0.7735,-0.0006,0.0023,gnss_loop
-157.0907,99028.7553,84961.9492,171.4086,0.7744,-0.0002,0.0024,gnss_loop
-156.0826,99029.4756,84962.6544,171.4111,0.7735,-0.0002,0.0022,gnss_loop
-155.0751,99030.1974,84963.3574,171.4093,0.7713,0.0001,0.0017,gnss_loop
-154.0670,99030.9209,84964.0595,171.4122,0.7729,0.0005,0.0015,gnss_loop
-153.0659,99031.6358,84964.7603,171.4019,0.7752,0.0006,0.0016,gnss_loop
-152.0647,99032.3511,84965.4607,171.3872,0.7754,0.0005,0.0016,gnss_loop
-151.0648,99033.0649,84966.1611,171.3861,0.7762,0.0006,0.0018,gnss_loop
-150.0656,99033.7777,84966.8612,171.3847,0.7778,0.0006,0.0016,gnss_loop
-149.0663,99034.4886,84967.5634,171.3859,0.7794,0.0005,0.0012,gnss_loop
-148.0673,99035.1991,84968.2658,171.3874,0.7793,0.0006,0.0010,gnss_loop
-147.0664,99035.9114,84968.9689,171.3884,0.7779,0.0005,0.0006,gnss_loop
-146.0666,99036.6243,84969.6700,171.4002,0.7774,0.0003,0.0002,gnss_loop
-145.0671,99037.3363,84970.3713,171.3996,0.7781,-0.0000,0.0002,gnss_loop
-144.0676,99038.0481,84971.0731,171.3928,0.7799,-0.0003,0.0003,gnss_loop
-143.0651,99038.7597,84971.7792,171.4072,0.7811,-0.0004,0.0003,gnss_loop
-142.0637,99039.4712,84972.4839,171.3999,0.7802,-0.0001,0.0010,gnss_loop
-141.0621,99040.1834,84973.1882,171.4080,0.7791,0.0001,0.0018,gnss_loop
-140.0592,99040.8975,84973.8923,171.4185,0.7773,0.0001,0.0020,gnss_loop
-139.0568,99041.6127,84974.5946,171.4152,0.7751,-0.0000,0.0021,gnss_loop
-138.0566,99042.3280,84975.2937,171.4161,0.7755,-0.0000,0.0018,gnss_loop
-137.0566,99043.0410,84975.9949,171.4172,0.7780,0.0001,0.0014,gnss_loop
-136.0566,99043.7526,84976.6974,171.4128,0.7796,0.0002,0.0009,gnss_loop
-135.0561,99044.4638,84977.4013,171.4135,0.7801,0.0003,0.0006,gnss_loop
-134.0558,99045.1748,84978.1048,171.4174,0.7804,0.0004,0.0009,gnss_loop
-133.0552,99045.8857,84978.8090,171.4170,0.7806,0.0002,0.0008,gnss_loop
-132.0544,99046.5969,84979.5131,171.4109,0.7803,-0.0001,0.0007,gnss_loop
-131.0539,99047.3081,84980.2168,171.4200,0.7793,-0.0003,0.0007,gnss_loop
-130.0522,99048.0212,84980.9203,171.4281,0.7791,-0.0004,0.0003,gnss_loop
-129.0496,99048.7342,84981.6252,171.4279,0.7790,-0.0005,-0.0001,gnss_loop
-128.0483,99049.4471,84982.3282,171.4300,0.7781,-0.0005,-0.0002,gnss_loop
-127.0470,99050.1605,84983.0308,171.4177,0.7777,-0.0004,-0.0001,gnss_loop
-126.0457,99050.8741,84983.7332,171.4162,0.7774,-0.0002,-0.0001,gnss_loop
-125.0454,99051.5872,84984.4349,171.4119,0.7765,0.0000,0.0002,gnss_loop
-124.0473,99052.2997,84985.1337,171.4150,0.7756,0.0002,0.0005,gnss_loop
-123.0490,99053.0126,84985.8326,171.4142,0.7759,0.0003,0.0008,gnss_loop
-122.0509,99053.7248,84986.5318,171.4184,0.7768,0.0002,0.0011,gnss_loop
-121.0525,99054.4364,84987.2321,171.4165,0.7783,0.0001,0.0013,gnss_loop
-120.0541,99055.1468,84987.9337,171.4200,0.7802,-0.0000,0.0012,gnss_loop
-119.0526,99055.8579,84988.6388,171.4189,0.7812,-0.0000,0.0013,gnss_loop
-118.0506,99056.5695,84989.3443,171.4107,0.7805,-0.0001,0.0013,gnss_loop
-117.0498,99057.2811,84990.0480,171.4134,0.7785,-0.0002,0.0013,gnss_loop
-116.0481,99057.9952,84990.7506,171.4141,0.7766,-0.0004,0.0013,gnss_loop
-115.0470,99058.7098,84991.4517,171.4129,0.7755,-0.0007,0.0013,gnss_loop
-114.0479,99059.4235,84992.1508,171.4196,0.7754,-0.0006,0.0010,gnss_loop
-113.0485,99060.1369,84992.8507,171.4329,0.7754,-0.0000,0.0008,gnss_loop
-112.0472,99060.8524,84993.5512,171.4355,0.7753,0.0008,0.0007,gnss_loop
-111.0463,99061.5668,84994.2521,171.4387,0.7751,0.0015,0.0006,gnss_loop
-110.0451,99062.2826,84994.9522,171.4463,0.7740,0.0022,0.0007,gnss_loop
-109.0439,99062.9987,84995.6519,171.4542,0.7766,0.0024,0.0011,gnss_loop
-108.0380,99063.7142,84996.3589,171.4570,0.7823,0.0022,0.0018,gnss_loop
-107.0289,99064.4281,84997.0722,171.4566,0.7873,0.0019,0.0025,gnss_loop
-106.0204,99065.1382,84997.7882,171.4480,0.7928,0.0016,0.0031,gnss_loop
-105.0139,99065.8422,84998.5075,171.4425,0.7976,0.0010,0.0036,gnss_loop
-104.0114,99066.5414,84999.2260,171.4386,0.7967,0.0001,0.0038,gnss_loop
-103.0148,99067.2398,84999.9370,171.4323,0.7934,-0.0010,0.0034,gnss_loop
-102.0221,99067.9367,85000.6439,171.4318,0.7914,-0.0020,0.0031,gnss_loop
-101.0295,99068.6352,85001.3492,171.4284,0.7874,-0.0026,0.0032,gnss_loop
-100.0343,99069.3395,85002.0522,171.4315,0.7824,-0.0025,0.0030,gnss_loop
-99.0353,99070.0495,85002.7551,171.4359,0.7781,-0.0019,0.0024,gnss_loop
-98.0384,99070.7611,85003.4532,171.4499,0.7740,-0.0012,0.0020,gnss_loop
-97.0409,99071.4758,85004.1491,171.4552,0.7712,-0.0007,0.0018,gnss_loop
-96.0432,99072.1917,85004.8439,171.4741,0.7728,-0.0003,0.0020,gnss_loop
-95.0448,99072.9048,85005.5427,171.4858,0.7760,-0.0001,0.0024,gnss_loop
-94.0468,99073.6166,85006.2423,171.4946,0.7796,0.0000,0.0028,gnss_loop
-93.0450,99074.3270,85006.9486,171.4979,0.7833,0.0003,0.0034,gnss_loop
-92.0435,99075.0361,85007.6558,171.4980,0.7837,0.0004,0.0045,gnss_loop
-91.0431,99075.7450,85008.3617,171.5015,0.7808,0.0002,0.0057,gnss_loop
-90.0445,99076.4562,85009.0628,171.5067,0.7774,-0.0001,0.0065,gnss_loop
-89.0455,99077.1688,85009.7628,171.5053,0.7752,-0.0005,0.0072,gnss_loop
-88.0465,99077.8833,85010.4611,171.4978,0.7752,-0.0006,0.0075,gnss_loop
-87.0474,99078.5960,85011.1612,171.4952,0.7765,-0.0005,0.0074,gnss_loop
-86.0467,99079.3099,85011.8625,171.4955,0.7763,-0.0001,0.0070,gnss_loop
-85.0461,99080.0239,85012.5635,171.4920,0.7768,0.0002,0.0063,gnss_loop
-84.0450,99080.7374,85013.2656,171.4992,0.7776,0.0005,0.0061,gnss_loop
-83.0442,99081.4505,85013.9680,171.5005,0.7778,0.0007,0.0062,gnss_loop
-82.0436,99082.1634,85014.6700,171.5138,0.7783,0.0008,0.0063,gnss_loop
-81.0448,99082.8743,85015.3718,171.5384,0.7779,0.0010,0.0062,gnss_loop
-80.0474,99083.5856,85016.0709,171.5605,0.7783,0.0013,0.0061,gnss_loop
-79.0487,99084.2957,85016.7731,171.5731,0.7809,0.0012,0.0058,gnss_loop
-78.0497,99085.0045,85017.4771,171.5948,0.7827,0.0007,0.0059,gnss_loop
-77.0536,99085.7102,85018.1801,171.6036,0.7840,-0.0002,0.0059,gnss_loop
-76.0561,99086.4161,85018.8849,171.6128,0.7875,-0.0014,0.0057,gnss_loop
-75.0567,99087.1192,85019.5951,171.6110,0.7899,-0.0031,0.0059,gnss_loop
-74.0573,99087.8230,85020.3046,171.6158,0.7873,-0.0050,0.0060,gnss_loop
-73.0592,99088.5290,85021.0102,171.6229,0.7810,-0.0069,0.0059,gnss_loop
-72.0592,99089.2422,85021.7112,171.6287,0.7715,-0.0091,0.0058,gnss_loop
-71.0593,99089.9627,85022.4045,171.6299,0.7591,-0.0120,0.0054,gnss_loop
-70.0596,99090.6928,85023.0874,171.6311,0.7445,-0.0150,0.0048,gnss_loop
-69.0603,99091.4328,85023.7589,171.6318,0.7296,-0.0181,0.0045,gnss_loop
-68.0599,99092.1834,85024.4203,171.6251,0.7137,-0.0213,0.0044,gnss_loop
-67.0566,99092.9475,85025.0705,171.6250,0.6935,-0.0243,0.0043,gnss_loop
-66.0547,99093.7254,85025.7020,171.6156,0.6680,-0.0270,0.0045,gnss_loop
-65.0560,99094.5179,85026.3096,171.6140,0.6383,-0.0295,0.0049,gnss_loop
-64.0590,99095.3280,85026.8908,171.6192,0.6038,-0.0321,0.0053,gnss_loop
-63.0596,99096.1610,85027.4429,171.6223,0.5651,-0.0343,0.0052,gnss_loop
-62.0608,99097.0152,85027.9606,171.6231,0.5275,-0.0355,0.0050,gnss_loop
-61.0623,99097.8866,85028.4481,171.6344,0.4909,-0.0355,0.0050,gnss_loop
-60.0603,99098.7791,85028.9035,171.6446,0.4523,-0.0342,0.0051,gnss_loop
-59.0576,99099.6893,85029.3240,171.6550,0.4134,-0.0323,0.0049,gnss_loop
-58.0579,99100.6125,85029.7078,171.6687,0.3764,-0.0302,0.0049,gnss_loop
-57.0590,99101.5478,85030.0586,171.6838,0.3456,-0.0285,0.0050,gnss_loop
-56.0583,99102.4937,85030.3851,171.6974,0.3225,-0.0272,0.0054,gnss_loop
-55.0587,99103.4449,85030.6926,171.7089,0.3034,-0.0259,0.0057,gnss_loop
-54.0591,99104.4015,85030.9824,171.7193,0.2848,-0.0245,0.0056,gnss_loop
-53.0595,99105.3634,85031.2542,171.7276,0.2644,-0.0229,0.0056,gnss_loop
-52.0606,99106.3304,85031.5046,171.7296,0.2406,-0.0220,0.0057,gnss_loop
-51.0616,99107.3036,85031.7302,171.7326,0.2129,-0.0216,0.0059,gnss_loop
-50.0625,99108.2832,85031.9267,171.7380,0.1861,-0.0216,0.0058,gnss_loop
-49.0629,99109.2677,85032.0999,171.7377,0.1638,-0.0217,0.0057,gnss_loop
-48.0633,99110.2555,85032.2527,171.7332,0.1455,-0.0217,0.0057,gnss_loop
-47.0636,99111.2458,85032.3898,171.7304,0.1275,-0.0212,0.0058,gnss_loop
-46.0639,99112.2386,85032.5069,171.7301,0.1090,-0.0204,0.0058,gnss_loop
-45.0643,99113.2332,85032.6074,171.7369,0.0898,-0.0199,0.0057,gnss_loop
-44.0649,99114.2295,85032.6862,171.7322,0.0682,-0.0200,0.0059,gnss_loop
-43.0654,99115.2273,85032.7436,171.7377,0.0468,-0.0204,0.0064,gnss_loop
-42.0658,99116.2262,85032.7796,171.7395,0.0259,-0.0208,0.0069,gnss_loop
-41.0662,99117.2258,85032.7954,171.7458,0.0057,-0.0211,0.0075,gnss_loop
-40.0667,99118.2252,85032.7911,171.7588,-0.0141,-0.0211,0.0077,gnss_loop
-39.0676,99119.2240,85032.7672,171.7643,-0.0362,-0.0209,0.0080,gnss_loop
-38.0685,99120.2220,85032.7189,171.7745,-0.0585,-0.0206,0.0086,gnss_loop
-37.0695,99121.2186,85032.6504,171.7889,-0.0797,-0.0208,0.0090,gnss_loop
-36.0704,99122.2136,85032.5599,171.8076,-0.1010,-0.0214,0.0094,gnss_loop
-35.0710,99123.2069,85032.4489,171.8156,-0.1210,-0.0220,0.0094,gnss_loop
-34.0713,99124.1980,85032.3186,171.8287,-0.1392,-0.0223,0.0094,gnss_loop
-33.0724,99125.1860,85032.1717,171.8489,-0.1593,-0.0224,0.0093,gnss_loop
-32.0747,99126.1692,85032.0020,171.8663,-0.1834,-0.0224,0.0093,gnss_loop
-31.0771,99127.1477,85031.8078,171.8826,-0.2100,-0.0223,0.0093,gnss_loop
-30.0790,99128.1209,85031.5860,171.8935,-0.2363,-0.0220,0.0093,gnss_loop
-29.0809,99129.0883,85031.3406,171.9007,-0.2589,-0.0216,0.0100,gnss_loop
-28.0831,99130.0501,85031.0750,171.9117,-0.2811,-0.0206,0.0105,gnss_loop
-27.0834,99131.0073,85030.7864,171.9182,-0.3026,-0.0186,0.0107,gnss_loop
-26.0841,99131.9582,85030.4793,171.9240,-0.3195,-0.0160,0.0108,gnss_loop
-25.0866,99132.9030,85030.1593,171.9294,-0.3353,-0.0137,0.0108,gnss_loop
-24.0875,99133.8436,85029.8224,171.9330,-0.3509,-0.0116,0.0107,gnss_loop
-23.0872,99134.7805,85029.4721,171.9317,-0.3611,-0.0096,0.0102,gnss_loop
-22.0874,99135.7147,85029.1158,171.9294,-0.3657,-0.0080,0.0097,gnss_loop
-21.0876,99136.6478,85028.7570,171.9362,-0.3690,-0.0066,0.0095,gnss_loop
-20.0868,99137.5806,85028.3941,171.9387,-0.3720,-0.0049,0.0096,gnss_loop
-19.0872,99138.5115,85028.0298,171.9578,-0.3758,-0.0034,0.0101,gnss_loop
-18.0870,99139.4408,85027.6603,171.9829,-0.3809,-0.0023,0.0104,gnss_loop
-17.0865,99140.3687,85027.2860,171.9959,-0.3856,-0.0016,0.0106,gnss_loop
-16.0851,99141.2957,85026.9073,172.0154,-0.3879,-0.0011,0.0108,gnss_loop
-15.0840,99142.2224,85026.5285,172.0346,-0.3872,-0.0008,0.0110,gnss_loop
-14.0830,99143.1496,85026.1512,172.0421,-0.3852,-0.0004,0.0111,gnss_loop
-13.0825,99144.0773,85025.7766,172.0512,-0.3826,0.0001,0.0115,gnss_loop
-12.0824,99145.0055,85025.4043,172.0560,-0.3803,0.0005,0.0122,gnss_loop
-11.0831,99145.9338,85025.0344,172.0658,-0.3804,0.0005,0.0123,gnss_loop
-10.0839,99146.8612,85024.6622,172.0815,-0.3819,0.0003,0.0099,gnss_loop
-9.0848,99147.7882,85024.2896,172.0994,-0.3822,-0.0001,0.0076,gnss_loop
-8.0856,99148.7153,85023.9169,172.1184,-0.3821,-0.0009,0.0071,gnss_loop
-7.0865,99149.6424,85023.5445,172.1322,-0.3826,-0.0019,0.0068,gnss_loop
-6.0864,99150.5699,85023.1705,172.1434,-0.3830,-0.0028,0.0066,gnss_loop
-5.0863,99151.4976,85022.7971,172.1547,-0.3837,-0.0030,0.0062,gnss_loop
-4.0861,99152.4248,85022.4218,172.1599,-0.3858,-0.0012,0.0062,gnss_loop
-3.0855,99153.3514,85022.0441,172.1677,-0.3940,-0.0001,0.0063,gnss_loop
-2.0679,99154.2882,85021.6470,172.1811,-0.4002,-0.0002,0.0065,gnss_loop
-1.0512,99155.2250,85021.2516,172.1935,-0.4136,-0.0002,0.0066,gnss_loop
0.0000,99156.1816,85020.8159,172.1878,-0.3786,-0.0022,0.0066,pathgraph
1.0000,99157.1104,85020.4452,172.1019,-0.3806,-0.0021,0.0064,pathgraph
2.0000,99158.0373,85020.0700,172.1140,-0.3817,-0.0017,0.0060,pathgraph
3.0000,99158.9642,85019.6947,172.1260,-0.3827,-0.0013,0.0058,pathgraph
4.0000,99159.8911,85019.3194,172.1381,-0.3837,-0.0009,0.0061,pathgraph
5.0000,99160.8180,85018.9441,172.1502,-0.3847,-0.0005,0.0064,pathgraph
6.0000,99161.7449,85018.5689,172.1622,-0.3858,-0.0001,0.0069,pathgraph
6.9999,99162.6715,85018.1929,172.1743,-0.3863,0.0001,0.0074,pathgraph
7.9999,99163.5978,85017.8162,172.1865,-0.3864,-0.0000,0.0075,pathgraph
8.9999,99164.5242,85017.4395,172.1986,-0.3865,-0.0002,0.0075,pathgraph
9.9999,99165.4505,85017.0628,172.2108,-0.3866,-0.0003,0.0079,pathgraph
10.9999,99166.3766,85016.6856,172.2201,-0.3867,-0.0002,0.0108,pathgraph
11.9999,99167.3027,85016.3083,172.2295,-0.3868,-0.0000,0.0135,pathgraph
12.9999,99168.2288,85015.9311,172.2389,-0.3868,0.0001,0.0139,pathgraph
13.9999,99169.1551,85015.5542,172.2569,-0.3866,0.0002,0.0141,pathgraph
14.9999,99170.0814,85015.1774,172.2749,-0.3863,0.0002,0.0143,pathgraph
15.9999,99171.0076,85014.8006,172.2929,-0.3860,0.0003,0.0145,pathgraph
16.9999,99171.9339,85014.4238,172.3109,-0.3858,0.0004,0.0147,pathgraph
17.9999,99172.8605,85014.0476,172.3260,-0.3854,0.0004,0.0149,pathgraph
18.9999,99173.7873,85013.6722,172.3381,-0.3849,0.0005,0.0150,pathgraph
19.9999,99174.7142,85013.2968,172.3502,-0.3845,0.0005,0.0151,pathgraph
20.9998,99175.6410,85012.9214,172.3624,-0.3840,0.0005,0.0153,pathgraph
21.9998,99176.5685,85012.5474,172.3819,-0.3835,0.0005,0.0156,pathgraph
22.9998,99177.4959,85012.1734,172.4013,-0.3831,0.0005,0.0158,pathgraph
23.9998,99178.4233,85011.7995,172.4207,-0.3826,0.0005,0.0159,pathgraph
24.9998,99179.3513,85011.4270,172.4369,-0.3822,0.0004,0.0158,pathgraph
25.9998,99180.2794,85011.0545,172.4530,-0.3819,0.0004,0.0156,pathgraph
26.9998,99181.2074,85010.6820,172.4692,-0.3815,0.0003,0.0153,pathgraph
27.9998,99182.1354,85010.3095,172.4853,-0.3812,0.0002,0.0147,pathgraph
28.9998,99183.0636,85009.9374,172.5008,-0.3810,0.0002,0.0141,pathgraph
29.9998,99183.9919,85009.5656,172.5155,-0.3811,0.0001,0.0139,pathgraph
30.9998,99184.9202,85009.1939,172.5302,-0.3811,-0.0000,0.0139,pathgraph
31.9998,99185.8486,85008.8221,172.5449,-0.3812,-0.0001,0.0137,pathgraph
32.9998,99186.7769,85008.4504,172.5596,-0.3812,-0.0002,0.0131,pathgraph
33.9997,99187.7052,85008.0786,172.5743,-0.3813,-0.0003,0.0124,pathgraph
34.9997,99188.6332,85007.7059,172.5893,-0.3817,-0.0004,0.0118,pathgraph
35.9997,99189.5611,85007.3332,172.6042,-0.3821,-0.0004,0.0113,pathgraph
36.9997,99190.4891,85006.9605,172.6192,-0.3825,-0.0005,0.0110,pathgraph
37.9997,99191.4167,85006.5872,172.6270,-0.3830,-0.0005,0.0109,pathgraph
38.9997,99192.3442,85006.2132,172.6279,-0.3835,-0.0005,0.0108,pathgraph
39.9997,99193.2716,85005.8391,172.6288,-0.3840,-0.0005,0.0106,pathgraph
40.9997,99194.1985,85005.4639,172.6421,-0.3845,-0.0005,0.0102,pathgraph
41.9997,99195.1254,85005.0887,172.6553,-0.3850,-0.0005,0.0099,pathgraph
42.9997,99196.0521,85004.7129,172.6643,-0.3855,-0.0005,0.0093,pathgraph
43.9997,99196.9785,85004.3365,172.6692,-0.3859,-0.0004,0.0088,pathgraph
44.9997,99197.9050,85003.9600,172.6742,-0.3863,-0.0003,0.0082,pathgraph
45.9997,99198.8313,85003.5833,172.6793,-0.3866,-0.0003,0.0075,pathgraph
46.9996,99199.7574,85003.2061,172.6848,-0.3869,-0.0002,0.0068,pathgraph
47.9996,99200.6834,85002.8286,172.6984,-0.3870,-0.0001,0.0062,pathgraph
48.9996,99201.6095,85002.4512,172.7121,-0.3871,-0.0001,0.0060,pathgraph
49.9996,99202.5355,85002.0737,172.7257,-0.3872,-0.0000,0.0060,pathgraph
50.9996,99203.4614,85001.6961,172.7339,-0.3871,0.0000,0.0058,pathgraph
51.9996,99204.3874,85001.3186,172.7422,-0.3871,0.0001,0.0054,pathgraph
52.9996,99205.3135,85000.9412,172.7474,-0.3870,0.0001,0.0052,pathgraph
53.9996,99206.2396,85000.5640,172.7496,-0.3868,0.0002,0.0053,pathgraph
54.9996,99207.1657,85000.1868,172.7519,-0.3867,0.0002,0.0054,pathgraph
55.9996,99208.0918,84999.8096,172.7541,-0.3865,0.0002,0.0054,pathgraph
56.9996,99209.0182,84999.4330,172.7538,-0.3863,0.0002,0.0055,pathgraph
57.9996,99209.9446,84999.0564,172.7535,-0.3861,0.0002,0.0053,pathgraph
58.9996,99210.8709,84998.6797,172.7532,-0.3859,0.0002,0.0048,pathgraph
59.9996,99211.7974,84998.3034,172.7537,-0.3857,0.0002,0.0046,pathgraph
60.9995,99212.7240,84997.9273,172.7551,-0.3855,0.0002,0.0046,pathgraph
61.9995,99213.6506,84997.5515,172.7593,-0.3854,0.0002,0.0048,pathgraph
62.9995,99214.5774,84997.1758,172.7664,-0.3853,0.0002,0.0047,pathgraph
63.9995,99215.5041,84996.8001,172.7735,-0.3853,0.0001,0.0046,pathgraph
64.9995,99216.4309,84996.4244,172.7806,-0.3852,0.0001,0.0046,pathgraph
65.9995,99217.3576,84996.0488,172.7876,-0.3852,0.0001,0.0046,pathgraph
66.9995,99218.2844,84995.6731,172.7947,-0.3851,0.0002,0.0048,pathgraph
67.9995,99219.2113,84995.2979,172.7996,-0.3848,0.0002,0.0051,pathgraph
68.9995,99220.1382,84994.9227,172.8045,-0.3845,0.0002,0.0054,pathgraph
69.9995,99221.0652,84994.5475,172.8095,-0.3843,0.0002,0.0058,pathgraph
70.9995,99221.9924,84994.1729,172.8208,-0.3841,0.0002,0.0061,pathgraph
71.9995,99222.9195,84993.7983,172.8322,-0.3839,0.0002,0.0063,pathgraph
72.9995,99223.8467,84993.4237,172.8434,-0.3837,0.0002,0.0063,pathgraph
73.9994,99224.7740,84993.0495,172.8448,-0.3837,0.0001,0.0062,pathgraph
74.9994,99225.7014,84992.6752,172.8461,-0.3836,0.0000,0.0060,pathgraph
75.9994,99226.6287,84992.3010,172.8474,-0.3836,-0.0000,0.0058,pathgraph
76.9994,99227.5560,84991.9267,172.8513,-0.3836,-0.0001,0.0057,pathgraph
77.9994,99228.4833,84991.5524,172.8576,-0.3837,-0.0001,0.0057,pathgraph
78.9994,99229.4106,84991.1780,172.8639,-0.3838,-0.0001,0.0057,pathgraph
79.9994,99230.3377,84990.8034,172.8707,-0.3840,-0.0002,0.0057,pathgraph
80.9994,99231.2648,84990.4285,172.8780,-0.3842,-0.0002,0.0055,pathgraph
81.9994,99232.1918,84990.0536,172.8852,-0.3844,-0.0002,0.0051,pathgraph
82.9994,99233.1189,84989.6787,172.8925,-0.3846,-0.0002,0.0049,pathgraph
83.9994,99234.0460,84989.3038,172.8997,-0.3848,-0.0002,0.0050,pathgraph
84.9994,99234.9727,84988.9282,172.9023,-0.3850,-0.0002,0.0053,pathgraph
85.9994,99235.8995,84988.5526,172.9050,-0.3851,-0.0002,0.0065,pathgraph
86.9994,99236.8263,84988.1769,172.9077,-0.3853,-0.0001,0.0089,pathgraph
87.9993,99237.7529,84987.8010,172.9134,-0.3854,-0.0001,0.0097,pathgraph
88.9993,99238.6795,84987.4250,172.9190,-0.3854,-0.0000,0.0089,pathgraph
89.9993,99239.6061,84987.0490,172.9246,-0.3855,0.0000,0.0080,pathgraph
90.9993,99240.5328,84986.6731,172.9280,-0.3854,0.0001,0.0071,pathgraph
91.9993,99241.4594,84986.2972,172.9314,-0.3853,0.0001,0.0062,pathgraph
92.9993,99242.3861,84985.9215,172.9369,-0.3851,0.0001,0.0053,pathgraph
93.9993,99243.3130,84985.5461,172.9445,-0.3848,0.0002,0.0049,pathgraph
94.9993,99244.2398,84985.1706,172.9521,-0.3845,0.0003,0.0050,pathgraph
95.9993,99245.1667,84984.7952,172.9597,-0.3842,0.0004,0.0052,pathgraph
96.9993,99246.0937,84984.4203,173.0089,-0.3838,0.0003,0.0054,pathgraph
97.9993,99247.0210,84984.0460,173.0644,-0.3836,0.0001,0.0054,pathgraph
98.9993,99247.9484,84983.6718,173.0527,-0.3835,0.0001,0.0052,pathgraph
99.9993,99248.8757,84983.2976,173.0411,-0.3834,0.0002,0.0049,pathgraph
100.9992,99249.8031,84982.9235,173.0294,-0.3833,0.0002,0.0048,pathgraph
101.9992,99250.7304,84982.5493,173.0178,-0.3832,0.0002,0.0048,pathgraph
102.9992,99251.6578,84982.1751,173.0061,-0.3831,0.0002,0.0050,pathgraph
103.9992,99252.5851,84981.8010,172.9946,-0.3830,0.0002,0.0050,pathgraph
104.9992,99253.5128,84981.4275,173.0016,-0.3829,0.0002,0.0050,pathgraph
105.9992,99254.4404,84981.0540,173.0085,-0.3829,0.0001,0.0049,pathgraph
106.9992,99255.3681,84980.6806,173.0155,-0.3828,-0.0000,0.0038,pathgraph
107.9992,99256.2957,84980.3071,173.0224,-0.3827,-0.0001,0.0015,pathgraph
108.9992,99257.2233,84979.9336,173.0237,-0.3828,-0.0001,0.0007,pathgraph
109.9992,99258.1509,84979.5600,173.0250,-0.3828,-0.0001,0.0018,pathgraph
110.9992,99259.0785,84979.1864,173.0263,-0.3829,-0.0001,0.0030,pathgraph
111.9992,99260.0061,84978.8128,173.0277,-0.3830,-0.0000,0.0041,pathgraph
112.9992,99260.9336,84978.4391,173.0349,-0.3830,-0.0000,0.0050,pathgraph
113.9991,99261.8612,84978.0655,173.0422,-0.3829,-0.0000,0.0059,pathgraph
114.9991,99262.7887,84977.6918,173.0495,-0.3829,0.0000,0.0063,pathgraph
115.9991,99263.7162,84977.3181,173.0568,-0.3829,0.0000,0.0062,pathgraph
116.9991,99264.6438,84976.9444,173.0621,-0.3830,-0.0000,0.0062,pathgraph
117.9991,99265.5714,84976.5708,173.0655,-0.3831,-0.0001,0.0061,pathgraph
118.9991,99266.4990,84976.1972,173.0690,-0.3832,-0.0002,0.0062,pathgraph
119.9991,99267.4266,84975.8236,173.0775,-0.3828,0.0001,0.0065,pathgraph
120.9991,99268.3542,84975.4501,173.0911,-0.3820,0.0010,0.0067,pathgraph
121.9991,99269.2818,84975.0766,173.1046,-0.3811,0.0018,0.0069,pathgraph
122.9991,99270.2105,84974.7058,173.1143,-0.3803,0.0019,0.0070,pathgraph
123.9991,99271.1402,84974.3376,173.1204,-0.3796,0.0013,0.0069,pathgraph
124.9991,99272.0700,84973.9694,173.1265,-0.3788,0.0008,0.0069,pathgraph
125.9991,99272.9997,84973.6013,173.1326,-0.3780,0.0002,0.0068,pathgraph
126.9990,99273.9295,84973.2331,173.1387,-0.3773,-0.0003,0.0068,pathgraph
127.9990,99274.8591,84972.8646,173.1448,-0.3767,-0.0009,0.0068,pathgraph
128.9990,99275.7877,84972.4934,173.1509,-0.3774,-0.0008,0.0068,pathgraph
129.9990,99276.7162,84972.1222,173.1569,-0.3782,-0.0008,0.0068,pathgraph
130.9990,99277.6447,84971.7510,173.1629,-0.3790,-0.0008,0.0065,pathgraph
131.9990,99278.5733,84971.3797,173.1689,-0.3798,-0.0008,0.0060,pathgraph
132.9990,99279.5018,84971.0085,173.1749,-0.3806,-0.0007,0.0057,pathgraph
133.9990,99280.4303,84970.6373,173.1810,-0.3813,-0.0007,0.0056,pathgraph
134.9990,99281.3589,84970.2661,173.1870,-0.3821,-0.0007,0.0055,pathgraph
135.9990,99282.2874,84969.8948,173.1930,-0.3829,-0.0007,0.0054,pathgraph
136.9990,99283.2158,84969.5232,173.1989,-0.3836,-0.0006,0.0053,pathgraph
137.9990,99284.1426,84969.1477,173.2036,-0.3837,-0.0005,0.0053,pathgraph
138.9990,99285.0694,84968.7722,173.2082,-0.3838,-0.0004,0.0052,pathgraph
139.9990,99285.9962,84968.3966,173.2129,-0.3839,-0.0003,0.0051,pathgraph
140.9989,99286.9230,84968.0211,173.2176,-0.3841,-0.0002,0.0050,pathgraph
141.9989,99287.8498,84967.6456,173.2223,-0.3842,-0.0001,0.0050,pathgraph
142.9989,99288.7766,84967.2700,173.2270,-0.3843,0.0000,0.0049,pathgraph
143.9989,99289.7034,84966.8945,173.2316,-0.3844,0.0002,0.0048,pathgraph
144.9989,99290.6302,84966.5190,173.2363,-0.3845,0.0003,0.0048,pathgraph
145.9989,99291.5570,84966.1434,173.2410,-0.3846,0.0004,0.0047,pathgraph
146.9989,99292.4841,84965.7686,173.2456,-0.3846,0.0004,0.0046,pathgraph
147.9989,99293.4114,84965.3944,173.2501,-0.3844,0.0003,0.0046,pathgraph
148.9989,99294.3387,84965.0201,173.2546,-0.3843,0.0003,0.0045,pathgraph
149.9989,99295.2660,84964.6459,173.2591,-0.3842,0.0002,0.0045,pathgraph
150.9989,99296.1934,84964.2717,173.2636,-0.3841,0.0001,0.0045,pathgraph
151.9989,99297.1207,84963.8974,173.2681,-0.3840,0.0001,0.0045,pathgraph
152.9989,99298.0480,84963.5232,173.2726,-0.3839,0.0000,0.0045,pathgraph
153.9988,99298.9753,84963.1489,173.2771,-0.3838,-0.0000,0.0045,pathgraph
154.9988,99299.9027,84962.7747,173.2816,-0.3837,-0.0001,0.0045,pathgraph
155.9988,99300.8300,84962.4004,173.2860,-0.3836,-0.0002,0.0044,pathgraph
156.9988,99301.7573,84962.0261,173.2904,-0.3836,-0.0000,0.0044,pathgraph
157.9988,99302.6846,84961.6518,173.2948,-0.3837,0.0001,0.0044,pathgraph
158.9988,99303.6118,84961.2775,173.2992,-0.3837,0.0000,0.0044,pathgraph
159.9988,99304.5391,84960.9031,173.3036,-0.3838,-0.0000,0.0044,pathgraph
160.9988,99305.4664,84960.5288,173.3079,-0.3839,-0.0001,0.0044,pathgraph
161.9988,99306.3937,84960.1545,173.3123,-0.3839,-0.0001,0.0043,pathgraph
162.9988,99307.3210,84959.7802,173.3167,-0.3840,-0.0001,0.0043,pathgraph
163.9988,99308.2483,84959.4059,173.3211,-0.3840,-0.0002,0.0043,pathgraph
164.9988,99309.1756,84959.0315,173.3254,-0.3841,-0.0002,0.0043,pathgraph
165.9988,99310.1026,84958.6564,173.3297,-0.3842,-0.0002,0.0043,pathgraph
166.9987,99311.0293,84958.2808,173.3339,-0.3844,-0.0002,0.0043,pathgraph
167.9987,99311.9561,84957.9051,173.3382,-0.3846,-0.0002,0.0042,pathgraph
168.9987,99312.8828,84957.5295,173.3424,-0.3848,-0.0002,0.0042,pathgraph
169.9987,99313.8096,84957.1539,173.3466,-0.3850,-0.0002,0.0042,pathgraph
170.9987,99314.7364,84956.7782,173.3508,-0.3852,-0.0002,0.0042,pathgraph
171.9987,99315.6631,84956.4026,173.3550,-0.3854,-0.0002,0.0042,pathgraph
172.9987,99316.5899,84956.0269,173.3593,-0.3855,-0.0002,0.0042,pathgraph
173.9987,99317.5166,84955.6513,173.3635,-0.3857,-0.0001,0.0041,pathgraph
174.9987,99318.4434,84955.2756,173.3677,-0.3859,-0.0001,0.0041,pathgraph
175.9987,99319.3698,84954.8992,173.3717,-0.3858,-0.0001,0.0041,pathgraph
176.9987,99320.2963,84954.5228,173.3757,-0.3857,-0.0000,0.0041,pathgraph
177.9987,99321.2227,84954.1465,173.3797,-0.3857,0.0000,0.0040,pathgraph
178.9987,99322.1492,84953.7701,173.3837,-0.3856,0.0000,0.0040,pathgraph
179.9987,99323.0757,84953.3937,173.3878,-0.3855,0.0001,0.0040,pathgraph
180.9986,99324.0021,84953.0173,173.3918,-0.3854,0.0001,0.0040,pathgraph
181.9986,99324.9286,84952.6410,173.3958,-0.3854,0.0002,0.0040,pathgraph
182.9986,99325.8550,84952.2646,173.3998,-0.3853,0.0002,0.0039,pathgraph
183.9986,99326.7815,84951.8882,173.4038,-0.3852,0.0003,0.0039,pathgraph
184.9986,99327.7083,84951.5127,173.4077,-0.3851,0.0003,0.0039,pathgraph
185.9986,99328.6353,84951.1378,173.4115,-0.3850,0.0002,0.0038,pathgraph
186.9986,99329.5624,84950.7628,173.4153,-0.3848,0.0002,0.0038,pathgraph
187.9986,99330.4894,84950.3879,173.4191,-0.3847,0.0002,0.0038,pathgraph
188.9986,99331.4165,84950.0130,173.4229,-0.3845,0.0001,0.0038,pathgraph
189.9986,99332.3435,84949.6380,173.4266,-0.3844,0.0001,0.0037,pathgraph
190.9986,99333.2706,84949.2631,173.4304,-0.3842,0.0001,0.0037,pathgraph
191.9986,99334.1976,84948.8882,173.4342,-0.3841,0.0000,0.0037,pathgraph
192.9986,99335.1247,84948.5132,173.4380,-0.3840,0.0000,0.0037,pathgraph
193.9985,99336.0518,84948.1386,173.4416,-0.3839,0.0000,0.0036,pathgraph
194.9985,99336.9790,84947.7641,173.4451,-0.3839,0.0000,0.0036,pathgraph
195.9985,99337.9063,84947.3896,173.4486,-0.3839,0.0000,0.0036,pathgraph
196.9985,99338.8335,84947.0151,173.4521,-0.3838,0.0000,0.0035,pathgraph
197.9985,99339.7607,84946.6406,173.4556,-0.3838,0.0000,0.0035,pathgraph
198.9985,99340.6879,84946.2662,173.4591,-0.3838,0.0000,0.0035,pathgraph
199.9985,99341.6152,84945.8917,173.4627,-0.3838,0.0000,0.0034,pathgraph
200.9985,99342.5424,84945.5172,173.4662,-0.3838,0.0000,0.0034,pathgraph
201.9985,99343.4696,84945.1427,173.4697,-0.3837,0.0000,0.0034,pathgraph
202.9985,99344.3968,84944.7682,173.4731,-0.3837,0.0000,0.0033,pathgraph
203.9985,99345.3242,84944.3940,173.4763,-0.3837,0.0000,0.0033,pathgraph
204.9985,99346.2515,84944.0198,173.4795,-0.3837,0.0000,0.0033,pathgraph
205.9985,99347.1788,84943.6456,173.4827,-0.3836,0.0000,0.0032,pathgraph
206.9985,99348.1062,84943.2714,173.4859,-0.3836,0.0000,0.0032,pathgraph
207.9984,99349.0335,84942.8971,173.4891,-0.3836,0.0000,0.0032,pathgraph
208.9984,99349.9608,84942.5229,173.4923,-0.3835,0.0000,0.0031,pathgraph
209.9984,99350.8882,84942.1487,173.4955,-0.3835,0.0000,0.0031,pathgraph
210.9984,99351.8155,84941.7745,173.4987,-0.3835,0.0000,0.0032,pathgraph
211.9984,99352.7428,84941.4003,173.5019,-0.3835,0.0000,0.0044,pathgraph
212.9984,99353.6702,84941.0260,173.5049,-0.3835,0.0000,0.0066,pathgraph
213.9984,99354.5975,84940.6517,173.5077,-0.3835,-0.0000,0.0074,pathgraph
214.9984,99355.5248,84940.2775,173.5105,-0.3836,-0.0000,0.0067,pathgraph
215.9984,99356.4521,84939.9032,173.5134,-0.3837,-0.0000,0.0060,pathgraph
216.9984,99357.3794,84939.5289,173.5162,-0.3837,-0.0001,0.0054,pathgraph
217.9984,99358.3067,84939.1546,173.5191,-0.3838,-0.0001,0.0047,pathgraph
218.9984,99359.2340,84938.7804,173.5219,-0.3839,-0.0001,0.0040,pathgraph
219.9984,99360.1613,84938.4061,173.5248,-0.3839,-0.0001,0.0033,pathgraph
220.9983,99361.0886,84938.0318,173.5276,-0.3840,-0.0001,0.0028,pathgraph
221.9983,99362.0159,84937.6575,173.5345,-0.3841,-0.0001,0.0027,pathgraph
222.9983,99362.9431,84937.2828,173.5845,-0.3840,0.0000,0.0026,pathgraph
223.9983,99363.8702,84936.9081,173.6345,-0.3840,0.0002,0.0026,pathgraph
224.9983,99364.7976,84936.5341,173.6246,-0.3838,0.0002,0.0025,pathgraph
225.9983,99365.7251,84936.1601,173.6135,-0.3837,0.0002,0.0025,pathgraph
226.9983,99366.6525,84935.7862,173.6025,-0.3835,0.0002,0.0025,pathgraph
227.9983,99367.5799,84935.4122,173.5915,-0.3833,0.0001,0.0024,pathgraph
228.9983,99368.5074,84935.0383,173.5805,-0.3832,0.0001,0.0024,pathgraph
229.9983,99369.4348,84934.6643,173.5694,-0.3830,0.0001,0.0024,pathgraph
230.9983,99370.3622,84934.2903,173.5584,-0.3829,0.0001,0.0023,pathgraph
231.9983,99371.2898,84933.9166,173.5551,-0.3828,0.0001,0.0022,pathgraph
232.9983,99372.2174,84933.5432,173.5572,-0.3828,0.0000,0.0009,pathgraph
233.9982,99373.1450,84933.1697,173.5593,-0.3829,0.0000,-0.0014,pathgraph
234.9982,99374.0727,84932.7962,173.5614,-0.3829,-0.0000,-0.0023,pathgraph
235.9982,99375.0003,84932.4227,173.5635,-0.3829,-0.0000,-0.0017,pathgraph
236.9982,99375.9279,84932.0492,173.5656,-0.3830,-0.0001,-0.0011,pathgraph
237.9982,99376.8555,84931.6757,173.5677,-0.3830,-0.0001,-0.0005,pathgraph
238.9982,99377.7832,84931.3022,173.5698,-0.3830,-0.0001,0.0001,pathgraph
239.9982,99378.7108,84930.9287,173.5719,-0.3831,-0.0001,0.0007,pathgraph
240.9982,99379.6384,84930.5552,173.5740,-0.3831,-0.0002,0.0013,pathgraph
241.9982,99380.5657,84930.1810,173.5757,-0.3832,-0.0001,0.0017,pathgraph
242.9982,99381.4931,84929.8068,173.5774,-0.3832,-0.0001,0.0018,pathgraph
243.9982,99382.4204,84929.4326,173.5791,-0.3833,-0.0001,0.0018,pathgraph
244.9982,99383.3478,84929.0584,173.5808,-0.3833,-0.0000,0.0017,pathgraph
245.9982,99384.2751,84928.6842,173.5825,-0.3834,-0.0000,0.0017,pathgraph
246.9982,99385.2024,84928.3100,173.5842,-0.3834,0.0000,0.0016,pathgraph
247.9981,99386.1298,84927.9358,173.5859,-0.3835,0.0001,0.0016,pathgraph
248.9981,99387.0571,84927.5616,173.5877,-0.3835,0.0001,0.0016,pathgraph
249.9981,99387.9844,84927.1874,173.5894,-0.3836,0.0001,0.0015,pathgraph
250.9981,99388.9118,84926.8133,173.5908,-0.3834,0.0003,0.0015,pathgraph
251.9981,99389.8392,84926.4392,173.5921,-0.3830,0.0006,0.0014,pathgraph
252.9981,99390.7667,84926.0652,173.5934,-0.3830,0.0007,0.0014,pathgraph
253.9981,99391.6941,84925.6912,173.5946,-0.3838,0.0002,0.0013,pathgraph
254.9981,99392.6215,84925.3172,173.5959,-0.3846,-0.0003,0.0013,pathgraph
255.9981,99393.5489,84924.9432,173.5972,-0.3854,-0.0007,0.0012,pathgraph
256.9981,99394.4763,84924.5691,173.5985,-0.3862,-0.0012,0.0012,pathgraph
257.9981,99395.4037,84924.1951,173.5997,-0.3870,-0.0016,0.0011,pathgraph
258.9981,99396.3311,84923.8211,173.6010,-0.3878,-0.0021,0.0011,pathgraph
259.9981,99397.2583,84923.4464,173.6023,-0.3887,-0.0025,0.0010,pathgraph
260.9980,99398.1824,84923.0643,173.6032,-0.3900,-0.0019,0.0010,pathgraph
261.9980,99399.1065,84922.6821,173.6041,-0.3914,-0.0013,0.0009,pathgraph
262.9980,99400.0306,84922.3000,173.6051,-0.3927,-0.0008,0.0009,pathgraph
263.9980,99400.9546,84921.9178,173.6060,-0.3938,-0.0002,0.0008,pathgraph
264.9980,99401.8784,84921.5348,173.6067,-0.3931,0.0003,0.0008,pathgraph
265.9980,99402.8021,84921.1519,173.6075,-0.3923,0.0007,0.0007,pathgraph
266.9980,99403.7259,84920.7689,173.6082,-0.3915,0.0012,0.0007,pathgraph
267.9980,99404.6497,84920.3860,173.6089,-0.3908,0.0016,0.0006,pathgraph
268.9980,99405.5750,84920.0069,173.6094,-0.3899,0.0017,0.0005,pathgraph
269.9980,99406.5016,84919.6307,173.6098,-0.3889,0.0015,0.0005,pathgraph
270.9980,99407.4281,84919.2545,173.6102,-0.3880,0.0012,0.0004,pathgraph
271.9980,99408.3546,84918.8783,173.6106,-0.3870,0.0010,0.0004,pathgraph
272.9979,99409.2811,84918.5021,173.6110,-0.3861,0.0007,0.0003,pathgraph
273.9979,99410.2077,84918.1259,173.6114,-0.3851,0.0005,0.0003,pathgraph
274.9979,99411.1342,84917.7497,173.6118,-0.3842,0.0003,0.0002,pathgraph
275.9979,99412.0608,84917.3737,173.6121,-0.3833,0.0001,0.0002,pathgraph
276.9979,99412.9882,84916.9997,173.6120,-0.3833,0.0000,0.0001,pathgraph
277.9979,99413.9156,84916.6257,173.6119,-0.3834,0.0000,0.0000,pathgraph
278.9979,99414.8431,84916.2517,173.6117,-0.3834,0.0000,-0.0000,pathgraph
279.9979,99415.7705,84915.8776,173.6116,-0.3834,-0.0000,-0.0001,pathgraph
280.9979,99416.6979,84915.5036,173.6115,-0.3834,-0.0000,-0.0002,pathgraph
281.9979,99417.6253,84915.1296,173.6113,-0.3835,-0.0000,-0.0002,pathgraph
282.9979,99418.5527,84914.7556,173.6112,-0.3835,-0.0000,-0.0003,pathgraph
283.9979,99419.4801,84914.3816,173.6111,-0.3835,-0.0001,-0.0003,pathgraph
284.9979,99420.4076,84914.0076,173.6110,-0.3835,-0.0001,-0.0004,pathgraph
285.9979,99421.3349,84913.6335,173.6108,-0.3835,-0.0001,-0.0005,pathgraph
286.9978,99422.2621,84913.2588,173.6100,-0.3837,-0.0001,-0.0005,pathgraph
287.9978,99423.1892,84912.8841,173.6093,-0.3838,-0.0001,-0.0006,pathgraph
288.9978,99424.1164,84912.5094,173.6086,-0.3839,-0.0001,-0.0006,pathgraph
289.9978,99425.0435,84912.1347,173.6078,-0.3841,-0.0001,-0.0007,pathgraph
290.9978,99425.9706,84911.7600,173.6071,-0.3842,-0.0001,-0.0008,pathgraph
291.9978,99426.8978,84911.3853,173.6064,-0.3843,-0.0001,-0.0008,pathgraph
292.9978,99427.8249,84911.0106,173.6056,-0.3845,-0.0002,-0.0009,pathgraph
293.9978,99428.7520,84910.6359,173.6049,-0.3846,-0.0002,-0.0009,pathgraph
294.9978,99429.6792,84910.2612,173.6041,-0.3847,-0.0002,-0.0010,pathgraph
295.9978,99430.6060,84909.8858,173.6030,-0.3848,-0.0002,-0.0011,pathgraph
296.9978,99431.5327,84909.5098,173.6017,-0.3849,-0.0002,-0.0012,pathgraph
297.9978,99432.4593,84909.1339,173.6003,-0.3851,-0.0001,-0.0012,pathgraph
298.9978,99433.3859,84908.7580,173.5989,-0.3852,-0.0001,-0.0013,pathgraph
299.9977,99434.3126,84908.3821,173.5976,-0.3853,-0.0001,-0.0014,pathgraph
300.9977,99435.2392,84908.0061,173.5962,-0.3854,-0.0001,-0.0014,pathgraph
301.9977,99436.1659,84907.6302,173.5949,-0.3855,-0.0001,-0.0015,pathgraph
302.9977,99437.0925,84907.2543,173.5935,-0.3856,-0.0001,-0.0015,pathgraph
303.9977,99438.0192,84906.8784,173.5921,-0.3857,-0.0001,-0.0016,pathgraph
304.9977,99438.9458,84906.5024,173.5907,-0.3858,-0.0001,-0.0017,pathgraph
305.9977,99439.8723,84906.1262,173.5887,-0.3858,-0.0000,-0.0018,pathgraph
306.9977,99440.7988,84905.7500,173.5867,-0.3857,-0.0000,-0.0018,pathgraph
307.9977,99441.7254,84905.3738,173.5848,-0.3856,0.0000,-0.0019,pathgraph
308.9977,99442.6519,84904.9975,173.5828,-0.3856,0.0000,-0.0020,pathgraph
309.9977,99443.5784,84904.6213,173.5808,-0.3855,0.0001,-0.0020,pathgraph
310.9977,99444.5049,84904.2451,173.5788,-0.3854,0.0001,-0.0021,pathgraph
311.9977,99445.4314,84903.8689,173.5768,-0.3854,0.0001,-0.0021,pathgraph
312.9977,99446.3580,84903.4927,173.5748,-0.3853,0.0001,-0.0022,pathgraph
313.9976,99447.2845,84903.1164,173.5728,-0.3853,0.0002,-0.0023,pathgraph
314.9976,99448.2113,84902.7409,173.5704,-0.3851,0.0002,-0.0024,pathgraph
315.9976,99449.1383,84902.3659,173.5678,-0.3850,0.0002,-0.0024,pathgraph
316.9976,99450.0653,84901.9908,173.5652,-0.3848,0.0002,-0.0025,pathgraph
317.9976,99450.9923,84901.6158,173.5626,-0.3847,0.0002,-0.0026,pathgraph
318.9976,99451.9193,84901.2407,173.5599,-0.3845,0.0002,-0.0026,pathgraph
319.9976,99452.8463,84900.8657,173.5573,-0.3844,0.0001,-0.0027,pathgraph
320.9976,99453.7733,84900.4906,173.5547,-0.3842,0.0001,-0.0027,pathgraph
321.9976,99454.7003,84900.1156,173.5521,-0.3841,0.0001,-0.0028,pathgraph
322.9976,99455.6273,84899.7405,173.5495,-0.3839,0.0001,-0.0029,pathgraph
323.9976,99456.5543,84899.3655,173.5468,-0.3838,0.0001,-0.0029,pathgraph
324.9976,99457.4817,84898.9916,173.5435,-0.3837,0.0001,-0.0030,pathgraph
325.9976,99458.4092,84898.6176,173.5403,-0.3836,0.0001,-0.0031,pathgraph
326.9975,99459.3366,84898.2437,173.5370,-0.3835,0.0001,-0.0031,pathgraph
327.9975,99460.2640,84897.8697,173.5338,-0.3834,0.0001,-0.0032,pathgraph
328.9975,99461.1915,84897.4957,173.5305,-0.3833,0.0001,-0.0033,pathgraph
329.9975,99462.1189,84897.1218,173.5273,-0.3832,0.0001,-0.0033,pathgraph
330.9975,99463.0463,84896.7478,173.5240,-0.3831,0.0001,-0.0034,pathgraph
331.9975,99463.9738,84896.3738,173.5208,-0.3830,0.0001,-0.0034,pathgraph
332.9975,99464.9012,84895.9999,173.5175,-0.3829,0.0001,-0.0035,pathgraph
333.9975,99465.8288,84895.6262,173.5139,-0.3829,0.0001,-0.0036,pathgraph
334.9975,99466.7564,84895.2527,173.5101,-0.3829,0.0000,-0.0037,pathgraph
335.9975,99467.6840,84894.8792,173.5062,-0.3829,0.0000,-0.0037,pathgraph
336.9975,99468.6116,84894.5057,173.5023,-0.3829,0.0000,-0.0038,pathgraph
337.9975,99469.5392,84894.1322,173.4985,-0.3829,-0.0000,-0.0038,pathgraph
338.9975,99470.4669,84893.7587,173.4946,-0.3829,-0.0000,-0.0039,pathgraph
339.9974,99471.3945,84893.3852,173.4908,-0.3829,-0.0000,-0.0040,pathgraph
340.9974,99472.3221,84893.0117,173.4869,-0.3830,-0.0001,-0.0040,pathgraph
341.9974,99473.2497,84892.6381,173.4830,-0.3830,-0.0001,-0.0041,pathgraph
342.9974,99474.1773,84892.2646,173.4791,-0.3830,-0.0001,-0.0042,pathgraph
343.9974,99475.1048,84891.8908,173.4747,-0.3830,-0.0001,-0.0042,pathgraph
344.9974,99476.0323,84891.5170,173.4702,-0.3830,-0.0001,-0.0043,pathgraph
345.9974,99476.9598,84891.1431,173.4657,-0.3830,-0.0000,-0.0044,pathgraph
346.9974,99477.8873,84890.7693,173.4613,-0.3830,-0.0000,-0.0044,pathgraph
347.9974,99478.8148,84890.3955,173.4568,-0.3830,-0.0000,-0.0045,pathgraph
348.9974,99479.7423,84890.0216,173.4524,-0.3831,0.0000,-0.0045,pathgraph
349.9974,99480.6697,84889.6478,173.4479,-0.3831,0.0000,-0.0046,pathgraph
350.9974,99481.5972,84889.2740,173.4434,-0.3831,-0.0000,-0.0046,pathgraph
351.9974,99482.5247,84888.9001,173.4390,-0.3833,-0.0002,-0.0047,pathgraph
352.9974,99483.4519,84888.5254,173.4342,-0.3835,-0.0003,-0.0048,pathgraph
353.9973,99484.3788,84888.1501,173.4292,-0.3838,-0.0003,-0.0048,pathgraph
354.9973,99485.3057,84887.7748,173.4242,-0.3841,-0.0003,-0.0049,pathgraph
355.9973,99486.2325,84887.3995,173.4191,-0.3844,-0.0003,-0.0049,pathgraph
356.9973,99487.1594,84887.0242,173.4141,-0.3848,-0.0003,-0.0050,pathgraph
357.9973,99488.0863,84886.6489,173.4091,-0.3851,-0.0003,-0.0050,pathgraph
358.9973,99489.0132,84886.2736,173.4041,-0.3854,-0.0003,-0.0051,pathgraph
359.9973,99489.9401,84885.8983,173.3990,-0.3857,-0.0003,-0.0052,pathgraph
360.9973,99490.8670,84885.5230,173.3940,-0.3860,-0.0003,-0.0052,pathgraph
361.9973,99491.7939,84885.1476,173.3890,-0.3863,-0.0003,-0.0053,pathgraph
362.9973,99492.7206,84884.7718,173.3835,-0.3856,-0.0000,-0.0053,pathgraph
363.9973,99493.6473,84884.3961,173.3780,-0.3850,0.0002,-0.0054,pathgraph
364.9973,99494.5740,84884.0203,173.3725,-0.3843,0.0005,-0.0054,pathgraph
365.9973,99495.5007,84883.6445,173.3670,-0.3837,0.0008,-0.0055,pathgraph
366.9972,99496.4274,84883.2687,173.3616,-0.3831,0.0011,-0.0055,pathgraph
367.9972,99497.3541,84882.8929,173.3561,-0.3824,0.0014,-0.0056,pathgraph
368.9972,99498.2810,84882.5177,173.3506,-0.3817,0.0016,-0.0056,pathgraph
369.9972,99499.2104,84882.1485,173.3448,-0.3797,0.0018,-0.0057,pathgraph
370.9972,99500.1397,84881.7794,173.3391,-0.3776,0.0020,-0.0057,pathgraph
371.9972,99501.0691,84881.4102,173.3333,-0.3756,0.0022,-0.0058,pathgraph
372.9972,99501.9987,84881.0418,173.3275,-0.3736,0.0024,-0.0058,pathgraph
373.9972,99502.9313,84880.6808,173.3216,-0.3710,0.0025,-0.0059,pathgraph
374.9972,99503.8638,84880.3198,173.3157,-0.3684,0.0026,-0.0059,pathgraph
375.9972,99504.7964,84879.9588,173.3097,-0.3658,0.0027,-0.0059,pathgraph
376.9972,99505.7309,84879.6030,173.3037,-0.3631,0.0028,-0.0046,pathgraph
377.9971,99506.6669,84879.2509,173.2976,-0.3602,0.0028,-0.0025,pathgraph
378.9971,99507.6028,84878.8987,173.2915,-0.3574,0.0029,-0.0032,pathgraph
379.9971,99508.5391,84878.5474,173.2854,-0.3545,0.0030,-0.0055,pathgraph
380.9971,99509.4786,84878.2049,173.2792,-0.3516,0.0029,-0.0062,pathgraph
381.9971,99510.4181,84877.8624,173.2729,-0.3488,0.0028,-0.0062,pathgraph
382.9971,99511.3576,84877.5199,173.2667,-0.3459,0.0028,-0.0063,pathgraph
383.9971,99512.2991,84877.1831,173.2603,-0.3426,0.0029,-0.0063,pathgraph
384.9971,99513.2422,84876.8504,173.2539,-0.3390,0.0032,-0.0064,pathgraph
385.9971,99514.1852,84876.5176,173.2475,-0.3354,0.0035,-0.0064,pathgraph
386.9971,99515.1285,84876.1858,173.2454,-0.3320,0.0036,-0.0065,pathgraph
387.9971,99516.0749,84875.8630,173.2891,-0.3301,0.0021,-0.0065,pathgraph
388.9970,99517.0214,84875.5402,173.3218,-0.3282,0.0010,-0.0065,pathgraph
389.9970,99517.9681,84875.2179,173.2490,-0.3258,0.0033,-0.0066,pathgraph
390.9970,99518.9168,84874.9018,173.2150,-0.3220,0.0042,-0.0066,pathgraph
391.9970,99519.8670,84874.5902,173.2083,-0.3173,0.0042,-0.0066,pathgraph
392.9970,99520.8171,84874.2786,173.2017,-0.3126,0.0041,-0.0067,pathgraph
393.9970,99521.7696,84873.9739,173.1950,-0.3081,0.0041,-0.0067,pathgraph
394.9970,99522.7236,84873.6741,173.1882,-0.3039,0.0043,-0.0067,pathgraph
395.9970,99523.6776,84873.3744,173.1815,-0.2996,0.0044,-0.0068,pathgraph
396.9969,99524.6339,84873.0820,173.1747,-0.2953,0.0045,-0.0069,pathgraph
397.9969,99525.5918,84872.7949,173.1678,-0.2909,0.0044,-0.0082,pathgraph
398.9969,99526.5497,84872.5078,173.1610,-0.2865,0.0044,-0.0104,pathgraph
399.9969,99527.5097,84872.2280,173.1541,-0.2822,0.0043,-0.0098,pathgraph
400.9969,99528.4712,84871.9534,173.1471,-0.2779,0.0042,-0.0076,pathgraph
401.9969,99529.4328,84871.6787,173.1402,-0.2737,0.0042,-0.0070,pathgraph
402.9968,99530.3963,84871.4111,173.1332,-0.2695,0.0041,-0.0070,pathgraph
403.9968,99531.3612,84871.1485,173.1262,-0.2653,0.0042,-0.0070,pathgraph
404.9968,99532.3261,84870.8859,173.1192,-0.2612,0.0042,-0.0070,pathgraph
405.9968,99533.2928,84870.6304,173.1121,-0.2570,0.0042,-0.0071,pathgraph
406.9968,99534.2610,84870.3800,173.1050,-0.2528,0.0042,-0.0071,pathgraph
407.9968,99535.2291,84870.1295,173.0979,-0.2486,0.0042,-0.0071,pathgraph
408.9968,99536.1990,84869.8861,173.0908,-0.2445,0.0041,-0.0071,pathgraph
409.9968,99537.1701,84869.6477,173.0836,-0.2405,0.0040,-0.0072,pathgraph
410.9967,99538.1413,84869.4093,173.0764,-0.2365,0.0038,-0.0072,pathgraph
411.9967,99539.1140,84869.1772,173.0692,-0.2329,0.0036,-0.0072,pathgraph
412.9967,99540.0877,84868.9496,173.0619,-0.2296,0.0033,-0.0072,pathgraph
413.9967,99541.0614,84868.7220,173.0547,-0.2262,0.0031,-0.0073,pathgraph
414.9967,99542.0365,84868.5000,173.0474,-0.2231,0.0030,-0.0073,pathgraph
415.9967,99543.0124,84868.2821,173.0400,-0.2202,0.0029,-0.0073,pathgraph
416.9967,99543.9884,84868.0641,173.0327,-0.2173,0.0028,-0.0073,pathgraph
417.9967,99544.9645,84867.8470,173.0254,-0.2145,0.0028,-0.0074,pathgraph
418.9967,99545.9426,84867.6388,173.0180,-0.2116,0.0028,-0.0074,pathgraph
419.9967,99546.9207,84867.4305,173.0106,-0.2087,0.0029,-0.0074,pathgraph
420.9966,99547.8987,84867.2223,173.0031,-0.2058,0.0029,-0.0074,pathgraph
421.9966,99548.8780,84867.0199,172.9957,-0.2030,0.0029,-0.0075,pathgraph
422.9966,99549.8582,84866.8217,172.9882,-0.2001,0.0029,-0.0075,pathgraph
423.9966,99550.8383,84866.6235,172.9807,-0.1972,0.0029,-0.0075,pathgraph
424.9966,99551.8186,84866.4261,172.9732,-0.1943,0.0028,-0.0075,pathgraph
425.9966,99552.8007,84866.2374,172.9657,-0.1917,0.0027,-0.0075,pathgraph
426.9966,99553.7827,84866.0488,172.9581,-0.1891,0.0026,-0.0076,pathgraph
427.9966,99554.7647,84865.8601,172.9506,-0.1864,0.0025,-0.0076,pathgraph
428.9966,99555.7477,84865.6765,172.9430,-0.1839,0.0025,-0.0076,pathgraph
429.9966,99556.7314,84865.4965,172.9354,-0.1813,0.0025,-0.0076,pathgraph
430.9965,99557.7151,84865.3165,172.9277,-0.1788,0.0026,-0.0076,pathgraph
431.9965,99558.6989,84865.1373,172.9201,-0.1762,0.0027,-0.0077,pathgraph
432.9965,99559.6842,84864.9668,172.9124,-0.1732,0.0029,-0.0077,pathgraph
433.9965,99560.6695,84864.7962,172.9047,-0.1702,0.0031,-0.0077,pathgraph
434.9965,99561.6549,84864.6256,172.8970,-0.1672,0.0033,-0.0077,pathgraph
435.9965,99562.6412,84864.4613,172.8893,-0.1638,0.0035,-0.0077,pathgraph
436.9965,99563.6284,84864.3014,172.8815,-0.1601,0.0037,-0.0078,pathgraph
437.9965,99564.6155,84864.1415,172.8738,-0.1564,0.0039,-0.0078,pathgraph
438.9964,99565.6037,84863.9885,172.8660,-0.1524,0.0041,-0.0078,pathgraph
439.9964,99566.5927,84863.8405,172.8581,-0.1480,0.0043,-0.0078,pathgraph
440.9964,99567.5817,84863.6925,172.8503,-0.1437,0.0046,-0.0078,pathgraph
441.9964,99568.5717,84863.5518,172.8424,-0.1391,0.0047,-0.0079,pathgraph
442.9964,99569.5624,84863.4162,172.8346,-0.1342,0.0049,-0.0079,pathgraph
443.9964,99570.5533,84863.2817,172.8267,-0.1294,0.0050,-0.0079,pathgraph
444.9964,99571.5457,84863.1585,172.8187,-0.1244,0.0050,-0.0079,pathgraph
445.9964,99572.5381,84863.0352,172.8108,-0.1194,0.0050,-0.0080,pathgraph
446.9963,99573.5313,84862.9192,172.8028,-0.1146,0.0049,-0.0080,pathgraph
447.9963,99574.5251,84862.8081,172.7949,-0.1099,0.0046,-0.0080,pathgraph
448.9963,99575.5190,84862.6977,172.7869,-0.1053,0.0044,-0.0080,pathgraph
449.9963,99576.5138,84862.5962,172.7788,-0.1010,0.0042,-0.0080,pathgraph
450.9963,99577.5090,84862.4987,172.7708,-0.0970,0.0039,-0.0081,pathgraph
451.9963,99578.5043,84862.4020,172.7627,-0.0929,0.0037,-0.0081,pathgraph
452.9963,99579.5005,84862.3144,172.7546,-0.0892,0.0037,-0.0081,pathgraph
453.9963,99580.4966,84862.2267,172.7465,-0.0856,0.0037,-0.0081,pathgraph
454.9963,99581.4929,84862.1401,172.7384,-0.0819,0.0037,-0.0082,pathgraph
455.9963,99582.4899,84862.0637,172.7302,-0.0779,0.0039,-0.0082,pathgraph
456.9963,99583.4870,84861.9873,172.7220,-0.0740,0.0040,-0.0082,pathgraph
457.9962,99584.4841,84861.9119,172.7138,-0.0701,0.0042,-0.0082,pathgraph
458.9962,99585.4821,84861.8478,172.7056,-0.0659,0.0041,-0.0082,pathgraph
459.9962,99586.4800,84861.7836,172.6973,-0.0618,0.0041,-0.0083,pathgraph
460.9962,99587.4780,84861.7205,172.6890,-0.0577,0.0041,-0.0083,pathgraph
461.9962,99588.4766,84861.6685,172.6807,-0.0538,0.0040,-0.0083,pathgraph
462.9962,99589.4753,84861.6164,172.6724,-0.0499,0.0038,-0.0083,pathgraph
463.9962,99590.4740,84861.5653,172.6641,-0.0461,0.0037,-0.0084,pathgraph
464.9962,99591.4731,84861.5248,172.6557,-0.0430,0.0033,-0.0084,pathgraph
465.9962,99592.4723,84861.4843,172.6473,-0.0399,0.0030,-0.0084,pathgraph
466.9962,99593.4715,84861.4438,172.6389,-0.0368,0.0026,-0.0084,pathgraph
467.9961,99594.4708,84861.4088,172.6304,-0.0343,0.0024,-0.0085,pathgraph
468.9961,99595.4703,84861.3778,172.6220,-0.0321,0.0022,-0.0085,pathgraph
469.9961,99596.4699,84861.3467,172.6135,-0.0299,0.0021,-0.0085,pathgraph
470.9961,99597.4694,84861.3157,172.6050,-0.0277,0.0020,-0.0085,pathgraph
471.9961,99598.4690,84861.2894,172.5964,-0.0259,0.0019,-0.0085,pathgraph
472.9961,99599.4687,84861.2666,172.5879,-0.0242,0.0017,-0.0086,pathgraph
473.9961,99600.4685,84861.2437,172.5793,-0.0225,0.0016,-0.0086,pathgraph
474.9961,99601.4682,84861.2208,172.5707,-0.0209,0.0015,-0.0086,pathgraph
475.9961,99602.4679,84861.1986,172.5621,-0.0192,0.0014,-0.0086,pathgraph
476.9961,99603.4678,84861.1831,172.5534,-0.0176,0.0015,-0.0087,pathgraph
477.9961,99604.4677,84861.1676,172.5447,-0.0160,0.0016,-0.0087,pathgraph
478.9961,99605.4676,84861.1521,172.5360,-0.0144,0.0017,-0.0087,pathgraph
479.9960,99606.4674,84861.1367,172.5273,-0.0127,0.0018,-0.0087,pathgraph
480.9960,99607.4673,84861.1219,172.5186,-0.0111,0.0018,-0.0087,pathgraph
481.9960,99608.4673,84861.1149,172.5099,-0.0088,0.0021,-0.0088,pathgraph
482.9960,99609.4673,84861.1078,172.5011,-0.0065,0.0023,-0.0088,pathgraph
483.9960,99610.4672,84861.1008,172.4923,-0.0042,0.0025,-0.0088,pathgraph
484.9960,99611.4672,84861.0946,172.4835,-0.0019,0.0028,-0.0088,pathgraph
485.9960,99612.4672,84861.0973,172.4746,0.0008,0.0027,-0.0089,pathgraph
486.9960,99613.4672,84861.0999,172.4658,0.0034,0.0026,-0.0089,pathgraph
487.9960,99614.4672,84861.1026,172.4569,0.0061,0.0026,-0.0089,pathgraph
488.9960,99615.4671,84861.1106,172.4480,0.0088,0.0026,-0.0089,pathgraph
489.9960,99616.4670,84861.1224,172.4390,0.0114,0.0026,-0.0089,pathgraph
490.9959,99617.4670,84861.1342,172.4301,0.0141,0.0027,-0.0090,pathgraph
491.9959,99618.4669,84861.1469,172.4211,0.0168,0.0028,-0.0090,pathgraph
492.9959,99619.4666,84861.1687,172.4121,0.0200,0.0030,-0.0090,pathgraph
493.9959,99620.4664,84861.1904,172.4031,0.0231,0.0033,-0.0090,pathgraph
494.9959,99621.4661,84861.2122,172.3941,0.0263,0.0035,-0.0090,pathgraph
495.9959,99622.4657,84861.2407,172.3851,0.0298,0.0036,-0.0091,pathgraph
496.9959,99623.4651,84861.2739,172.3760,0.0335,0.0037,-0.0091,pathgraph
497.9959,99624.4646,84861.3070,172.3669,0.0373,0.0038,-0.0091,pathgraph
498.9959,99625.4638,84861.3469,172.3578,0.0411,0.0038,-0.0091,pathgraph
499.9958,99626.4628,84861.3915,172.3487,0.0449,0.0038,-0.0091,pathgraph
500.9958,99627.4618,84861.4360,172.3395,0.0487,0.0038,-0.0091,pathgraph
501.9958,99628.4604,84861.4873,172.3304,0.0526,0.0038,-0.0092,pathgraph
502.9958,99629.4588,84861.5434,172.3212,0.0565,0.0039,-0.0092,pathgraph
503.9958,99630.4573,84861.5994,172.3120,0.0603,0.0039,-0.0092,pathgraph
504.9958,99631.4553,84861.6624,172.3028,0.0643,0.0040,-0.0092,pathgraph
505.9958,99632.4529,84861.7302,172.2936,0.0683,0.0040,-0.0092,pathgraph
506.9958,99633.4506,84861.7981,172.2843,0.0723,0.0041,-0.0092,pathgraph
507.9957,99634.4478,84861.8729,172.2751,0.0763,0.0040,-0.0093,pathgraph
508.9957,99635.4446,84861.9528,172.2658,0.0802,0.0039,-0.0093,pathgraph
509.9957,99636.4414,84862.0326,172.2565,0.0840,0.0038,-0.0093,pathgraph
510.9957,99637.4377,84862.1189,172.2472,0.0876,0.0036,-0.0093,pathgraph
511.9957,99638.4335,84862.2097,172.2379,0.0910,0.0034,-0.0093,pathgraph
512.9957,99639.4294,84862.3005,172.2286,0.0944,0.0032,-0.0093,pathgraph
513.9957,99640.4247,84862.3970,172.2192,0.0974,0.0029,-0.0093,pathgraph
514.9957,99641.4196,84862.4976,172.2099,0.1001,0.0027,-0.0093,pathgraph
515.9956,99642.4145,84862.5981,172.2005,0.1028,0.0025,-0.0094,pathgraph
516.9956,99643.4094,84862.6995,172.1912,0.1054,0.0023,-0.0094,pathgraph
517.9956,99644.4034,84862.8090,172.1818,0.1072,0.0021,-0.0094,pathgraph
518.9956,99645.3973,84862.9184,172.1724,0.1091,0.0019,-0.0094,pathgraph
519.9956,99646.3913,84863.0279,172.1630,0.1109,0.0017,-0.0094,pathgraph
520.9956,99647.3853,84863.1374,172.1536,0.1128,0.0015,-0.0094,pathgraph
521.9956,99648.3788,84863.2511,172.1442,0.1141,0.0013,-0.0094,pathgraph
522.9956,99649.3720,84863.3679,172.1347,0.1152,0.0012,-0.0094,pathgraph
523.9956,99650.3651,84863.4846,172.1253,0.1162,0.0011,-0.0094,pathgraph
524.9956,99651.3583,84863.6013,172.1159,0.1172,0.0010,-0.0094,pathgraph
525.9956,99652.3514,84863.7181,172.1064,0.1183,0.0008,-0.0094,pathgraph
526.9956,99653.3446,84863.8348,172.0970,0.1193,0.0007,-0.0094,pathgraph
527.9955,99654.3374,84863.9542,172.0876,0.1199,0.0006,-0.0094,pathgraph
528.9955,99655.3300,84864.0755,172.0781,0.1201,0.0005,-0.0094,pathgraph
529.9955,99656.3226,84864.1968,172.0687,0.1204,0.0004,-0.0094,pathgraph
530.9955,99657.3152,84864.3181,172.0592,0.1207,0.0004,-0.0094,pathgraph
531.9955,99658.3078,84864.4394,172.0497,0.1209,0.0003,-0.0094,pathgraph
532.9955,99659.3005,84864.5607,172.0403,0.1212,0.0002,-0.0094,pathgraph
533.9955,99660.2931,84864.6820,172.0308,0.1215,0.0001,-0.0094,pathgraph
534.9955,99661.2857,84864.8033,172.0214,0.1217,0.0000,-0.0094,pathgraph
535.9955,99662.2783,84864.9246,172.0119,0.1220,-0.0000,-0.0094,pathgraph
536.9955,99663.2709,84865.0459,172.0025,0.1223,-0.0001,-0.0094,pathgraph
537.9955,99664.2634,84865.1677,171.9930,0.1222,-0.0001,-0.0094,pathgraph
538.9955,99665.2560,84865.2895,171.9836,0.1222,-0.0001,-0.0094,pathgraph
539.9955,99666.2485,84865.4113,171.9741,0.1222,-0.0000,-0.0094,pathgraph
540.9955,99667.2411,84865.5331,171.9647,0.1222,0.0000,-0.0094,pathgraph
541.9954,99668.2336,84865.6549,171.9552,0.1222,0.0000,-0.0094,pathgraph
542.9954,99669.2262,84865.7767,171.9458,0.1222,0.0001,-0.0094,pathgraph
543.9954,99670.2187,84865.8985,171.9363,0.1222,0.0000,-0.0094,pathgraph
544.9954,99671.2113,84866.0203,171.9269,0.1220,-0.0002,-0.0094,pathgraph
545.9954,99672.2038,84866.1421,171.9175,0.1218,-0.0004,-0.0094,pathgraph
546.9954,99673.1965,84866.2628,171.9080,0.1216,-0.0005,-0.0094,pathgraph
547.9954,99674.1893,84866.3827,171.8986,0.1213,-0.0004,-0.0094,pathgraph
548.9954,99675.1821,84866.5025,171.8892,0.1211,-0.0003,-0.0094,pathgraph
549.9954,99676.1748,84866.6224,171.8798,0.1209,-0.0003,-0.0094,pathgraph
550.9954,99677.1676,84866.7422,171.8704,0.1207,-0.0002,-0.0094,pathgraph
551.9954,99678.1604,84866.8621,171.8610,0.1204,-0.0002,-0.0094,pathgraph
552.9954,99679.1532,84866.9819,171.8516,0.1202,-0.0001,-0.0094,pathgraph
553.9954,99680.1460,84867.1018,171.8422,0.1200,-0.0000,-0.0094,pathgraph
554.9953,99681.1388,84867.2216,171.8328,0.1198,0.0000,-0.0094,pathgraph
555.9953,99682.1316,84867.3415,171.8234,0.1196,0.0001,-0.0094,pathgraph
556.9953,99683.1244,84867.4610,171.8141,0.1196,0.0001,-0.0094,pathgraph
557.9953,99684.1172,84867.5806,171.8047,0.1197,0.0001,-0.0094,pathgraph
558.9953,99685.1100,84867.7002,171.7954,0.1197,0.0001,-0.0093,pathgraph
559.9953,99686.1028,84867.8197,171.7860,0.1198,0.0001,-0.0093,pathgraph
560.9953,99687.0956,84867.9393,171.7767,0.1198,0.0000,-0.0093,pathgraph
561.9953,99688.0885,84868.0588,171.7674,0.1199,0.0000,-0.0093,pathgraph
562.9953,99689.0813,84868.1784,171.7580,0.1199,0.0000,-0.0093,pathgraph
563.9953,99690.0741,84868.2980,171.7487,0.1200,0.0000,-0.0093,pathgraph
564.9953,99691.0669,84868.4175,171.7393,0.1200,0.0000,-0.0093,pathgraph
565.9953,99692.0597,84868.5374,171.7301,0.1201,0.0000,-0.0093,pathgraph
566.9953,99693.0525,84868.6574,171.7208,0.1202,0.0000,-0.0093,pathgraph
567.9952,99694.0452,84868.7774,171.7115,0.1202,0.0001,-0.0093,pathgraph
568.9952,99695.0380,84868.8975,171.7023,0.1203,0.0001,-0.0093,pathgraph
569.9952,99696.0308,84869.0175,171.6930,0.1204,0.0001,-0.0093,pathgraph
570.9952,99697.0235,84869.1375,171.6838,0.1205,0.0001,-0.0092,pathgraph
571.9952,99698.0163,84869.2576,171.6745,0.1205,0.0001,-0.0092,pathgraph
572.9952,99699.0090,84869.3776,171.6652,0.1206,0.0001,-0.0092,pathgraph
573.9952,99700.0018,84869.4976,171.6560,0.1207,0.0001,-0.0092,pathgraph
574.9952,99700.9946,84869.6177,171.6467,0.1207,0.0001,-0.0092,pathgraph
575.9952,99701.9873,84869.7382,171.6376,0.1207,0.0001,-0.0092,pathgraph
576.9952,99702.9800,84869.8588,171.6284,0.1207,0.0001,-0.0092,pathgraph
577.9952,99703.9727,84869.9793,171.6193,0.1207,0.0000,-0.0092,pathgraph
578.9952,99704.9654,84870.0999,171.6101,0.1206,-0.0000,-0.0092,pathgraph
579.9952,99705.9581,84870.2204,171.6009,0.1206,-0.0000,-0.0092,pathgraph
580.9952,99706.9508,84870.3410,171.5918,0.1206,-0.0001,-0.0091,pathgraph
581.9951,99707.9435,84870.4615,171.5826,0.1206,-0.0001,-0.0091,pathgraph
582.9951,99708.9362,84870.5820,171.5734,0.1205,-0.0001,-0.0091,pathgraph
583.9951,99709.9289,84870.7026,171.5643,0.1205,-0.0001,-0.0091,pathgraph
584.9951,99710.9216,84870.8231,171.5552,0.1206,-0.0001,-0.0091,pathgraph
585.9951,99711.9143,84870.9435,171.5461,0.1207,-0.0001,-0.0091,pathgraph
586.9951,99712.9070,84871.0639,171.5370,0.1209,0.0000,-0.0091,pathgraph
587.9951,99713.8997,84871.1844,171.5280,0.1211,0.0001,-0.0091,pathgraph
588.9951,99714.8924,84871.3048,171.5189,0.1212,0.0001,-0.0091,pathgraph
589.9951,99715.8851,84871.4252,171.5098,0.1214,0.0002,-0.0091,pathgraph
590.9951,99716.8779,84871.5457,171.5008,0.1215,0.0003,-0.0091,pathgraph
591.9951,99717.8706,84871.6661,171.4917,0.1217,0.0003,-0.0090,pathgraph
592.9951,99718.8633,84871.7865,171.4827,0.1218,0.0004,-0.0090,pathgraph
593.9951,99719.8560,84871.9071,171.4736,0.1220,0.0005,-0.0090,pathgraph
594.9950,99720.8485,84872.0295,171.4646,0.1220,0.0004,-0.0090,pathgraph
595.9950,99721.8409,84872.1519,171.4556,0.1219,0.0003,-0.0090,pathgraph
596.9950,99722.8334,84872.2743,171.4467,0.1219,0.0002,-0.0090,pathgraph
597.9950,99723.8259,84872.3966,171.4377,0.1219,0.0001,-0.0090,pathgraph
598.9950,99724.8184,84872.5190,171.4287,0.1219,-0.0000,-0.0090,pathgraph
599.9950,99725.8108,84872.6414,171.4197,0.1219,-0.0002,-0.0090,pathgraph
600.9950,99726.8033,84872.7638,171.4107,0.1219,-0.0003,-0.0090,pathgraph
601.9950,99727.7958,84872.8861,171.4018,0.1219,-0.0004,-0.0090,pathgraph
602.9950,99728.7883,84873.0085,171.3928,0.1218,-0.0005,-0.0089,pathgraph
603.9950,99729.7809,84873.1296,171.3838,0.1217,-0.0005,-0.0089,pathgraph
604.9950,99730.7736,84873.2498,171.3749,0.1216,-0.0004,-0.0089,pathgraph
605.9950,99731.7664,84873.3701,171.3660,0.1214,-0.0003,-0.0089,pathgraph
606.9950,99732.7591,84873.4903,171.3571,0.1212,-0.0002,-0.0089,pathgraph
607.9950,99733.7519,84873.6105,171.3482,0.1211,-0.0002,-0.0089,pathgraph
608.9949,99734.7446,84873.7307,171.3393,0.1209,-0.0001,-0.0089,pathgraph
609.9949,99735.7373,84873.8509,171.3304,0.1207,-0.0000,-0.0089,pathgraph
610.9949,99736.7301,84873.9711,171.3215,0.1206,0.0000,-0.0089,pathgraph
611.9949,99737.7228,84874.0914,171.3126,0.1204,0.0001,-0.0089,pathgraph
612.9949,99738.7156,84874.2116,171.3037,0.1203,0.0002,-0.0089,pathgraph
613.9949,99739.7082,84874.3323,171.2949,0.1204,0.0002,-0.0089,pathgraph
614.9949,99740.7009,84874.4530,171.2860,0.1206,0.0002,-0.0089,pathgraph
615.9949,99741.6936,84874.5737,171.2772,0.1207,0.0002,-0.0089,pathgraph
616.9949,99742.6863,84874.6944,171.2683,0.1208,0.0001,-0.0088,pathgraph
617.9949,99743.6790,84874.8151,171.2595,0.1210,0.0001,-0.0088,pathgraph
618.9949,99744.6717,84874.9358,171.2507,0.1211,0.0001,-0.0088,pathgraph
619.9949,99745.6643,84875.0565,171.2418,0.1213,0.0001,-0.0088,pathgraph
620.9949,99746.6570,84875.1771,171.2330,0.1214,0.0001,-0.0088,pathgraph
621.9948,99747.6497,84875.2978,171.2241,0.1216,0.0001,-0.0088,pathgraph
622.9948,99748.6424,84875.4187,171.2153,0.1215,0.0001,-0.0088,pathgraph
623.9948,99749.6350,84875.5397,171.2066,0.1213,0.0000,-0.0088,pathgraph
624.9948,99750.6277,84875.6606,171.1978,0.1212,-0.0000,-0.0088,pathgraph
625.9948,99751.6203,84875.7816,171.1890,0.1210,-0.0001,-0.0088,pathgraph
626.9948,99752.6130,84875.9026,171.1803,0.1208,-0.0002,-0.0088,pathgraph
627.9948,99753.6056,84876.0235,171.1715,0.1207,-0.0002,-0.0088,pathgraph
628.9948,99754.5983,84876.1445,171.1627,0.1205,-0.0003,-0.0088,pathgraph
629.9948,99755.5909,84876.2655,171.1539,0.1203,-0.0003,-0.0087,pathgraph
630.9948,99756.5836,84876.3864,171.1452,0.1201,-0.0004,-0.0087,pathgraph
631.9948,99757.5762,84876.5072,171.1364,0.1200,-0.0005,-0.0087,pathgraph
632.9948,99758.5692,84876.6258,171.1277,0.1198,-0.0004,-0.0087,pathgraph
633.9948,99759.5621,84876.7445,171.1190,0.1197,-0.0003,-0.0087,pathgraph
634.9947,99760.5550,84876.8631,171.1104,0.1196,-0.0002,-0.0087,pathgraph
635.9947,99761.5480,84876.9817,171.1017,0.1195,-0.0002,-0.0087,pathgraph
636.9947,99762.5409,84877.1004,171.0930,0.1193,-0.0001,-0.0087,pathgraph
637.9947,99763.5338,84877.2190,171.0843,0.1192,-0.0000,-0.0086,pathgraph
638.9947,99764.5267,84877.3377,171.0757,0.1191,0.0000,-0.0086,pathgraph
639.9947,99765.5197,84877.4563,171.0670,0.1190,0.0001,-0.0086,pathgraph
640.9947,99766.5126,84877.5749,171.0583,0.1189,0.0001,-0.0086,pathgraph
641.9947,99767.5055,84877.6936,171.0497,0.1189,0.0001,-0.0086,pathgraph
642.9947,99768.4985,84877.8122,171.0412,0.1189,0.0000,-0.0086,pathgraph
643.9947,99769.4914,84877.9308,171.0326,0.1189,0.0000,-0.0085,pathgraph
644.9947,99770.4843,84878.0495,171.0241,0.1189,0.0000,-0.0085,pathgraph
645.9947,99771.4773,84878.1681,171.0156,0.1189,0.0000,-0.0085,pathgraph
646.9947,99772.4702,84878.2867,171.0071,0.1189,0.0000,-0.0085,pathgraph
647.9947,99773.4631,84878.4054,170.9985,0.1189,0.0000,-0.0085,pathgraph
648.9946,99774.4560,84878.5240,170.9900,0.1189,0.0000,-0.0085,pathgraph
649.9946,99775.4490,84878.6427,170.9815,0.1189,-0.0000,-0.0084,pathgraph
650.9946,99776.4419,84878.7613,170.9730,0.1189,-0.0000,-0.0084,pathgraph
651.9946,99777.4348,84878.8798,170.9647,0.1189,-0.0000,-0.0084,pathgraph
652.9946,99778.4278,84878.9984,170.9563,0.1188,-0.0000,-0.0083,pathgraph
653.9946,99779.4207,84879.1169,170.9480,0.1188,-0.0000,-0.0083,pathgraph
654.9946,99780.4137,84879.2354,170.9397,0.1188,-0.0000,-0.0083,pathgraph
655.9946,99781.4066,84879.3540,170.9314,0.1188,-0.0000,-0.0083,pathgraph
656.9946,99782.3996,84879.4725,170.9231,0.1188,-0.0000,-0.0082,pathgraph
657.9946,99783.3925,84879.5910,170.9148,0.1188,-0.0000,-0.0082,pathgraph
658.9946,99784.3854,84879.7096,170.9065,0.1187,-0.0000,-0.0082,pathgraph
659.9946,99785.3784,84879.8281,170.8982,0.1187,-0.0000,-0.0082,pathgraph
660.9946,99786.3713,84879.9465,170.8901,0.1187,-0.0000,-0.0081,pathgraph
661.9945,99787.3643,84880.0649,170.8821,0.1187,-0.0000,-0.0081,pathgraph
662.9945,99788.3573,84880.1833,170.8741,0.1187,-0.0000,-0.0081,pathgraph
663.9945,99789.3502,84880.3017,170.8661,0.1187,-0.0000,-0.0080,pathgraph
664.9945,99790.3432,84880.4201,170.8581,0.1187,-0.0000,-0.0080,pathgraph
665.9945,99791.3361,84880.5385,170.8501,0.1187,-0.0000,-0.0080,pathgraph
666.9945,99792.3291,84880.6568,170.8421,0.1187,-0.0000,-0.0079,pathgraph
667.9945,99793.3221,84880.7752,170.8341,0.1187,-0.0000,-0.0079,pathgraph
668.9945,99794.3150,84880.8936,170.8261,0.1187,0.0000,-0.0078,pathgraph
669.9945,99795.3080,84881.0119,170.8182,0.1186,-0.0000,-0.0078,pathgraph
670.9945,99796.3011,84881.1292,170.8105,0.1180,-0.0003,-0.0077,pathgraph
671.9945,99797.2942,84881.2464,170.8028,0.1173,-0.0005,-0.0077,pathgraph
672.9945,99798.2873,84881.3637,170.7951,0.1167,-0.0007,-0.0077,pathgraph
673.9945,99799.2804,84881.4810,170.7874,0.1160,-0.0010,-0.0076,pathgraph
674.9945,99800.2735,84881.5983,170.7798,0.1154,-0.0012,-0.0076,pathgraph
675.9944,99801.2668,84881.7134,170.7722,0.1152,-0.0011,-0.0075,pathgraph
676.9944,99802.2603,84881.8270,170.7648,0.1153,-0.0006,-0.0075,pathgraph
677.9944,99803.2538,84881.9406,170.7574,0.1154,-0.0002,-0.0074,pathgraph
678.9944,99804.2473,84882.0542,170.7500,0.1155,0.0003,-0.0074,pathgraph
679.9944,99805.2409,84882.1679,170.7426,0.1156,0.0007,-0.0074,pathgraph
680.9944,99806.2344,84882.2815,170.7352,0.1157,0.0012,-0.0073,pathgraph
681.9944,99807.2278,84882.3956,170.7278,0.1159,0.0015,-0.0073,pathgraph
682.9944,99808.2207,84882.5150,170.7207,0.1163,0.0013,-0.0072,pathgraph
683.9944,99809.2135,84882.6343,170.7136,0.1167,0.0010,-0.0072,pathgraph
684.9944,99810.2064,84882.7537,170.7065,0.1171,0.0008,-0.0071,pathgraph
685.9944,99811.1992,84882.8731,170.6995,0.1175,0.0006,-0.0071,pathgraph
686.9944,99812.1920,84882.9925,170.6924,0.1179,0.0003,-0.0071,pathgraph
687.9944,99813.1849,84883.1119,170.6853,0.1183,0.0001,-0.0070,pathgraph
688.9943,99814.1777,84883.2313,170.6782,0.1187,-0.0002,-0.0070,pathgraph
689.9943,99815.1706,84883.3507,170.6711,0.1192,-0.0004,-0.0070,pathgraph
690.9943,99816.1634,84883.4701,170.6641,0.1196,-0.0007,-0.0069,pathgraph
691.9943,99817.1563,84883.5887,170.6572,0.1197,-0.0007,-0.0069,pathgraph
692.9943,99818.1493,84883.7068,170.6504,0.1196,-0.0005,-0.0069,pathgraph
693.9943,99819.1423,84883.8248,170.6437,0.1196,-0.0004,-0.0068,pathgraph
694.9943,99820.1353,84883.9429,170.6369,0.1195,-0.0002,-0.0068,pathgraph
695.9943,99821.1283,84884.0609,170.6301,0.1195,-0.0001,-0.0068,pathgraph
696.9943,99822.1213,84884.1790,170.6234,0.1194,0.0001,-0.0068,pathgraph
697.9943,99823.1143,84884.2971,170.6166,0.1194,0.0002,-0.0067,pathgraph
698.9943,99824.1073,84884.4151,170.6099,0.1193,0.0004,-0.0067,pathgraph
699.9943,99825.1003,84884.5332,170.6031,0.1193,0.0005,-0.0067,pathgraph
700.9943,99826.0933,84884.6514,170.5964,0.1192,0.0006,-0.0066,pathgraph
701.9942,99827.0860,84884.7716,170.5899,0.1193,0.0005,-0.0066,pathgraph
702.9942,99828.0788,84884.8918,170.5834,0.1194,0.0004,-0.0066,pathgraph
703.9942,99829.0715,84885.0120,170.5769,0.1194,0.0003,-0.0066,pathgraph
704.9942,99830.0643,84885.1322,170.5704,0.1195,0.0001,-0.0065,pathgraph
705.9942,99831.0570,84885.2524,170.5639,0.1196,0.0000,-0.0065,pathgraph
706.9942,99832.0498,84885.3726,170.5574,0.1196,-0.0001,-0.0065,pathgraph
707.9942,99833.0425,84885.4928,170.5509,0.1197,-0.0002,-0.0065,pathgraph
708.9942,99834.0352,84885.6130,170.5444,0.1198,-0.0003,-0.0064,pathgraph
709.9942,99835.0280,84885.7332,170.5379,0.1198,-0.0005,-0.0064,pathgraph
710.9942,99836.0208,84885.8524,170.5315,0.1198,-0.0005,-0.0064,pathgraph
711.9942,99837.0138,84885.9709,170.5252,0.1197,-0.0004,-0.0064,pathgraph
712.9942,99838.0067,84886.0894,170.5189,0.1197,-0.0003,-0.0064,pathgraph
713.9942,99838.9997,84886.2079,170.5126,0.1196,-0.0002,-0.0063,pathgraph
714.9941,99839.9926,84886.3264,170.5063,0.1195,-0.0001,-0.0063,pathgraph
715.9941,99840.9856,84886.4449,170.5000,0.1194,0.0000,-0.0063,pathgraph
716.9941,99841.9785,84886.5634,170.4937,0.1194,0.0001,-0.0063,pathgraph
717.9941,99842.9715,84886.6819,170.4874,0.1193,0.0002,-0.0063,pathgraph
718.9941,99843.9644,84886.8004,170.4811,0.1192,0.0003,-0.0063,pathgraph
719.9941,99844.9573,84886.9191,170.4748,0.1192,0.0004,-0.0062,pathgraph
720.9941,99845.9501,84887.0390,170.4686,0.1193,0.0003,-0.0062,pathgraph
721.9941,99846.9429,84887.1589,170.4624,0.1195,0.0003,-0.0062,pathgraph
722.9941,99847.9357,84887.2789,170.4563,0.1196,0.0002,-0.0062,pathgraph
723.9941,99848.9284,84887.3988,170.4501,0.1198,0.0002,-0.0062,pathgraph
724.9941,99849.9212,84887.5187,170.4439,0.1199,0.0001,-0.0062,pathgraph
725.9941,99850.9140,84887.6387,170.4378,0.1201,0.0001,-0.0062,pathgraph
726.9941,99851.9068,84887.7586,170.4316,0.1203,0.0001,-0.0062,pathgraph
727.9941,99852.8995,84887.8786,170.4254,0.1204,0.0000,-0.0061,pathgraph
728.9940,99853.8923,84887.9985,170.4193,0.1206,-0.0000,-0.0061,pathgraph
729.9940,99854.8851,84888.1186,170.4131,0.1206,-0.0000,-0.0061,pathgraph
730.9940,99855.8778,84888.2389,170.4071,0.1206,-0.0000,-0.0061,pathgraph
731.9940,99856.8705,84888.3591,170.4010,0.1206,-0.0000,-0.0061,pathgraph
732.9940,99857.8633,84888.4793,170.3949,0.1206,-0.0000,-0.0061,pathgraph
733.9940,99858.8560,84888.5996,170.3888,0.1206,-0.0000,-0.0061,pathgraph
734.9940,99859.8488,84888.7198,170.3827,0.1206,-0.0000,-0.0061,pathgraph
735.9940,99860.8415,84888.8401,170.3766,0.1206,-0.0000,-0.0061,pathgraph
736.9940,99861.8342,84888.9603,170.3706,0.1206,-0.0000,-0.0061,pathgraph
737.9940,99862.8270,84889.0806,170.3645,0.1205,-0.0001,-0.0061,pathgraph
738.9940,99863.8197,84889.2008,170.3584,0.1205,-0.0002,-0.0061,pathgraph
739.9940,99864.8125,84889.3206,170.3524,0.1205,-0.0002,-0.0061,pathgraph
740.9940,99865.8053,84889.4403,170.3463,0.1205,-0.0001,-0.0061,pathgraph
741.9939,99866.7981,84889.5601,170.3403,0.1205,-0.0000,-0.0060,pathgraph
742.9939,99867.7909,84889.6799,170.3342,0.1206,0.0000,-0.0060,pathgraph
743.9939,99868.7837,84889.7996,170.3282,0.1206,0.0001,-0.0060,pathgraph
744.9939,99869.7765,84889.9194,170.3222,0.1206,0.0001,-0.0060,pathgraph
745.9939,99870.7693,84890.0392,170.3161,0.1207,0.0002,-0.0060,pathgraph
746.9939,99871.7621,84890.1590,170.3101,0.1207,0.0003,-0.0060,pathgraph
747.9939,99872.7548,84890.2787,170.3041,0.1207,0.0003,-0.0057,pathgraph
748.9939,99873.7476,84890.3991,170.2980,0.1207,0.0003,-0.0050,pathgraph
749.9939,99874.7403,84890.5198,170.2920,0.1206,0.0002,-0.0044,pathgraph
750.9939,99875.7329,84890.6405,170.2860,0.1205,0.0001,-0.0038,pathgraph
751.9939,99876.7256,84890.7613,170.2800,0.1204,0.0000,-0.0032,pathgraph
752.9939,99877.7183,84890.8820,170.2740,0.1203,-0.0001,-0.0025,pathgraph
753.9939,99878.7110,84891.0028,170.2680,0.1202,-0.0002,-0.0019,pathgraph
754.9939,99879.7036,84891.1235,170.2620,0.1201,-0.0003,-0.0020,pathgraph
755.9938,99880.6963,84891.2442,170.2560,0.1200,-0.0004,-0.0036,pathgraph
756.9938,99881.6890,84891.3650,170.2500,0.1199,-0.0004,-0.0055,pathgraph
757.9938,99882.6817,84891.4856,170.2450,0.1199,-0.0005,-0.0060,pathgraph
758.9938,99883.6745,84891.6049,170.2521,0.1201,-0.0003,-0.0060,pathgraph
759.9938,99884.6674,84891.7242,170.2591,0.1203,-0.0002,-0.0060,pathgraph
760.9938,99885.6602,84891.8436,170.2662,0.1205,0.0000,-0.0060,pathgraph
761.9938,99886.6531,84891.9629,170.2732,0.1207,0.0002,-0.0060,pathgraph
762.9938,99887.6459,84892.0822,170.2802,0.1208,0.0004,-0.0060,pathgraph
763.9938,99888.6388,84892.2015,170.2873,0.1210,0.0005,-0.0060,pathgraph
764.9938,99889.6316,84892.3208,170.2943,0.1212,0.0007,-0.0060,pathgraph
765.9938,99890.6244,84892.4410,170.2740,0.1215,0.0006,-0.0060,pathgraph
766.9938,99891.6169,84892.5626,170.2130,0.1218,0.0001,-0.0060,pathgraph
767.9938,99892.6096,84892.6835,170.1841,0.1218,-0.0001,-0.0060,pathgraph
768.9937,99893.6023,84892.8041,170.1782,0.1216,-0.0001,-0.0063,pathgraph
769.9937,99894.5950,84892.9247,170.1722,0.1214,-0.0001,-0.0069,pathgraph
770.9937,99895.5877,84893.0453,170.1663,0.1212,-0.0002,-0.0076,pathgraph
771.9937,99896.5804,84893.1659,170.1603,0.1210,-0.0002,-0.0082,pathgraph
772.9937,99897.5731,84893.2865,170.1544,0.1208,-0.0002,-0.0088,pathgraph
773.9937,99898.5658,84893.4071,170.1484,0.1206,-0.0002,-0.0094,pathgraph
774.9937,99899.5584,84893.5277,170.1425,0.1203,-0.0002,-0.0100,pathgraph
775.9937,99900.5511,84893.6483,170.1365,0.1201,-0.0002,-0.0100,pathgraph
776.9937,99901.5438,84893.7688,170.1306,0.1200,-0.0002,-0.0083,pathgraph
777.9937,99902.5366,84893.8885,170.1247,0.1201,-0.0001,-0.0065,pathgraph
778.9937,99903.5294,84894.0083,170.1188,0.1202,-0.0001,-0.0059,pathgraph
779.9937,99904.5222,84894.1280,170.1129,0.1203,0.0000,-0.0059,pathgraph
780.9937,99905.5150,84894.2477,170.1070,0.1204,0.0001,-0.0059,pathgraph
781.9936,99906.5078,84894.3674,170.1011,0.1205,0.0001,-0.0059,pathgraph
782.9936,99907.5006,84894.4871,170.0952,0.1206,0.0002,-0.0059,pathgraph
783.9936,99908.4934,84894.6068,170.0893,0.1207,0.0002,-0.0059,pathgraph
784.9936,99909.4862,84894.7266,170.0834,0.1208,0.0003,-0.0059,pathgraph
785.9936,99910.4790,84894.8463,170.0775,0.1209,0.0004,-0.0059,pathgraph
786.9936,99911.4717,84894.9671,170.0717,0.1210,0.0004,-0.0058,pathgraph
787.9936,99912.4643,84895.0886,170.0658,0.1211,0.0003,-0.0058,pathgraph
788.9936,99913.4569,84895.2102,170.0600,0.1212,0.0002,-0.0058,pathgraph
789.9936,99914.4495,84895.3317,170.0542,0.1213,0.0002,-0.0058,pathgraph
790.9936,99915.4420,84895.4533,170.0484,0.1213,0.0001,-0.0058,pathgraph
791.9936,99916.4346,84895.5748,170.0426,0.1214,0.0000,-0.0058,pathgraph
792.9936,99917.4272,84895.6964,170.0367,0.1215,-0.0000,-0.0058,pathgraph
793.9936,99918.4198,84895.8179,170.0309,0.1216,-0.0001,-0.0058,pathgraph
794.9936,99919.4123,84895.9395,170.0251,0.1216,-0.0002,-0.0058,pathgraph
795.9935,99920.4049,84896.0610,170.0193,0.1217,-0.0002,-0.0058,pathgraph
796.9935,99921.3975,84896.1823,170.0136,0.1218,-0.0002,-0.0057,pathgraph
797.9935,99922.3901,84896.3035,170.0079,0.1219,-0.0001,-0.0057,pathgraph
798.9935,99923.3828,84896.4248,170.0022,0.1219,-0.0000,-0.0057,pathgraph
799.9935,99924.3754,84896.5461,169.9965,0.1220,0.0000,-0.0057,pathgraph
800.9935,99925.3680,84896.6673,169.9908,0.1221,0.0001,-0.0057,pathgraph
801.9935,99926.3606,84896.7886,169.9850,0.1222,0.0002,-0.0057,pathgraph
802.9935,99927.3532,84896.9099,169.9793,0.1223,0.0002,-0.0057,pathgraph
803.9935,99928.3458,84897.0311,169.9736,0.1223,0.0003,-0.0057,pathgraph
804.9935,99929.3384,84897.1524,169.9679,0.1224,0.0004,-0.0056,pathgraph
805.9935,99930.3309,84897.2747,169.9623,0.1225,0.0004,-0.0056,pathgraph
806.9935,99931.3233,84897.3978,169.9567,0.1226,0.0003,-0.0056,pathgraph
807.9935,99932.3157,84897.5209,169.9512,0.1227,0.0002,-0.0056,pathgraph
808.9934,99933.3081,84897.6440,169.9456,0.1228,0.0002,-0.0056,pathgraph
809.9934,99934.3005,84897.7671,169.9401,0.1229,0.0001,-0.0055,pathgraph
810.9934,99935.2929,84897.8902,169.9345,0.1230,0.0001,-0.0055,pathgraph
811.9934,99936.2852,84898.0133,169.9290,0.1231,-0.0000,-0.0055,pathgraph
812.9934,99937.2776,84898.1364,169.9234,0.1232,-0.0001,-0.0055,pathgraph
813.9934,99938.2700,84898.2595,169.9179,0.1233,-0.0001,-0.0055,pathgraph
814.9934,99939.2624,84898.3825,169.9123,0.1234,-0.0002,-0.0055,pathgraph
815.9934,99940.2548,84898.5054,169.9070,0.1234,-0.0001,-0.0054,pathgraph
816.9934,99941.2472,84898.6282,169.9016,0.1235,-0.0001,-0.0054,pathgraph
817.9934,99942.2397,84898.7511,169.8962,0.1235,-0.0001,-0.0054,pathgraph
818.9934,99943.2321,84898.8739,169.8909,0.1235,-0.0000,-0.0054,pathgraph
819.9934,99944.2245,84898.9968,169.8855,0.1235,0.0000,-0.0054,pathgraph
820.9934,99945.2169,84899.1196,169.8801,0.1235,0.0001,-0.0053,pathgraph
821.9934,99946.2093,84899.2425,169.8748,0.1235,0.0001,-0.0053,pathgraph
822.9933,99947.2017,84899.3653,169.8694,0.1236,0.0002,-0.0053,pathgraph
823.9933,99948.1942,84899.4882,169.8640,0.1236,0.0002,-0.0053,pathgraph
824.9933,99949.1865,84899.6114,169.8588,0.1236,0.0002,-0.0052,pathgraph
825.9933,99950.1789,84899.7349,169.8537,0.1235,0.0001,-0.0052,pathgraph
826.9933,99951.1712,84899.8584,169.8485,0.1235,0.0001,-0.0052,pathgraph
827.9933,99952.1636,84899.9819,169.8434,0.1234,0.0000,-0.0052,pathgraph
828.9933,99953.1559,84900.1054,169.8382,0.1234,-0.0000,-0.0051,pathgraph
829.9933,99954.1482,84900.2289,169.8331,0.1233,-0.0001,-0.0051,pathgraph
830.9933,99955.1406,84900.3524,169.8279,0.1233,-0.0001,-0.0051,pathgraph
831.9933,99956.1329,84900.4759,169.8228,0.1232,-0.0002,-0.0051,pathgraph
832.9933,99957.1252,84900.5994,169.8176,0.1232,-0.0002,-0.0051,pathgraph
833.9933,99958.1176,84900.7228,169.8125,0.1232,-0.0002,-0.0050,pathgraph
834.9933,99959.1100,84900.8455,169.8076,0.1231,-0.0000,-0.0050,pathgraph
835.9932,99960.1025,84900.9682,169.8027,0.1230,0.0001,-0.0050,pathgraph
836.9932,99961.0949,84901.0910,169.7978,0.1229,0.0000,-0.0050,pathgraph
837.9932,99962.0873,84901.2137,169.7928,0.1228,-0.0000,-0.0049,pathgraph
838.9932,99963.0798,84901.3364,169.7879,0.1227,-0.0001,-0.0049,pathgraph
839.9932,99964.0722,84901.4591,169.7830,0.1226,-0.0002,-0.0049,pathgraph
840.9932,99965.0646,84901.5818,169.7781,0.1225,-0.0002,-0.0049,pathgraph
841.9932,99966.0571,84901.7045,169.7732,0.1224,-0.0003,-0.0048,pathgraph
842.9932,99967.0495,84901.8273,169.7682,0.1223,-0.0003,-0.0048,pathgraph
843.9932,99968.0421,84901.9488,169.7635,0.1222,-0.0004,-0.0048,pathgraph
844.9932,99969.0347,84902.0696,169.7588,0.1220,-0.0003,-0.0048,pathgraph
845.9932,99970.0274,84902.1903,169.7541,0.1218,-0.0003,-0.0047,pathgraph
846.9932,99971.0201,84902.3111,169.7494,0.1216,-0.0002,-0.0047,pathgraph
847.9932,99972.0128,84902.4318,169.7447,0.1214,-0.0002,-0.0047,pathgraph
848.9931,99973.0055,84902.5525,169.7400,0.1212,-0.0002,-0.0047,pathgraph
849.9931,99973.9981,84902.6733,169.7353,0.1210,-0.0001,-0.0047,pathgraph
850.9931,99974.9908,84902.7940,169.7306,0.1208,-0.0001,-0.0046,pathgraph
851.9931,99975.9835,84902.9148,169.7259,0.1206,-0.0000,-0.0046,pathgraph
852.9931,99976.9762,84903.0354,169.7212,0.1204,-0.0000,-0.0046,pathgraph
853.9931,99977.9689,84903.1556,169.7167,0.1204,-0.0000,-0.0046,pathgraph
854.9931,99978.9617,84903.2757,169.7123,0.1204,-0.0000,-0.0045,pathgraph
855.9931,99979.9544,84903.3958,169.7078,0.1204,0.0000,-0.0045,pathgraph
856.9931,99980.9472,84903.5159,169.7033,0.1204,0.0000,-0.0045,pathgraph
857.9931,99981.9399,84903.6361,169.6988,0.1205,0.0000,-0.0045,pathgraph
858.9931,99982.9327,84903.7562,169.6943,0.1205,0.0000,-0.0045,pathgraph
859.9931,99983.9254,84903.8763,169.6898,0.1205,0.0000,-0.0044,pathgraph
860.9931,99984.9182,84903.9964,169.6854,0.1205,0.0000,-0.0044,pathgraph
861.9931,99985.9109,84904.1166,169.6809,0.1205,0.0000,-0.0044,pathgraph
862.9930,99986.9037,84904.2365,169.6765,0.1204,0.0000,-0.0044,pathgraph
863.9930,99987.8965,84904.3564,169.6722,0.1203,-0.0000,-0.0044,pathgraph
864.9930,99988.8893,84904.4763,169.6679,0.1202,-0.0001,-0.0043,pathgraph
865.9930,99989.8820,84904.5961,169.6636,0.1200,-0.0001,-0.0043,pathgraph
866.9930,99990.8748,84904.7160,169.6594,0.1199,-0.0001,-0.0043,pathgraph
867.9930,99991.8676,84904.8358,169.6551,0.1198,-0.0002,-0.0043,pathgraph
868.9930,99992.8604,84904.9557,169.6508,0.1196,-0.0002,-0.0043,pathgraph
869.9930,99993.8532,84905.0756,169.6465,0.1195,-0.0002,-0.0042,pathgraph
870.9930,99994.8460,84905.1954,169.6422,0.1194,-0.0003,-0.0042,pathgraph
871.9930,99995.8387,84905.3153,169.6379,0.1193,-0.0003,-0.0042,pathgraph
872.9930,99996.8315,84905.4357,169.6338,0.1200,-0.0000,-0.0042,pathgraph
873.9930,99997.8242,84905.5560,169.6297,0.1207,0.0002,-0.0042,pathgraph
874.9930,99998.8169,84905.6764,169.6256,0.1213,0.0004,-0.0041,pathgraph
875.9929,99999.8096,84905.7968,169.6215,0.1220,0.0007,-0.0041,pathgraph
876.9929,100000.8024,84905.9171,169.6173,0.1227,0.0009,-0.0041,pathgraph
877.9929,100001.7951,84906.0375,169.6132,0.1233,0.0012,-0.0041,pathgraph
878.9929,100002.7878,84906.1578,169.6091,0.1240,0.0014,-0.0041,pathgraph
879.9929,100003.7804,84906.2788,169.6050,0.1248,0.0017,-0.0041,pathgraph
880.9929,100004.7721,84906.4074,169.6010,0.1272,0.0020,-0.0040,pathgraph
881.9929,100005.7638,84906.5359,169.5970,0.1296,0.0024,-0.0040,pathgraph
882.9929,100006.7555,84906.6644,169.5929,0.1320,0.0028,-0.0040,pathgraph
883.9929,100007.7471,84906.7938,169.5889,0.1345,0.0032,-0.0040,pathgraph
884.9929,100008.7374,84906.9328,169.5850,0.1382,0.0036,-0.0040,pathgraph
885.9929,100009.7277,84907.0719,169.5810,0.1419,0.0039,-0.0040,pathgraph
886.9929,100010.7178,84907.2118,169.5770,0.1457,0.0043,-0.0039,pathgraph
887.9928,100011.7064,84907.3624,169.5731,0.1506,0.0048,-0.0039,pathgraph
888.9928,100012.6950,84907.5129,169.5692,0.1554,0.0052,-0.0039,pathgraph
889.9928,100013.6824,84907.6712,169.5653,0.1608,0.0055,-0.0039,pathgraph
890.9928,100014.6689,84907.8349,169.5615,0.1665,0.0058,-0.0039,pathgraph
891.9928,100015.6552,84907.9998,169.5576,0.1723,0.0062,-0.0039,pathgraph
892.9928,100016.6391,84908.1786,169.5537,0.1788,0.0064,-0.0038,pathgraph
893.9928,100017.6230,84908.3573,169.5499,0.1852,0.0066,-0.0038,pathgraph
894.9927,100018.6052,84908.5446,169.5461,0.1919,0.0068,-0.0038,pathgraph
895.9927,100019.5863,84908.7381,169.5423,0.1988,0.0070,-0.0038,pathgraph
896.9927,100020.5658,84908.9395,169.5385,0.2058,0.0070,-0.0038,pathgraph
897.9927,100021.5441,84909.1467,169.5347,0.2128,0.0070,-0.0038,pathgraph
898.9927,100022.5206,84909.3618,169.5310,0.2197,0.0069,-0.0038,pathgraph
899.9927,100023.4960,84909.5825,169.5272,0.2264,0.0067,-0.0037,pathgraph
900.9926,100024.4693,84909.8116,169.5235,0.2329,0.0065,-0.0037,pathgraph
901.9926,100025.4413,84910.0467,169.5198,0.2393,0.0063,-0.0037,pathgraph
902.9926,100026.4130,84910.2830,169.5160,0.2456,0.0061,-0.0037,pathgraph
903.9926,100027.3813,84910.5328,169.5124,0.2515,0.0059,-0.0037,pathgraph
904.9926,100028.3495,84910.7827,169.5087,0.2574,0.0058,-0.0037,pathgraph
905.9925,100029.3156,84911.0407,169.5050,0.2632,0.0058,-0.0037,pathgraph
906.9925,100030.2802,84911.3046,169.5014,0.2689,0.0057,-0.0036,pathgraph
907.9925,100031.2444,84911.5696,169.4977,0.2746,0.0056,-0.0036,pathgraph
908.9925,100032.2052,84911.8470,169.4941,0.2801,0.0056,-0.0036,pathgraph
909.9925,100033.1659,84912.1244,169.4905,0.2857,0.0055,-0.0036,pathgraph
910.9925,100034.1244,84912.4096,169.4869,0.2913,0.0056,-0.0036,pathgraph
911.9925,100035.0812,84912.7003,169.4833,0.2969,0.0056,-0.0036,pathgraph
912.9925,100036.0376,84912.9921,169.4797,0.3025,0.0057,-0.0036,pathgraph
913.9924,100036.9902,84913.2965,169.4762,0.3084,0.0059,-0.0035,pathgraph
914.9924,100037.9427,84913.6008,169.4727,0.3142,0.0060,-0.0035,pathgraph
915.9924,100038.8925,84913.9137,169.4691,0.3205,0.0062,-0.0035,pathgraph
916.9924,100039.8403,84914.2325,169.4656,0.3269,0.0066,-0.0035,pathgraph
917.9924,100040.7876,84914.5526,169.4621,0.3334,0.0068,-0.0035,pathgraph
918.9924,100041.7305,84914.8859,169.4587,0.3404,0.0071,-0.0035,pathgraph
919.9924,100042.6729,84915.2202,169.4552,0.3475,0.0072,-0.0034,pathgraph
920.9924,100043.6108,84915.5670,169.4518,0.3547,0.0073,-0.0034,pathgraph
921.9923,100044.5483,84915.9150,169.4483,0.3620,0.0073,-0.0034,pathgraph
922.9923,100045.4811,84916.2754,169.4449,0.3693,0.0073,-0.0034,pathgraph
923.9923,100046.4135,84916.6368,169.4415,0.3765,0.0072,-0.0034,pathgraph
924.9923,100047.3410,84917.0106,169.4382,0.3837,0.0072,-0.0034,pathgraph
925.9923,100048.2680,84917.3855,169.4348,0.3908,0.0071,-0.0033,pathgraph
926.9923,100049.1901,84917.7725,169.4315,0.3979,0.0071,-0.0033,pathgraph
927.9923,100050.1118,84918.1605,169.4282,0.4050,0.0071,-0.0033,pathgraph
928.9923,100051.0283,84918.5605,169.4249,0.4121,0.0071,-0.0033,pathgraph
929.9922,100051.9443,84918.9615,169.4216,0.4192,0.0071,-0.0033,pathgraph
930.9922,100052.8551,84919.3745,169.4183,0.4264,0.0072,-0.0032,pathgraph
931.9922,100053.7653,84919.7885,169.4151,0.4336,0.0073,-0.0032,pathgraph
932.9922,100054.6699,84920.2147,169.4119,0.4408,0.0072,-0.0032,pathgraph
933.9922,100055.5742,84920.6416,169.4087,0.4480,0.0071,-0.0032,pathgraph
934.9922,100056.4736,84921.0786,169.4055,0.4548,0.0067,-0.0032,pathgraph
935.9922,100057.3703,84921.5214,169.4024,0.4612,0.0062,-0.0031,pathgraph
936.9922,100058.2637,84921.9705,169.3993,0.4668,0.0056,-0.0031,pathgraph
937.9922,100059.1549,84922.4241,169.3962,0.4720,0.0049,-0.0031,pathgraph
938.9921,100060.0457,84922.8786,169.3931,0.4770,0.0042,-0.0031,pathgraph
939.9921,100060.9313,84923.3430,169.3900,0.4812,0.0042,-0.0030,pathgraph
940.9921,100061.8169,84923.8074,169.3870,0.4854,0.0042,-0.0030,pathgraph
941.9921,100062.7020,84924.2727,169.3840,0.4897,0.0043,-0.0030,pathgraph
942.9921,100063.5820,84924.7477,169.3810,0.4948,0.0050,-0.0030,pathgraph
943.9921,100064.4619,84925.2228,169.3781,0.5000,0.0058,-0.0029,pathgraph
944.9921,100065.3378,84925.7054,169.3752,0.5056,0.0060,-0.0029,pathgraph
945.9921,100066.2106,84926.1933,169.3723,0.5114,0.0057,-0.0029,pathgraph
946.9920,100067.0829,84926.6822,169.3694,0.5171,0.0055,-0.0029,pathgraph
947.9920,100067.9491,84927.1820,169.3665,0.5222,0.0052,-0.0028,pathgraph
948.9920,100068.8153,84927.6818,169.3637,0.5274,0.0049,-0.0028,pathgraph
949.9920,100069.6779,84928.1875,169.3609,0.5322,0.0047,-0.0028,pathgraph
950.9920,100070.5380,84928.6977,169.3581,0.5369,0.0047,-0.0028,pathgraph
951.9920,100071.3976,84929.2086,169.3553,0.5416,0.0047,-0.0028,pathgraph
952.9920,100072.2516,84929.7288,169.3526,0.5463,0.0047,-0.0027,pathgraph
953.9920,100073.1057,84930.2490,169.3499,0.5510,0.0047,-0.0027,pathgraph
954.9919,100073.9562,84930.7749,169.3472,0.5556,0.0046,-0.0027,pathgraph
955.9919,100074.8041,84931.3050,169.3445,0.5601,0.0045,-0.0027,pathgraph
956.9919,100075.6515,84931.8359,169.3418,0.5647,0.0044,-0.0027,pathgraph
957.9919,100076.4929,84932.3763,169.3392,0.5690,0.0044,-0.0026,pathgraph
958.9919,100077.3343,84932.9167,169.3366,0.5734,0.0044,-0.0026,pathgraph
959.9919,100078.1751,84933.4580,169.3339,0.5778,0.0043,-0.0026,pathgraph
960.9919,100079.0099,84934.0085,169.3313,0.5824,0.0045,-0.0026,pathgraph
961.9919,100079.8447,84934.5590,169.3288,0.5869,0.0047,-0.0026,pathgraph
962.9919,100080.6756,84935.1155,169.3262,0.5919,0.0050,-0.0026,pathgraph
963.9918,100081.5037,84935.6761,169.3237,0.5971,0.0053,-0.0025,pathgraph
964.9918,100082.3311,84936.2377,169.3211,0.6024,0.0057,-0.0025,pathgraph
965.9918,100083.1511,84936.8100,169.3186,0.6085,0.0061,-0.0025,pathgraph
966.9918,100083.9712,84937.3823,169.3161,0.6146,0.0064,-0.0025,pathgraph
967.9918,100084.7863,84937.9615,169.3137,0.6211,0.0067,-0.0025,pathgraph
968.9918,100085.5979,84938.5456,169.3112,0.6279,0.0069,-0.0025,pathgraph
969.9917,100086.4048,84939.1363,169.3088,0.6347,0.0070,-0.0025,pathgraph
970.9917,100087.2083,84939.7316,169.3063,0.6417,0.0069,-0.0024,pathgraph
971.9917,100088.0065,84940.3340,169.3039,0.6484,0.0067,-0.0024,pathgraph
972.9917,100088.8007,84940.9415,169.3015,0.6549,0.0064,-0.0024,pathgraph
973.9917,100089.5943,84941.5500,169.2991,0.6614,0.0061,-0.0024,pathgraph
974.9917,100090.3792,84942.1696,169.2967,0.6669,0.0056,-0.0024,pathgraph
975.9917,100091.1642,84942.7891,169.2943,0.6724,0.0051,-0.0024,pathgraph
976.9916,100091.9443,84943.4147,169.2920,0.6772,0.0047,-0.0024,pathgraph
977.9916,100092.7209,84944.0447,169.2896,0.6815,0.0042,-0.0024,pathgraph
978.9916,100093.4975,84944.6746,169.2872,0.6858,0.0038,-0.0024,pathgraph
979.9916,100094.2700,84945.3097,169.2849,0.6896,0.0036,-0.0023,pathgraph
980.9916,100095.0394,84945.9484,169.2826,0.6931,0.0035,-0.0023,pathgraph
981.9916,100095.8088,84946.5872,169.2802,0.6966,0.0033,-0.0023,pathgraph
982.9916,100096.5744,84947.2304,169.2779,0.6999,0.0033,-0.0023,pathgraph
983.9916,100097.3373,84947.8769,169.2756,0.7033,0.0033,-0.0023,pathgraph
984.9915,100098.1002,84948.5234,169.2733,0.7066,0.0033,-0.0023,pathgraph
985.9915,100098.8592,84949.1745,169.2710,0.7101,0.0035,-0.0023,pathgraph
986.9915,100099.6154,84949.8288,169.2687,0.7138,0.0037,-0.0023,pathgraph
987.9915,100100.3717,84950.4831,169.2664,0.7174,0.0039,-0.0023,pathgraph
988.9915,100101.1236,84951.1422,169.2641,0.7216,0.0042,-0.0023,pathgraph
989.9915,100101.8726,84951.8049,169.2618,0.7261,0.0046,-0.0023,pathgraph
990.9915,100102.6208,84952.4683,169.2595,0.7306,0.0050,-0.0023,pathgraph
991.9915,100103.3614,84953.1402,169.2572,0.7361,0.0054,-0.0023,pathgraph
992.9915,100104.1021,84953.8121,169.2549,0.7416,0.0058,-0.0023,pathgraph
993.9914,100104.8369,84954.4903,169.2526,0.7475,0.0061,-0.0023,pathgraph
994.9914,100105.5675,84955.1731,169.2503,0.7538,0.0064,-0.0023,pathgraph
995.9914,100106.2973,84955.8567,169.2480,0.7601,0.0066,-0.0023,pathgraph
996.9914,100107.0178,84956.5502,169.2457,0.7668,0.0067,-0.0023,pathgraph
997.9914,100107.7375,84957.2444,169.2434,0.7736,0.0068,-0.0023,pathgraph
998.9914,100108.4486,84957.9476,169.2411,0.7803,0.0068,-0.0023,pathgraph
999.9913,100109.1587,84958.6516,169.2388,0.7871,0.0068,-0.0023,pathgraph
1000.9913,100109.8591,84959.3654,169.2365,0.7937,0.0066,-0.0023,pathgraph
1001.9913,100110.5594,84960.0792,169.2341,0.8004,0.0065,-0.0023,pathgraph
1002.9913,100111.2530,84960.7995,169.2318,0.8068,0.0064,-0.0023,pathgraph
1003.9913,100111.9417,84961.5245,169.2295,0.8130,0.0062,-0.0023,pathgraph
1004.9913,100112.6295,84962.2503,169.2272,0.8192,0.0060,-0.0024,pathgraph
1005.9913,100113.3074,84962.9855,169.2248,0.8249,0.0057,-0.0024,pathgraph
1006.9913,100113.9852,84963.7208,169.2225,0.8305,0.0054,-0.0024,pathgraph
1007.9912,100114.6573,84964.4612,169.2201,0.8358,0.0052,-0.0024,pathgraph
1008.9912,100115.3253,84965.2053,169.2177,0.8408,0.0049,-0.0024,pathgraph
1009.9912,100115.9926,84965.9501,169.2153,0.8457,0.0047,-0.0024,pathgraph
1010.9912,100116.6517,84966.7021,169.2129,0.8503,0.0046,-0.0024,pathgraph
1011.9912,100117.3108,84967.4542,169.2105,0.8549,0.0045,-0.0024,pathgraph
1012.9912,100117.9650,84968.2105,169.2081,0.8595,0.0045,-0.0024,pathgraph
1013.9912,100118.6155,84968.9700,169.2057,0.8640,0.0046,-0.0024,pathgraph
1014.9912,100119.2654,84969.7300,169.2033,0.8686,0.0047,-0.0025,pathgraph
1015.9911,100119.9068,84970.4972,169.2008,0.8737,0.0051,-0.0025,pathgraph
1016.9911,100120.5483,84971.2643,169.1983,0.8788,0.0054,-0.0025,pathgraph
1017.9911,100121.1835,84972.0366,169.1959,0.8845,0.0058,-0.0025,pathgraph
1018.9911,100121.8142,84972.8126,169.1934,0.8906,0.0062,-0.0025,pathgraph
1019.9911,100122.4440,84973.5894,169.1909,0.8967,0.0066,-0.0025,pathgraph
1020.9911,100123.0633,84974.3745,169.1883,0.9037,0.0070,-0.0025,pathgraph
1021.9911,100123.6816,84975.1604,169.1858,0.9107,0.0074,-0.0026,pathgraph
1022.9911,100124.2893,84975.9546,169.1832,0.9184,0.0077,-0.0026,pathgraph
1023.9910,100124.8959,84976.7496,169.1806,0.9262,0.0081,-0.0026,pathgraph
1024.9910,100125.4907,84977.5534,169.1780,0.9345,0.0083,-0.0026,pathgraph
1025.9910,100126.0844,84978.3581,169.1754,0.9428,0.0086,-0.0026,pathgraph
1026.9910,100126.6654,84979.1720,169.1728,0.9516,0.0088,-0.0027,pathgraph
1027.9910,100127.2452,84979.9867,169.1701,0.9604,0.0090,-0.0027,pathgraph
1028.9910,100127.8116,84980.8109,169.1674,0.9696,0.0092,-0.0027,pathgraph
1029.9910,100128.3766,84981.6359,169.1647,0.9788,0.0094,-0.0027,pathgraph
1030.9909,100128.9274,84982.4705,169.1620,0.9883,0.0095,-0.0027,pathgraph
1031.9909,100129.4769,84983.3060,169.1593,0.9977,0.0095,-0.0028,pathgraph
1032.9909,100130.0118,84984.1509,169.1565,1.0071,0.0093,-0.0028,pathgraph
1033.9909,100130.5455,84984.9966,169.1537,1.0163,0.0091,-0.0028,pathgraph
1034.9909,100131.0650,84985.8510,169.1509,1.0251,0.0088,-0.0028,pathgraph
1035.9909,100131.5833,84986.7062,169.1481,1.0339,0.0084,-0.0028,pathgraph
1036.9909,100132.0883,84987.5693,169.1453,1.0419,0.0081,-0.0029,pathgraph
1037.9908,100132.5922,84988.4331,169.1424,1.0500,0.0077,-0.0029,pathgraph
1038.9908,100133.0838,84989.3039,169.1395,1.0573,0.0073,-0.0029,pathgraph
1039.9908,100133.5744,84990.1753,169.1366,1.0646,0.0070,-0.0029,pathgraph
1040.9908,100134.0536,84991.0529,169.1336,1.0715,0.0068,-0.0030,pathgraph
1041.9908,100134.5318,84991.9312,169.1307,1.0783,0.0066,-0.0030,pathgraph
1042.9908,100134.9979,84992.8159,169.1277,1.0848,0.0066,-0.0030,pathgraph
1043.9908,100135.4640,84993.7006,169.1247,1.0914,0.0065,-0.0030,pathgraph
1044.9907,100135.9216,84994.5897,169.1216,1.0979,0.0065,-0.0030,pathgraph
1045.9907,100136.3733,84995.4819,169.1186,1.1044,0.0065,-0.0031,pathgraph
1046.9907,100136.8237,84996.3747,169.1155,1.1108,0.0064,-0.0031,pathgraph
1047.9907,100137.2609,84997.2741,169.1124,1.1172,0.0064,-0.0031,pathgraph
1048.9907,100137.6981,84998.1734,169.1093,1.1237,0.0064,-0.0031,pathgraph
1049.9907,100138.1269,84999.0768,169.1061,1.1299,0.0063,-0.0032,pathgraph
1050.9907,100138.5498,84999.9829,169.1029,1.1361,0.0061,-0.0032,pathgraph
1051.9906,100138.9716,85000.8896,169.0998,1.1423,0.0060,-0.0032,pathgraph
1052.9906,100139.3811,85001.8019,169.0965,1.1479,0.0057,-0.0033,pathgraph
1053.9906,100139.7905,85002.7143,169.0933,1.1535,0.0053,-0.0033,pathgraph
1054.9906,100140.1925,85003.6299,169.0900,1.1584,0.0049,-0.0033,pathgraph
1055.9906,100140.5893,85004.5478,169.0867,1.1627,0.0043,-0.0033,pathgraph
1056.9906,100140.9860,85005.4657,169.0833,1.1671,0.0038,-0.0034,pathgraph
1057.9906,100141.3767,85006.3862,169.0800,1.1701,0.0031,-0.0034,pathgraph
1058.9906,100141.7630,85007.3086,169.0766,1.1723,0.0024,-0.0034,pathgraph
1059.9905,100142.1493,85008.2309,169.0732,1.1744,0.0017,-0.0034,pathgraph
1060.9905,100142.5357,85009.1533,169.0698,1.1766,0.0010,-0.0034,pathgraph
1061.9905,100142.9196,85010.0766,169.0663,1.1775,0.0007,-0.0035,pathgraph
1062.9905,100143.3018,85011.0007,169.0627,1.1775,0.0005,-0.0035,pathgraph
1063.9905,100143.6840,85011.9248,169.0591,1.1775,0.0003,-0.0035,pathgraph
1064.9905,100144.0662,85012.8488,169.0555,1.1775,0.0002,-0.0036,pathgraph
1065.9905,100144.4484,85013.7729,169.0519,1.1775,0.0000,-0.0036,pathgraph
1066.9905,100144.8306,85014.6970,169.0484,1.1775,-0.0001,-0.0036,pathgraph
1067.9905,100145.2128,85015.6211,169.0448,1.1776,-0.0003,-0.0036,pathgraph
1068.9905,100145.5950,85016.5451,169.0412,1.1776,-0.0004,-0.0037,pathgraph
1069.9905,100145.9772,85017.4692,169.0376,1.1776,-0.0006,-0.0037,pathgraph
1070.9905,100146.3596,85018.3932,169.0340,1.1776,-0.0007,-0.0037,pathgraph
1071.9905,100146.7447,85019.3161,169.0302,1.1773,-0.0006,-0.0037,pathgraph
1072.9904,100147.1297,85020.2389,169.0264,1.1770,-0.0005,-0.0038,pathgraph
1073.9904,100147.5148,85021.1618,169.0226,1.1766,-0.0004,-0.0038,pathgraph
1074.9904,100147.8998,85022.0847,169.0187,1.1763,-0.0004,-0.0038,pathgraph
1075.9904,100148.2849,85023.0076,169.0149,1.1760,-0.0003,-0.0038,pathgraph
1076.9904,100148.6700,85023.9305,169.0111,1.1757,-0.0002,-0.0038,pathgraph
1077.9904,100149.0550,85024.8534,169.0073,1.1754,-0.0001,-0.0039,pathgraph
1078.9904,100149.4401,85025.7762,169.0035,1.1751,-0.0000,-0.0039,pathgraph
1079.9904,100149.8252,85026.6991,168.9996,1.1748,0.0000,-0.0039,pathgraph
1080.9904,100150.2106,85027.6218,168.9957,1.1747,0.0001,-0.0039,pathgraph
1081.9904,100150.5963,85028.5445,168.9916,1.1747,0.0001,-0.0040,pathgraph
1082.9904,100150.9820,85029.4671,168.9876,1.1747,0.0000,-0.0040,pathgraph
1083.9904,100151.3678,85030.3897,168.9836,1.1747,0.0000,-0.0040,pathgraph
1084.9904,100151.7535,85031.3123,168.9795,1.1747,-0.0000,-0.0040,pathgraph
1085.9904,100152.1392,85032.2349,168.9755,1.1747,-0.0000,-0.0040,pathgraph
1086.9903,100152.5249,85033.1575,168.9714,1.1747,-0.0000,-0.0041,pathgraph
1087.9903,100152.9106,85034.0801,168.9674,1.1747,-0.0001,-0.0041,pathgraph
1088.9903,100153.2963,85035.0027,168.9633,1.1747,-0.0001,-0.0041,pathgraph
1089.9903,100153.6821,85035.9253,168.9593,1.1747,-0.0001,-0.0041,pathgraph
1090.9903,100154.0677,85036.8480,168.9551,1.1748,-0.0000,-0.0042,pathgraph
1091.9903,100154.4533,85037.7706,168.9508,1.1749,0.0000,-0.0042,pathgraph
1092.9903,100154.8390,85038.6933,168.9466,1.1750,0.0000,-0.0042,pathgraph
1093.9903,100155.2246,85039.6159,168.9424,1.1751,0.0001,-0.0042,pathgraph
1094.9903,100155.6103,85040.5385,168.9381,1.1753,0.0001,-0.0042,pathgraph
1095.9903,100155.9959,85041.4612,168.9339,1.1754,0.0002,-0.0042,pathgraph
1096.9903,100156.3815,85042.3838,168.9297,1.1755,0.0002,-0.0043,pathgraph
1097.9903,100156.7672,85043.3065,168.9255,1.1756,0.0003,-0.0043,pathgraph
1098.9903,100157.1528,85044.2291,168.9212,1.1757,0.0003,-0.0043,pathgraph
1099.9902,100157.5374,85045.1522,168.9169,1.1759,0.0003,-0.0043,pathgraph
1100.9902,100157.9213,85046.0756,168.9125,1.1760,0.0003,-0.0043,pathgraph
1101.9902,100158.3051,85046.9989,168.9082,1.1762,0.0002,-0.0043,pathgraph
1102.9902,100158.6890,85047.9223,168.9038,1.1764,0.0002,-0.0043,pathgraph
1103.9902,100159.0728,85048.8457,168.8994,1.1766,0.0002,-0.0044,pathgraph
1104.9902,100159.4567,85049.7691,168.8951,1.1767,0.0001,-0.0044,pathgraph
1105.9902,100159.8405,85050.6925,168.8907,1.1769,0.0001,-0.0044,pathgraph
1106.9902,100160.2244,85051.6159,168.8863,1.1771,0.0001,-0.0044,pathgraph
1107.9902,100160.6083,85052.5393,168.8820,1.1772,0.0000,-0.0044,pathgraph
1108.9902,100160.9921,85053.4627,168.8776,1.1774,0.0000,-0.0044,pathgraph
1109.9902,100161.3756,85054.3862,168.8731,1.1773,-0.0000,-0.0044,pathgraph
1110.9902,100161.7591,85055.3097,168.8687,1.1772,-0.0000,-0.0044,pathgraph
1111.9902,100162.1426,85056.2332,168.8642,1.1772,-0.0000,-0.0044,pathgraph
1112.9902,100162.5261,85057.1568,168.8598,1.1771,-0.0001,-0.0044,pathgraph
1113.9901,100162.9097,85058.0803,168.8553,1.1770,-0.0001,-0.0044,pathgraph
1114.9901,100163.2932,85059.0038,168.8508,1.1770,-0.0001,-0.0044,pathgraph
1115.9901,100163.6767,85059.9273,168.8464,1.1769,-0.0001,-0.0045,pathgraph
1116.9901,100164.0602,85060.8509,168.8419,1.1768,-0.0001,-0.0045,pathgraph
1117.9901,100164.4437,85061.7744,168.8375,1.1767,-0.0002,-0.0045,pathgraph
1118.9901,100164.8277,85062.6977,168.8330,1.1767,-0.0001,-0.0045,pathgraph
1119.9901,100165.2120,85063.6209,168.8285,1.1766,-0.0001,-0.0045,pathgraph
1120.9901,100165.5962,85064.5442,168.8240,1.1766,-0.0001,-0.0045,pathgraph
1121.9901,100165.9805,85065.4674,168.8196,1.1765,-0.0001,-0.0045,pathgraph
1122.9901,100166.3648,85066.3906,168.8151,1.1765,-0.0000,-0.0045,pathgraph
1123.9901,100166.7491,85067.3138,168.8106,1.1765,-0.0000,-0.0045,pathgraph
1124.9901,100167.1334,85068.2370,168.8061,1.1764,0.0000,-0.0045,pathgraph
1125.9901,100167.5177,85069.1602,168.8016,1.1764,0.0001,-0.0045,pathgraph
1126.9900,100167.9019,85070.0834,168.7972,1.1763,0.0001,-0.0045,pathgraph
1127.9900,100168.2862,85071.0066,168.7927,1.1764,0.0001,-0.0045,pathgraph
1128.9900,100168.6700,85071.9300,168.7882,1.1765,0.0001,-0.0045,pathgraph
1129.9900,100169.0538,85072.8534,168.7838,1.1765,0.0001,-0.0045,pathgraph
1130.9900,100169.4377,85073.7768,168.7793,1.1766,0.0001,-0.0045,pathgraph
1131.9900,100169.8215,85074.7002,168.7748,1.1767,0.0001,-0.0044,pathgraph
1132.9900,100170.2053,85075.6236,168.7704,1.1767,0.0000,-0.0044,pathgraph
1133.9900,100170.5892,85076.5470,168.7659,1.1768,0.0000,-0.0044,pathgraph
1134.9900,100170.9730,85077.4704,168.7615,1.1768,0.0000,-0.0044,pathgraph
1135.9900,100171.3568,85078.3938,168.7570,1.1769,-0.0000,-0.0044,pathgraph
1136.9900,100171.7406,85079.3172,168.7526,1.1770,-0.0000,-0.0044,pathgraph
1137.9900,100172.1245,85080.2406,168.7481,1.1770,-0.0000,-0.0044,pathgraph
1138.9900,100172.5084,85081.1639,168.7438,1.1769,-0.0000,-0.0044,pathgraph
1139.9899,100172.8923,85082.0873,168.7394,1.1769,-0.0000,-0.0044,pathgraph
1140.9899,100173.2761,85083.0107,168.7350,1.1768,-0.0000,-0.0044,pathgraph
1141.9899,100173.6600,85083.9341,168.7306,1.1768,-0.0000,-0.0044,pathgraph
1142.9899,100174.0439,85084.8574,168.7262,1.1768,-0.0000,-0.0044,pathgraph
1143.9899,100174.4278,85085.7808,168.7218,1.1767,-0.0000,-0.0044,pathgraph
1144.9899,100174.8116,85086.7042,168.7174,1.1767,-0.0000,-0.0044,pathgraph
1145.9899,100175.1955,85087.6276,168.7130,1.1767,-0.0000,-0.0043,pathgraph
1146.9899,100175.5794,85088.5510,168.7087,1.1766,-0.0000,-0.0043,pathgraph
1147.9899,100175.9633,85089.4743,168.7044,1.1767,-0.0000,-0.0043,pathgraph
1148.9899,100176.3473,85090.3976,168.7001,1.1767,0.0000,-0.0043,pathgraph
1149.9899,100176.7312,85091.3210,168.6958,1.1768,0.0000,-0.0043,pathgraph
1150.9899,100177.1152,85092.2443,168.6915,1.1768,0.0000,-0.0043,pathgraph
1151.9899,100177.4991,85093.1677,168.6872,1.1769,0.0001,-0.0043,pathgraph
1152.9899,100177.8831,85094.0910,168.6829,1.1770,0.0001,-0.0043,pathgraph
1153.9898,100178.2670,85095.0144,168.6786,1.1770,0.0001,-0.0043,pathgraph
1154.9898,100178.6510,85095.9377,168.6744,1.1771,0.0001,-0.0042,pathgraph
1155.9898,100179.0349,85096.8611,168.6701,1.1771,0.0001,-0.0042,pathgraph
1156.9898,100179.4185,85097.7846,168.6659,1.1772,0.0001,-0.0042,pathgraph
1157.9898,100179.8017,85098.7082,168.6617,1.1772,0.0001,-0.0042,pathgraph
1158.9898,100180.1850,85099.6319,168.6575,1.1772,0.0001,-0.0042,pathgraph
1159.9898,100180.5683,85100.5555,168.6534,1.1772,0.0001,-0.0042,pathgraph
1160.9898,100180.9515,85101.4791,168.6492,1.1773,0.0000,-0.0042,pathgraph
1161.9898,100181.3348,85102.4027,168.6450,1.1773,0.0000,-0.0042,pathgraph
1162.9898,100181.7181,85103.3264,168.6409,1.1773,-0.0000,-0.0041,pathgraph
1163.9898,100182.1013,85104.2500,168.6367,1.1773,-0.0000,-0.0041,pathgraph
1164.9898,100182.4846,85105.1736,168.6325,1.1774,-0.0001,-0.0041,pathgraph
1165.9898,100182.8679,85106.0972,168.6284,1.1774,-0.0001,-0.0041,pathgraph
1166.9897,100183.2518,85107.0206,168.6243,1.1772,-0.0001,-0.0041,pathgraph
1167.9897,100183.6356,85107.9440,168.6203,1.1771,-0.0001,-0.0041,pathgraph
1168.9897,100184.0195,85108.8674,168.6162,1.1770,-0.0001,-0.0041,pathgraph
1169.9897,100184.4034,85109.7908,168.6122,1.1768,-0.0001,-0.0041,pathgraph
1170.9897,100184.7872,85110.7141,168.6081,1.1767,-0.0001,-0.0041,pathgraph
1171.9897,100185.1711,85111.6375,168.6041,1.1766,-0.0001,-0.0040,pathgraph
1172.9897,100185.5550,85112.5609,168.6000,1.1764,-0.0002,-0.0040,pathgraph
1173.9897,100185.9388,85113.4843,168.5960,1.1763,-0.0002,-0.0040,pathgraph
1174.9897,100186.3227,85114.4077,168.5919,1.1762,-0.0002,-0.0040,pathgraph
1175.9897,100186.7069,85115.3309,168.5879,1.1762,-0.0001,-0.0040,pathgraph
1176.9897,100187.0915,85116.2540,168.5839,1.1763,-0.0001,-0.0040,pathgraph
1177.9897,100187.4760,85117.1771,168.5800,1.1763,-0.0000,-0.0040,pathgraph
1178.9897,100187.8605,85118.1002,168.5760,1.1764,0.0000,-0.0040,pathgraph
1179.9897,100188.2450,85119.0233,168.5720,1.1765,0.0001,-0.0040,pathgraph
1180.9896,100188.6295,85119.9465,168.5680,1.1766,0.0001,-0.0040,pathgraph
1181.9896,100189.0140,85120.8696,168.5641,1.1767,0.0002,-0.0040,pathgraph
1182.9896,100189.3985,85121.7927,168.5601,1.1768,0.0002,-0.0040,pathgraph
1183.9896,100189.7830,85122.7158,168.5561,1.1769,0.0003,-0.0040,pathgraph
1184.9896,100190.1674,85123.6389,168.5521,1.1770,0.0003,-0.0040,pathgraph
1185.9896,100190.5507,85124.5626,168.5482,1.1769,0.0003,-0.0040,pathgraph
1186.9896,100190.9340,85125.4862,168.5442,1.1769,0.0002,-0.0040,pathgraph
1187.9896,100191.3173,85126.4098,168.5402,1.1769,0.0001,-0.0040,pathgraph
1188.9896,100191.7006,85127.3334,168.5363,1.1768,0.0000,-0.0040,pathgraph
1189.9896,100192.0839,85128.2570,168.5323,1.1768,-0.0001,-0.0040,pathgraph
1190.9896,100192.4672,85129.1806,168.5283,1.1767,-0.0001,-0.0040,pathgraph
1191.9896,100192.8505,85130.1043,168.5244,1.1767,-0.0002,-0.0040,pathgraph
1192.9896,100193.2338,85131.0279,168.5204,1.1767,-0.0003,-0.0040,pathgraph
1193.9895,100193.6171,85131.9515,168.5165,1.1766,-0.0004,-0.0040,pathgraph
1194.9895,100194.0015,85132.8747,168.5124,1.1765,-0.0004,-0.0040,pathgraph
1195.9895,100194.3866,85133.7975,168.5084,1.1764,-0.0003,-0.0041,pathgraph
1196.9895,100194.7717,85134.7204,168.5043,1.1762,-0.0003,-0.0041,pathgraph
1197.9895,100195.1568,85135.6433,168.5002,1.1761,-0.0002,-0.0041,pathgraph
1198.9895,100195.5419,85136.5661,168.4962,1.1760,-0.0002,-0.0041,pathgraph
1199.9895,100195.9270,85137.4890,168.4921,1.1758,-0.0001,-0.0041,pathgraph
1200.9895,100196.3121,85138.4119,168.4880,1.1757,-0.0000,-0.0041,pathgraph
1201.9895,100196.6972,85139.3347,168.4840,1.1755,0.0000,-0.0042,pathgraph
1202.9895,100197.0823,85140.2576,168.4799,1.1754,0.0001,-0.0042,pathgraph
1203.9895,100197.4674,85141.1805,168.4758,1.1753,0.0001,-0.0042,pathgraph
1204.9895,100197.8523,85142.1034,168.4715,1.1753,0.0001,-0.0043,pathgraph
1205.9895,100198.2373,85143.0263,168.4671,1.1754,0.0001,-0.0043,pathgraph
1206.9894,100198.6222,85143.9493,168.4628,1.1754,0.0001,-0.0043,pathgraph
1207.9894,100199.0072,85144.8722,168.4585,1.1755,0.0001,-0.0044,pathgraph
1208.9894,100199.3921,85145.7951,168.4542,1.1755,0.0000,-0.0044,pathgraph
1209.9894,100199.7771,85146.7181,168.4498,1.1756,0.0000,-0.0044,pathgraph
1210.9894,100200.1620,85147.6410,168.4455,1.1756,0.0000,-0.0045,pathgraph
1211.9894,100200.5469,85148.5639,168.4412,1.1757,-0.0000,-0.0045,pathgraph
1212.9894,100200.9319,85149.4869,168.4368,1.1757,-0.0000,-0.0046,pathgraph
1213.9894,100201.3164,85150.4100,168.4322,1.1759,-0.0000,-0.0046,pathgraph
1214.9894,100201.7005,85151.3332,168.4275,1.1762,0.0000,-0.0047,pathgraph
1215.9894,100202.0847,85152.2565,168.4227,1.1764,0.0001,-0.0047,pathgraph
1216.9894,100202.4689,85153.1797,168.4179,1.1767,0.0001,-0.0048,pathgraph
1217.9894,100202.8530,85154.1030,168.4131,1.1769,0.0002,-0.0049,pathgraph
1218.9894,100203.2372,85155.0263,168.4083,1.1772,0.0002,-0.0049,pathgraph
1219.9894,100203.6214,85155.9495,168.4035,1.1774,0.0003,-0.0050,pathgraph
1220.9893,100204.0055,85156.8728,168.3987,1.1777,0.0003,-0.0050,pathgraph
1221.9893,100204.3897,85157.7960,168.3939,1.1779,0.0003,-0.0051,pathgraph
1222.9893,100204.7737,85158.7193,168.3890,1.1782,0.0004,-0.0052,pathgraph
1223.9893,100205.1562,85159.6433,168.3835,1.1783,0.0001,-0.0053,pathgraph
1224.9893,100205.5387,85160.5672,168.3780,1.1783,0.0001,-0.0054,pathgraph
1225.9893,100205.9212,85161.4912,168.3725,1.1783,0.0001,-0.0054,pathgraph
1226.9893,100206.3037,85162.4151,168.3670,1.1784,0.0001,-0.0055,pathgraph
1227.9893,100206.6862,85163.3391,168.3615,1.1784,0.0001,-0.0056,pathgraph
1228.9893,100207.0687,85164.2630,168.3560,1.1784,0.0001,-0.0057,pathgraph
1229.9893,100207.4512,85165.1870,168.3505,1.1784,0.0001,-0.0058,pathgraph
1230.9893,100207.8337,85166.1109,168.3450,1.1784,0.0000,-0.0058,pathgraph
1231.9893,100208.2162,85167.0349,168.3395,1.1784,0.0000,-0.0060,pathgraph
1232.9893,100208.5989,85167.9588,168.3334,1.1783,0.0000,-0.0061,pathgraph
1233.9892,100208.9816,85168.8826,168.3269,1.1781,-0.0000,-0.0062,pathgraph
1234.9892,100209.3644,85169.8064,168.3205,1.1780,-0.0001,-0.0063,pathgraph
1235.9892,100209.7472,85170.7303,168.3140,1.1779,-0.0001,-0.0064,pathgraph
1236.9892,100210.1300,85171.6541,168.3075,1.1777,-0.0001,-0.0066,pathgraph
1237.9892,100210.5127,85172.5779,168.3010,1.1776,-0.0002,-0.0067,pathgraph
1238.9892,100210.8955,85173.5018,168.2945,1.1775,-0.0002,-0.0068,pathgraph
1239.9892,100211.2783,85174.4256,168.2880,1.1773,-0.0002,-0.0069,pathgraph
1240.9892,100211.6611,85175.3494,168.2815,1.1772,-0.0003,-0.0070,pathgraph
1241.9892,100212.0439,85176.2732,168.2750,1.1771,-0.0003,-0.0072,pathgraph
1242.9892,100212.4276,85177.1967,168.2672,1.1772,-0.0002,-0.0073,pathgraph
1243.9892,100212.8113,85178.1201,168.2594,1.1774,-0.0001,-0.0075,pathgraph
1244.9892,100213.1950,85179.0436,168.2516,1.1775,-0.0000,-0.0076,pathgraph
1245.9892,100213.5787,85179.9670,168.2439,1.1777,0.0001,-0.0078,pathgraph
1246.9892,100213.9623,85180.8905,168.2361,1.1778,0.0002,-0.0079,pathgraph
1247.9891,100214.3460,85181.8140,168.2283,1.1780,0.0003,-0.0080,pathgraph
1248.9891,100214.7297,85182.7374,168.2206,1.1781,0.0004,-0.0082,pathgraph
1249.9891,100215.1134,85183.6609,168.2128,1.1783,0.0005,-0.0083,pathgraph
1250.9891,100215.4971,85184.5843,168.2050,1.1784,0.0006,-0.0085,pathgraph
1251.9891,100215.8796,85185.5083,168.1963,1.1784,0.0005,-0.0087,pathgraph
1252.9891,100216.2613,85186.4325,168.1869,1.1783,0.0004,-0.0089,pathgraph
1253.9891,100216.6430,85187.3568,168.1776,1.1782,0.0002,-0.0090,pathgraph
1254.9891,100217.0247,85188.2811,168.1682,1.1781,0.0001,-0.0092,pathgraph
1255.9891,100217.4064,85189.2054,168.1588,1.1780,-0.0001,-0.0094,pathgraph
1256.9891,100217.7881,85190.1297,168.1494,1.1779,-0.0002,-0.0096,pathgraph
1257.9891,100218.1697,85191.0540,168.1401,1.1778,-0.0004,-0.0098,pathgraph
1258.9891,100218.5514,85191.9782,168.1307,1.1777,-0.0005,-0.0100,pathgraph
1259.9891,100218.9331,85192.9025,168.1213,1.1776,-0.0007,-0.0102,pathgraph
1260.9890,100219.3151,85193.8267,168.1118,1.1774,-0.0008,-0.0104,pathgraph
1261.9890,100219.7004,85194.7495,168.1011,1.1763,-0.0010,-0.0106,pathgraph
1262.9890,100220.0858,85195.6722,168.0903,1.1751,-0.0011,-0.0108,pathgraph
1263.9890,100220.4711,85196.5950,168.0796,1.1740,-0.0013,-0.0110,pathgraph
1264.9890,100220.8564,85197.5178,168.0688,1.1729,-0.0014,-0.0112,pathgraph
1265.9890,100221.2443,85198.4395,168.0573,1.1723,-0.0012,-0.0114,pathgraph
1266.9890,100221.6340,85199.3604,168.0454,1.1723,-0.0008,-0.0116,pathgraph
1267.9890,100222.0237,85200.2814,168.0334,1.1722,-0.0004,-0.0118,pathgraph
1268.9890,100222.4134,85201.2023,168.0214,1.1721,0.0001,-0.0121,pathgraph
1269.9890,100222.8031,85202.1232,168.0094,1.1720,0.0005,-0.0123,pathgraph
1270.9890,100223.1927,85203.0442,167.9975,1.1719,0.0010,-0.0125,pathgraph
1271.9890,100223.5820,85203.9653,167.9853,1.1719,0.0013,-0.0127,pathgraph
1272.9890,100223.9667,85204.8883,167.9716,1.1725,0.0012,-0.0130,pathgraph
1273.9889,100224.3513,85205.8114,167.9578,1.1731,0.0010,-0.0132,pathgraph
1274.9889,100224.7360,85206.7344,167.9441,1.1737,0.0009,-0.0135,pathgraph
1275.9889,100225.1206,85207.6575,167.9304,1.1743,0.0007,-0.0137,pathgraph
1276.9889,100225.5053,85208.5805,167.9166,1.1749,0.0005,-0.0139,pathgraph
1277.9889,100225.8899,85209.5036,167.9029,1.1755,0.0004,-0.0140,pathgraph
1278.9889,100226.2746,85210.4267,167.8891,1.1761,0.0002,-0.0142,pathgraph
1279.9889,100226.6592,85211.3497,167.8754,1.1767,0.0001,-0.0144,pathgraph
1280.9889,100227.0439,85212.2728,167.8616,1.1773,-0.0001,-0.0146,pathgraph
1281.9889,100227.4282,85213.1959,167.8467,1.1774,-0.0002,-0.0149,pathgraph
1282.9889,100227.8123,85214.1192,167.8310,1.1772,-0.0002,-0.0151,pathgraph
1283.9889,100228.1965,85215.0425,167.8153,1.1769,-0.0002,-0.0153,pathgraph
1284.9889,100228.5806,85215.9658,167.7996,1.1767,-0.0002,-0.0155,pathgraph
1285.9889,100228.9647,85216.8890,167.7838,1.1764,-0.0002,-0.0157,pathgraph
1286.9888,100229.3489,85217.8123,167.7681,1.1762,-0.0003,-0.0158,pathgraph
1287.9888,100229.7330,85218.7356,167.7524,1.1759,-0.0003,-0.0160,pathgraph
1288.9888,100230.1171,85219.6589,167.7366,1.1757,-0.0003,-0.0162,pathgraph
1289.9888,100230.5012,85220.5821,167.7209,1.1754,-0.0003,-0.0164,pathgraph
1290.9888,100230.8855,85221.5053,167.7050,1.1752,-0.0003,-0.0167,pathgraph
1291.9888,100231.2711,85222.4280,167.6874,1.1753,-0.0002,-0.0169,pathgraph
1292.9888,100231.6566,85223.3507,167.6699,1.1754,-0.0001,-0.0171,pathgraph
1293.9888,100232.0422,85224.2733,167.6523,1.1755,-0.0001,-0.0173,pathgraph
1294.9888,100232.4278,85225.1960,167.6347,1.1756,0.0000,-0.0174,pathgraph
1295.9888,100232.8134,85226.1187,167.6171,1.1757,0.0001,-0.0176,pathgraph
1296.9888,100233.1989,85227.0414,167.5995,1.1758,0.0002,-0.0178,pathgraph
1297.9888,100233.5845,85227.9640,167.5820,1.1759,0.0003,-0.0179,pathgraph
1298.9888,100233.9701,85228.8867,167.5644,1.1760,0.0004,-0.0181,pathgraph
1299.9888,100234.3557,85229.8094,167.5468,1.1760,0.0005,-0.0183,pathgraph
1300.9887,100234.7398,85230.7326,167.5282,1.1762,0.0005,-0.0186,pathgraph
1301.9887,100235.1229,85231.6563,167.5089,1.1764,0.0004,-0.0188,pathgraph
1302.9887,100235.5061,85232.5800,167.4896,1.1767,0.0004,-0.0189,pathgraph
1303.9887,100235.8892,85233.5037,167.4703,1.1769,0.0003,-0.0191,pathgraph
1304.9887,100236.2723,85234.4274,167.4510,1.1771,0.0002,-0.0192,pathgraph
1305.9887,100236.6554,85235.3511,167.4317,1.1773,0.0002,-0.0194,pathgraph
1306.9887,100237.0386,85236.2747,167.4124,1.1775,0.0001,-0.0196,pathgraph
1307.9887,100237.4217,85237.1984,167.3931,1.1778,0.0000,-0.0197,pathgraph
1308.9887,100237.8048,85238.1221,167.3738,1.1780,-0.0000,-0.0199,pathgraph
1309.9887,100238.1879,85239.0458,167.3544,1.1782,-0.0001,-0.0201,pathgraph
1310.9887,100238.5706,85239.9697,167.3335,1.1782,-0.0001,-0.0203,pathgraph
1311.9887,100238.9533,85240.8936,167.3126,1.1782,-0.0000,-0.0205,pathgraph
1312.9887,100239.3360,85241.8174,167.2917,1.1782,-0.0000,-0.0206,pathgraph
1313.9886,100239.7187,85242.7413,167.2708,1.1782,-0.0000,-0.0208,pathgraph
1314.9886,100240.1014,85243.6652,167.2499,1.1782,0.0000,-0.0209,pathgraph
1315.9886,100240.4840,85244.5890,167.2290,1.1783,0.0000,-0.0211,pathgraph
1316.9886,100240.8667,85245.5129,167.2082,1.1783,0.0000,-0.0212,pathgraph
1317.9886,100241.2494,85246.4368,167.1873,1.1783,0.0001,-0.0213,pathgraph
1318.9886,100241.6321,85247.3606,167.1664,1.1783,0.0001,-0.0215,pathgraph
1319.9886,100242.0147,85248.2846,167.1446,1.1783,0.0000,-0.0217,pathgraph
1320.9886,100242.3971,85249.2085,167.1223,1.1783,0.0000,-0.0219,pathgraph
1321.9886,100242.7796,85250.1325,167.0999,1.1783,0.0000,-0.0220,pathgraph
1322.9886,100243.1621,85251.0564,167.0775,1.1783,0.0000,-0.0222,pathgraph
1323.9886,100243.5446,85251.9804,167.0552,1.1783,0.0000,-0.0223,pathgraph
1324.9886,100243.9270,85252.9044,167.0328,1.1783,0.0000,-0.0225,pathgraph
1325.9886,100244.3095,85253.8283,167.0104,1.1783,0.0000,-0.0226,pathgraph
1326.9885,100244.6920,85254.7523,166.9880,1.1783,0.0000,-0.0227,pathgraph
1327.9885,100245.0745,85255.6762,166.9657,1.1784,0.0000,-0.0229,pathgraph
1328.9885,100245.4569,85256.6002,166.9432,1.1784,0.0000,-0.0231,pathgraph
1329.9885,100245.8391,85257.5243,166.9194,1.1784,0.0000,-0.0233,pathgraph
1330.9885,100246.2213,85258.4484,166.8957,1.1785,0.0000,-0.0234,pathgraph
1331.9885,100246.6035,85259.3724,166.8719,1.1786,0.0001,-0.0235,pathgraph
1332.9885,100246.9857,85260.2965,166.8482,1.1787,0.0001,-0.0237,pathgraph
1333.9885,100247.3678,85261.2206,166.8244,1.1788,0.0001,-0.0238,pathgraph
1334.9885,100247.7500,85262.1447,166.8006,1.1788,0.0001,-0.0239,pathgraph
1335.9885,100248.1322,85263.0687,166.7769,1.1789,0.0001,-0.0240,pathgraph
1336.9885,100248.5144,85263.9928,166.7531,1.1790,0.0001,-0.0242,pathgraph
1337.9885,100248.8966,85264.9169,166.7294,1.1791,0.0001,-0.0243,pathgraph
1338.9885,100249.2782,85265.8412,166.7048,1.1792,0.0001,-0.0245,pathgraph
1339.9885,100249.6593,85266.7657,166.6797,1.1793,0.0001,-0.0247,pathgraph
1340.9884,100250.0404,85267.6903,166.6546,1.1795,0.0001,-0.0248,pathgraph
1341.9884,100250.4215,85268.6148,166.6295,1.1796,0.0001,-0.0249,pathgraph
1342.9884,100250.8027,85269.5393,166.6044,1.1797,0.0001,-0.0251,pathgraph
1343.9884,100251.1838,85270.4638,166.5793,1.1799,0.0001,-0.0252,pathgraph
1344.9884,100251.5649,85271.3883,166.5542,1.1800,0.0001,-0.0253,pathgraph
1345.9884,100251.9461,85272.3128,166.5291,1.1802,0.0001,-0.0254,pathgraph
1346.9884,100252.3272,85273.2373,166.5040,1.1803,0.0001,-0.0256,pathgraph
1347.9884,100252.7083,85274.1619,166.4788,1.1804,0.0001,-0.0258,pathgraph
1348.9884,100253.0884,85275.0868,166.4524,1.1805,0.0001,-0.0259,pathgraph
1349.9884,100253.4685,85276.0117,166.4260,1.1806,0.0001,-0.0261,pathgraph
1350.9884,100253.8487,85276.9367,166.3996,1.1806,0.0001,-0.0262,pathgraph
1351.9884,100254.2288,85277.8616,166.3732,1.1807,0.0001,-0.0263,pathgraph
1352.9884,100254.6089,85278.7865,166.3468,1.1808,0.0001,-0.0264,pathgraph
1353.9883,100254.9890,85279.7114,166.3204,1.1808,0.0000,-0.0266,pathgraph
1354.9883,100255.3692,85280.6364,166.2940,1.1809,0.0000,-0.0267,pathgraph
1355.9883,100255.7493,85281.5613,166.2676,1.1810,0.0000,-0.0268,pathgraph
1356.9883,100256.1294,85282.4862,166.2412,1.1810,-0.0000,-0.0270,pathgraph
1357.9883,100256.5094,85283.4112,166.2141,1.1811,-0.0000,-0.0272,pathgraph
1358.9883,100256.8892,85284.3363,166.1864,1.1811,0.0000,-0.0273,pathgraph
1359.9883,100257.2690,85285.2613,166.1587,1.1812,0.0000,-0.0274,pathgraph
1360.9883,100257.6488,85286.1864,166.1310,1.1812,0.0000,-0.0275,pathgraph
1361.9883,100258.0286,85287.1114,166.1033,1.1813,0.0000,-0.0277,pathgraph
1362.9883,100258.4085,85288.0365,166.0756,1.1813,0.0001,-0.0278,pathgraph
1363.9883,100258.7883,85288.9615,166.0479,1.1814,0.0001,-0.0279,pathgraph
1364.9883,100259.1681,85289.8866,166.0202,1.1815,0.0001,-0.0280,pathgraph
1365.9883,100259.5479,85290.8116,165.9925,1.1815,0.0001,-0.0282,pathgraph
1366.9883,100259.9277,85291.7367,165.9647,1.1816,0.0001,-0.0283,pathgraph
1367.9882,100260.3071,85292.6619,165.9358,1.1816,0.0001,-0.0285,pathgraph
1368.9882,100260.6865,85293.5872,165.9068,1.1816,0.0000,-0.0286,pathgraph
1369.9882,100261.0658,85294.5124,165.8778,1.1816,-0.0000,-0.0288,pathgraph
1370.9882,100261.4452,85295.4376,165.8489,1.1816,-0.0001,-0.0289,pathgraph
1371.9882,100261.8246,85296.3629,165.8199,1.1817,-0.0000,-0.0290,pathgraph
1372.9882,100262.2040,85297.2881,165.7909,1.1818,0.0000,-0.0291,pathgraph
1373.9882,100262.5834,85298.2133,165.7620,1.1819,0.0001,-0.0292,pathgraph
1374.9882,100262.9628,85299.1386,165.7330,1.1819,0.0002,-0.0294,pathgraph
1375.9882,100263.3421,85300.0638,165.7040,1.1820,0.0002,-0.0295,pathgraph
1376.9882,100263.7209,85300.9893,165.6743,1.1821,0.0002,-0.0297,pathgraph
1377.9882,100264.0991,85301.9150,165.6441,1.1823,0.0002,-0.0298,pathgraph
1378.9882,100264.4773,85302.8407,165.6139,1.1824,0.0002,-0.0300,pathgraph
1379.9882,100264.8555,85303.7664,165.5836,1.1826,0.0002,-0.0301,pathgraph
1380.9881,100265.2338,85304.6921,165.5534,1.1827,0.0001,-0.0302,pathgraph
1381.9881,100265.6120,85305.6178,165.5232,1.1829,0.0001,-0.0303,pathgraph
1382.9881,100265.9902,85306.5435,165.4930,1.1830,0.0001,-0.0304,pathgraph
1383.9881,100266.3684,85307.4692,165.4627,1.1832,0.0001,-0.0306,pathgraph
1384.9881,100266.7467,85308.3949,165.4325,1.1833,0.0001,-0.0307,pathgraph
1385.9881,100267.1248,85309.3207,165.4022,1.1834,0.0000,-0.0309,pathgraph
1386.9881,100267.5023,85310.2467,165.3707,1.1835,0.0000,-0.0310,pathgraph
1387.9881,100267.8798,85311.1727,165.3393,1.1836,0.0001,-0.0311,pathgraph
1388.9881,100268.2573,85312.0987,165.3078,1.1836,0.0001,-0.0313,pathgraph
1389.9881,100268.6348,85313.0247,165.2763,1.1837,0.0001,-0.0314,pathgraph
1390.9881,100269.0123,85313.9507,165.2449,1.1838,0.0001,-0.0315,pathgraph
1391.9881,100269.3898,85314.8767,165.2134,1.1838,0.0001,-0.0316,pathgraph
1392.9881,100269.7673,85315.8027,165.1820,1.1839,0.0001,-0.0317,pathgraph
1393.9880,100270.1448,85316.7287,165.1505,1.1840,0.0001,-0.0318,pathgraph
1394.9880,100270.5223,85317.6547,165.1191,1.1840,0.0001,-0.0320,pathgraph
1395.9880,100270.8997,85318.5807,165.0869,1.1840,0.0001,-0.0321,pathgraph
1396.9880,100271.2769,85319.5068,165.0543,1.1839,0.0000,-0.0323,pathgraph
1397.9880,100271.6542,85320.4329,165.0216,1.1839,0.0000,-0.0324,pathgraph
1398.9880,100272.0314,85321.3590,164.9890,1.1838,-0.0000,-0.0325,pathgraph
1399.9880,100272.4087,85322.2851,164.9563,1.1837,-0.0001,-0.0326,pathgraph
1400.9880,100272.7860,85323.2112,164.9237,1.1836,-0.0001,-0.0327,pathgraph
1401.9880,100273.1632,85324.1374,164.8910,1.1836,-0.0001,-0.0328,pathgraph
1402.9880,100273.5405,85325.0635,164.8584,1.1835,-0.0002,-0.0329,pathgraph
1403.9880,100273.9177,85325.9896,164.8257,1.1834,-0.0002,-0.0331,pathgraph
1404.9880,100274.2951,85326.9156,164.7930,1.1833,-0.0002,-0.0332,pathgraph
1405.9880,100274.6740,85327.8410,164.7592,1.1831,-0.0002,-0.0334,pathgraph
1406.9880,100275.0529,85328.7665,164.7254,1.1828,-0.0002,-0.0335,pathgraph
1407.9879,100275.4318,85329.6919,164.6916,1.1826,-0.0002,-0.0336,pathgraph
1408.9879,100275.8107,85330.6173,164.6578,1.1823,-0.0003,-0.0337,pathgraph
1409.9879,100276.1896,85331.5428,164.6240,1.1821,-0.0003,-0.0338,pathgraph
1410.9879,100276.5685,85332.4682,164.5903,1.1818,-0.0003,-0.0339,pathgraph
1411.9879,100276.9474,85333.3936,164.5565,1.1816,-0.0003,-0.0340,pathgraph
1412.9879,100277.3263,85334.3190,164.5227,1.1813,-0.0003,-0.0341,pathgraph
1413.9879,100277.7052,85335.2445,164.4889,1.1810,-0.0003,-0.0343,pathgraph
1414.9879,100278.0849,85336.1696,164.4545,1.1808,-0.0002,-0.0344,pathgraph
1415.9879,100278.4653,85337.0944,164.4196,1.1807,-0.0002,-0.0346,pathgraph
1416.9879,100278.8457,85338.0192,164.3847,1.1805,-0.0001,-0.0347,pathgraph
1417.9879,100279.2260,85338.9440,164.3498,1.1804,-0.0000,-0.0348,pathgraph
1418.9879,100279.6064,85339.8689,164.3149,1.1806,0.0000,-0.0349,pathgraph
1419.9879,100279.9867,85340.7937,164.2800,1.1807,0.0001,-0.0350,pathgraph
1420.9878,100280.3671,85341.7185,164.2451,1.1809,0.0002,-0.0351,pathgraph
1421.9878,100280.7475,85342.6434,164.2102,1.1810,0.0002,-0.0352,pathgraph
1422.9878,100281.1278,85343.5682,164.1753,1.1811,0.0003,-0.0353,pathgraph
1423.9878,100281.5081,85344.4931,164.1403,1.1813,0.0004,-0.0354,pathgraph
1424.9878,100281.8868,85345.4186,164.1044,1.1815,0.0003,-0.0356,pathgraph
1425.9878,100282.2655,85346.3441,164.0685,1.1816,0.0003,-0.0357,pathgraph
1426.9878,100282.6442,85347.2696,164.0325,1.1818,0.0002,-0.0358,pathgraph
1427.9878,100283.0229,85348.1951,163.9966,1.1820,0.0002,-0.0359,pathgraph
1428.9878,100283.4016,85349.1206,163.9606,1.1822,0.0002,-0.0360,pathgraph
1429.9878,100283.7803,85350.0461,163.9247,1.1823,0.0001,-0.0360,pathgraph
1430.9878,100284.1590,85350.9717,163.8888,1.1825,0.0001,-0.0361,pathgraph
1431.9878,100284.5377,85351.8972,163.8528,1.1827,0.0000,-0.0362,pathgraph
1432.9878,100284.9164,85352.8227,163.8169,1.1828,0.0000,-0.0364,pathgraph
1433.9878,100285.2950,85353.7482,163.7804,1.1829,-0.0000,-0.0365,pathgraph
1434.9877,100285.6735,85354.6738,163.7435,1.1828,-0.0000,-0.0366,pathgraph
1435.9877,100286.0520,85355.5994,163.7066,1.1827,-0.0001,-0.0367,pathgraph
1436.9877,100286.4305,85356.5250,163.6696,1.1826,-0.0001,-0.0368,pathgraph
1437.9877,100286.8090,85357.4506,163.6327,1.1825,-0.0001,-0.0369,pathgraph
1438.9877,100287.1875,85358.3762,163.5958,1.1824,-0.0001,-0.0369,pathgraph
1439.9877,100287.5660,85359.3018,163.5589,1.1823,-0.0001,-0.0370,pathgraph
1440.9877,100287.9445,85360.2274,163.5220,1.1823,-0.0001,-0.0371,pathgraph
1441.9877,100288.3230,85361.1530,163.4851,1.1822,-0.0001,-0.0372,pathgraph
1442.9877,100288.7015,85362.0785,163.4481,1.1821,-0.0002,-0.0373,pathgraph
1443.9877,100289.0807,85363.0039,163.4104,1.1821,-0.0001,-0.0374,pathgraph
1444.9877,100289.4599,85363.9292,163.3726,1.1821,-0.0001,-0.0375,pathgraph
1445.9877,100289.8391,85364.8545,163.3349,1.1821,-0.0000,-0.0376,pathgraph
1446.9877,100290.2183,85365.7798,163.2971,1.1821,-0.0000,-0.0377,pathgraph
1447.9876,100290.5974,85366.7051,163.2593,1.1822,0.0000,-0.0377,pathgraph
1448.9876,100290.9766,85367.6304,163.2216,1.1822,0.0001,-0.0378,pathgraph
1449.9876,100291.3558,85368.5557,163.1838,1.1822,0.0001,-0.0379,pathgraph
1450.9876,100291.7350,85369.4811,163.1461,1.1822,0.0001,-0.0380,pathgraph
1451.9876,100292.1142,85370.4064,163.1083,1.1822,0.0002,-0.0381,pathgraph
1452.9876,100292.4929,85371.3319,163.0701,1.1823,0.0002,-0.0382,pathgraph
1453.9876,100292.8713,85372.2575,163.0317,1.1823,0.0001,-0.0382,pathgraph
1454.9876,100293.2497,85373.1832,162.9932,1.1824,0.0001,-0.0383,pathgraph
1455.9876,100293.6280,85374.1088,162.9547,1.1825,0.0001,-0.0384,pathgraph
1456.9876,100294.0064,85375.0344,162.9162,1.1826,0.0001,-0.0384,pathgraph
1457.9876,100294.3848,85375.9601,162.8778,1.1826,0.0001,-0.0385,pathgraph
1458.9876,100294.7632,85376.8857,162.8393,1.1827,0.0000,-0.0385,pathgraph
1459.9876,100295.1416,85377.8114,162.8008,1.1828,0.0000,-0.0386,pathgraph
1460.9875,100295.5200,85378.7370,162.7624,1.1829,-0.0000,-0.0387,pathgraph
1461.9875,100295.8983,85379.6627,162.7238,1.1830,-0.0000,-0.0387,pathgraph
1462.9875,100296.2762,85380.5885,162.6848,1.1831,0.0000,-0.0388,pathgraph
1463.9875,100296.6540,85381.5144,162.6458,1.1832,0.0000,-0.0389,pathgraph
1464.9875,100297.0319,85382.4402,162.6068,1.1833,0.0001,-0.0389,pathgraph
1465.9875,100297.4098,85383.3661,162.5678,1.1835,0.0001,-0.0389,pathgraph
1466.9875,100297.7876,85384.2919,162.5288,1.1836,0.0001,-0.0390,pathgraph
1467.9875,100298.1655,85385.2178,162.4897,1.1837,0.0002,-0.0390,pathgraph
1468.9875,100298.5434,85386.1436,162.4507,1.1838,0.0002,-0.0391,pathgraph
1469.9875,100298.9212,85387.0695,162.4117,1.1839,0.0002,-0.0391,pathgraph
1470.9875,100299.2991,85387.9953,162.3727,1.1841,0.0003,-0.0392,pathgraph
1471.9875,100299.6762,85388.9215,162.3335,1.1842,0.0002,-0.0392,pathgraph
1472.9875,100300.0526,85389.8479,162.2941,1.1842,0.0002,-0.0393,pathgraph
1473.9875,100300.4291,85390.7743,162.2547,1.1843,0.0002,-0.0393,pathgraph
1474.9874,100300.8056,85391.7007,162.2153,1.1844,0.0001,-0.0393,pathgraph
1475.9874,100301.1821,85392.6272,162.1759,1.1845,0.0001,-0.0393,pathgraph
1476.9874,100301.5586,85393.5536,162.1365,1.1846,0.0000,-0.0394,pathgraph
1477.9874,100301.9351,85394.4800,162.0971,1.1846,0.0000,-0.0394,pathgraph
1478.9874,100302.3116,85395.4064,162.0578,1.1847,-0.0000,-0.0394,pathgraph
1479.9874,100302.6880,85396.3328,162.0184,1.1848,-0.0001,-0.0394,pathgraph
1480.9874,100303.0645,85397.2592,161.9790,1.1849,-0.0001,-0.0395,pathgraph
1481.9874,100303.4411,85398.1856,161.9394,1.1849,-0.0001,-0.0395,pathgraph
1482.9874,100303.8176,85399.1120,161.8998,1.1849,-0.0001,-0.0395,pathgraph
1483.9874,100304.1941,85400.0384,161.8603,1.1849,-0.0000,-0.0395,pathgraph
1484.9874,100304.5707,85400.9648,161.8207,1.1849,-0.0000,-0.0395,pathgraph
1485.9874,100304.9472,85401.8912,161.7811,1.1850,0.0000,-0.0395,pathgraph
1486.9874,100305.3237,85402.8176,161.7416,1.1850,0.0001,-0.0395,pathgraph
1487.9873,100305.7003,85403.7440,161.7020,1.1850,0.0001,-0.0395,pathgraph
1488.9873,100306.0768,85404.6704,161.6624,1.1850,0.0001,-0.0395,pathgraph
1489.9873,100306.4534,85405.5968,161.6229,1.1850,0.0001,-0.0396,pathgraph
1490.9873,100306.8295,85406.5233,161.5833,1.1851,0.0001,-0.0396,pathgraph
1491.9873,100307.2053,85407.4500,161.5437,1.1852,0.0001,-0.0396,pathgraph
1492.9873,100307.5811,85408.3767,161.5042,1.1852,0.0001,-0.0395,pathgraph
1493.9873,100307.9569,85409.3034,161.4646,1.1853,0.0001,-0.0395,pathgraph
1494.9873,100308.3328,85410.2301,161.4250,1.1854,0.0001,-0.0395,pathgraph
1495.9873,100308.7086,85411.1568,161.3854,1.1855,0.0001,-0.0395,pathgraph
1496.9873,100309.0844,85412.0834,161.3459,1.1855,0.0001,-0.0395,pathgraph
1497.9873,100309.4602,85413.0101,161.3063,1.1856,0.0000,-0.0395,pathgraph
1498.9873,100309.8361,85413.9368,161.2667,1.1857,0.0000,-0.0395,pathgraph
1499.9873,100310.2119,85414.8635,161.2271,1.1858,0.0000,-0.0395,pathgraph
1500.9873,100310.5878,85415.7902,161.1877,1.1857,-0.0000,-0.0395,pathgraph
1501.9872,100310.9636,85416.7168,161.1483,1.1855,-0.0000,-0.0394,pathgraph
1502.9872,100311.3395,85417.6435,161.1089,1.1854,-0.0001,-0.0394,pathgraph
1503.9872,100311.7154,85418.5701,161.0694,1.1853,-0.0001,-0.0394,pathgraph
1504.9872,100312.0913,85419.4968,161.0300,1.1852,-0.0001,-0.0394,pathgraph
1505.9872,100312.4671,85420.4235,160.9906,1.1851,-0.0001,-0.0394,pathgraph
1506.9872,100312.8430,85421.3501,160.9512,1.1850,-0.0002,-0.0393,pathgraph
1507.9872,100313.2189,85422.2768,160.9117,1.1849,-0.0002,-0.0393,pathgraph
1508.9872,100313.5948,85423.2035,160.8723,1.1848,-0.0002,-0.0393,pathgraph
1509.9872,100313.9713,85424.1299,160.8331,1.1847,-0.0002,-0.0392,pathgraph
1510.9872,100314.3482,85425.0561,160.7939,1.1846,-0.0002,-0.0392,pathgraph
1511.9872,100314.7252,85425.9823,160.7548,1.1845,-0.0001,-0.0392,pathgraph
1512.9872,100315.1022,85426.9085,160.7156,1.1845,-0.0001,-0.0391,pathgraph
1513.9872,100315.4791,85427.8347,160.6765,1.1844,-0.0000,-0.0391,pathgraph
1514.9871,100315.8561,85428.7610,160.6374,1.1843,0.0000,-0.0391,pathgraph
1515.9871,100316.2331,85429.6872,160.5982,1.1842,0.0000,-0.0390,pathgraph
1516.9871,100316.6100,85430.6134,160.5591,1.1842,0.0001,-0.0390,pathgraph
1517.9871,100316.9870,85431.5396,160.5200,1.1843,0.0001,-0.0390,pathgraph
1518.9871,100317.3639,85432.4658,160.4809,1.1844,0.0001,-0.0389,pathgraph
1519.9871,100317.7404,85433.3923,160.4422,1.1845,0.0001,-0.0389,pathgraph
1520.9871,100318.1169,85434.3187,160.4035,1.1845,0.0001,-0.0388,pathgraph
1521.9871,100318.4934,85435.2451,160.3647,1.1846,0.0001,-0.0388,pathgraph
1522.9871,100318.8698,85436.1715,160.3260,1.1846,0.0001,-0.0387,pathgraph
1523.9871,100319.2463,85437.0979,160.2873,1.1847,0.0000,-0.0387,pathgraph
1524.9871,100319.6228,85438.0243,160.2486,1.1847,0.0000,-0.0386,pathgraph
1525.9871,100319.9993,85438.9508,160.2099,1.1848,0.0000,-0.0386,pathgraph
1526.9871,100320.3758,85439.8772,160.1712,1.1848,-0.0000,-0.0385,pathgraph
1527.9871,100320.7522,85440.8036,160.1325,1.1849,-0.0000,-0.0385,pathgraph
1528.9870,100321.1288,85441.7300,160.0941,1.1849,-0.0000,-0.0384,pathgraph
1529.9870,100321.5054,85442.6563,160.0559,1.1848,-0.0000,-0.0383,pathgraph
1530.9870,100321.8821,85443.5827,160.0177,1.1847,-0.0001,-0.0383,pathgraph
1531.9870,100322.2587,85444.5090,159.9795,1.1846,-0.0001,-0.0382,pathgraph
1532.9870,100322.6354,85445.4354,159.9414,1.1846,-0.0001,-0.0382,pathgraph
1533.9870,100323.0120,85446.3617,159.9032,1.1845,-0.0001,-0.0381,pathgraph
1534.9870,100323.3886,85447.2881,159.8650,1.1844,-0.0001,-0.0380,pathgraph
1535.9870,100323.7653,85448.2144,159.8268,1.1843,-0.0001,-0.0380,pathgraph
1536.9870,100324.1419,85449.1408,159.7887,1.1843,-0.0001,-0.0379,pathgraph
1537.9870,100324.5186,85450.0671,159.7505,1.1842,-0.0001,-0.0378,pathgraph
1538.9870,100324.8958,85450.9932,159.7130,1.1842,-0.0001,-0.0378,pathgraph
1539.9870,100325.2731,85451.9194,159.6755,1.1842,-0.0001,-0.0377,pathgraph
1540.9870,100325.6503,85452.8455,159.6379,1.1842,-0.0000,-0.0376,pathgraph
1541.9869,100326.0275,85453.7716,159.6004,1.1842,-0.0000,-0.0376,pathgraph
1542.9869,100326.4047,85454.6977,159.5629,1.1842,0.0000,-0.0375,pathgraph
1543.9869,100326.7820,85455.6238,159.5253,1.1842,0.0000,-0.0374,pathgraph
1544.9869,100327.1592,85456.5499,159.4878,1.1842,0.0001,-0.0374,pathgraph
1545.9869,100327.5364,85457.4760,159.4502,1.1842,0.0001,-0.0373,pathgraph
1546.9869,100327.9137,85458.4021,159.4127,1.1842,0.0001,-0.0372,pathgraph
1547.9869,100328.2906,85459.3284,159.3756,1.1842,0.0001,-0.0371,pathgraph
1548.9869,100328.6673,85460.2547,159.3388,1.1843,0.0001,-0.0370,pathgraph
1549.9869,100329.0441,85461.1810,159.3020,1.1843,0.0001,-0.0369,pathgraph
1550.9869,100329.4208,85462.1073,159.2652,1.1844,0.0001,-0.0369,pathgraph
1551.9869,100329.7975,85463.0336,159.2284,1.1844,0.0001,-0.0368,pathgraph
1552.9869,100330.1743,85463.9599,159.1915,1.1845,0.0000,-0.0367,pathgraph
1553.9869,100330.5510,85464.8863,159.1547,1.1845,0.0000,-0.0366,pathgraph
1554.9868,100330.9277,85465.8126,159.1179,1.1846,0.0000,-0.0366,pathgraph
1555.9868,100331.3044,85466.7389,159.0811,1.1846,0.0000,-0.0365,pathgraph
1556.9868,100331.6812,85467.6652,159.0444,1.1847,-0.0000,-0.0364,pathgraph
1557.9868,100332.0575,85468.5917,159.0084,1.1848,0.0000,-0.0363,pathgraph
1558.9868,100332.4339,85469.5181,158.9724,1.1848,0.0000,-0.0362,pathgraph
1559.9868,100332.8103,85470.4446,158.9364,1.1849,0.0000,-0.0361,pathgraph
1560.9868,100333.1867,85471.3710,158.9004,1.1850,0.0001,-0.0360,pathgraph
1561.9868,100333.5631,85472.2975,158.8645,1.1850,0.0001,-0.0359,pathgraph
1562.9868,100333.9395,85473.2239,158.8285,1.1851,0.0001,-0.0358,pathgraph
1563.9868,100334.3159,85474.1504,158.7925,1.1852,0.0001,-0.0358,pathgraph
1564.9868,100334.6923,85475.0768,158.7565,1.1853,0.0001,-0.0357,pathgraph
1565.9868,100335.0687,85476.0033,158.7205,1.1853,0.0001,-0.0356,pathgraph
1566.9868,100335.4442,85476.9301,158.6851,1.1855,0.0002,-0.0354,pathgraph
1567.9868,100335.8190,85477.8572,158.6500,1.1859,0.0002,-0.0353,pathgraph
1568.9867,100336.1938,85478.7843,158.6150,1.1862,0.0002,-0.0352,pathgraph
1569.9867,100336.5686,85479.7114,158.5799,1.1865,0.0003,-0.0351,pathgraph
1570.9867,100336.9434,85480.6385,158.5449,1.1868,0.0003,-0.0350,pathgraph
1571.9867,100337.3182,85481.5656,158.5098,1.1871,0.0004,-0.0349,pathgraph
1572.9867,100337.6930,85482.4927,158.4747,1.1874,0.0004,-0.0349,pathgraph
1573.9867,100338.0678,85483.4198,158.4397,1.1878,0.0004,-0.0348,pathgraph
1574.9867,100338.4426,85484.3469,158.4046,1.1881,0.0005,-0.0347,pathgraph
1575.9867,100338.8173,85485.2740,158.3697,1.1884,0.0005,-0.0345,pathgraph
1576.9867,100339.1900,85486.2020,158.3357,1.1883,0.0003,-0.0344,pathgraph
1577.9867,100339.5627,85487.1299,158.3016,1.1882,0.0002,-0.0343,pathgraph
1578.9867,100339.9354,85488.0578,158.2676,1.1881,0.0001,-0.0342,pathgraph
1579.9867,100340.3082,85488.9858,158.2336,1.1880,-0.0001,-0.0341,pathgraph
1580.9867,100340.6809,85489.9137,158.1996,1.1879,-0.0002,-0.0340,pathgraph
1581.9866,100341.0536,85490.8416,158.1656,1.1878,-0.0004,-0.0338,pathgraph
1582.9866,100341.4263,85491.7696,158.1316,1.1877,-0.0005,-0.0337,pathgraph
1583.9866,100341.7991,85492.6975,158.0976,1.1876,-0.0007,-0.0336,pathgraph
1584.9866,100342.1718,85493.6254,158.0636,1.1875,-0.0008,-0.0334,pathgraph
1585.9866,100342.5470,85494.5524,158.0300,1.1860,-0.0014,-0.0330,pathgraph
1586.9866,100342.9240,85495.4786,157.9968,1.1835,-0.0024,-0.0326,pathgraph
1587.9866,100343.3010,85496.4048,157.9636,1.1810,-0.0033,-0.0323,pathgraph
1588.9866,100343.6786,85497.3307,157.9304,1.1788,-0.0041,-0.0325,pathgraph
1589.9866,100344.0645,85498.2533,157.8979,1.1794,-0.0027,-0.0327,pathgraph
1590.9866,100344.4504,85499.1758,157.8653,1.1799,-0.0013,-0.0327,pathgraph
1591.9866,100344.8362,85500.0984,157.8328,1.1805,0.0000,-0.0325,pathgraph
1592.9866,100345.2221,85501.0209,157.8002,1.1810,0.0014,-0.0324,pathgraph
1593.9866,100345.6079,85501.9435,157.7677,1.1816,0.0028,-0.0322,pathgraph
1594.9865,100345.9938,85502.8660,157.7351,1.1821,0.0042,-0.0320,pathgraph
1595.9865,100346.3738,85503.7910,157.7068,1.1824,0.0032,-0.0319,pathgraph
1596.9865,100346.7495,85504.7177,157.6816,1.1824,0.0006,-0.0317,pathgraph
1597.9865,100347.1252,85505.6444,157.6564,1.1825,-0.0021,-0.0316,pathgraph
1598.9865,100347.5032,85506.5702,157.6233,1.1820,-0.0023,-0.0315,pathgraph
1599.9865,100347.8841,85507.4948,157.5808,1.1808,0.0002,-0.0313,pathgraph
1600.9865,100348.2617,85508.4208,157.5452,1.1806,0.0012,-0.0311,pathgraph
1601.9865,100348.6371,85509.3477,157.5148,1.1811,0.0009,-0.0309,pathgraph
1602.9865,100349.0124,85510.2745,157.4843,1.1816,0.0006,-0.0308,pathgraph
1603.9865,100349.3878,85511.2014,157.4539,1.1821,0.0003,-0.0306,pathgraph
1604.9864,100349.7631,85512.1283,157.4234,1.1827,0.0000,-0.0304,pathgraph
1605.9864,100350.1385,85513.0552,157.3930,1.1832,-0.0003,-0.0303,pathgraph
1606.9864,100350.5138,85513.9820,157.3625,1.1837,-0.0005,-0.0304,pathgraph
1607.9864,100350.8891,85514.9089,157.3321,1.1842,-0.0008,-0.0305,pathgraph
1608.9864,100351.2645,85515.8358,157.3016,1.1847,-0.0011,-0.0304,pathgraph
1609.9864,100351.6401,85516.7626,157.2713,1.1851,-0.0014,-0.0299,pathgraph
1610.9864,100352.0183,85517.6883,157.2425,1.1848,-0.0012,-0.0294,pathgraph
1611.9864,100352.3965,85518.6140,157.2136,1.1844,-0.0011,-0.0291,pathgraph
1612.9864,100352.7747,85519.5397,157.1847,1.1841,-0.0010,-0.0288,pathgraph
1613.9864,100353.1529,85520.4654,157.1559,1.1837,-0.0009,-0.0286,pathgraph
1614.9864,100353.5311,85521.3911,157.1270,1.1834,-0.0007,-0.0284,pathgraph
1615.9864,100353.9094,85522.3168,157.0982,1.1827,-0.0011,-0.0281,pathgraph
1616.9864,100354.2914,85523.2410,157.0701,1.1811,-0.0017,-0.0279,pathgraph
1617.9863,100354.6763,85524.1639,157.0426,1.1792,-0.0015,-0.0277,pathgraph
1618.9863,100355.0612,85525.0869,157.0151,1.1774,-0.0012,-0.0275,pathgraph
1619.9863,100355.4461,85526.0098,156.9876,1.1756,-0.0010,-0.0272,pathgraph
1620.9863,100355.8309,85526.9328,156.9601,1.1738,-0.0007,-0.0270,pathgraph
1621.9863,100356.2161,85527.8556,156.9327,1.1721,-0.0005,-0.0268,pathgraph
1622.9863,100356.6045,85528.7771,156.9070,1.1722,-0.0003,-0.0265,pathgraph
1623.9863,100356.9930,85529.6986,156.8814,1.1723,-0.0002,-0.0263,pathgraph
1624.9863,100357.3814,85530.6200,156.8557,1.1725,-0.0001,-0.0260,pathgraph
1625.9863,100357.7698,85531.5415,156.8300,1.1726,0.0000,-0.0257,pathgraph
1626.9863,100358.1583,85532.4630,156.8043,1.1727,0.0001,-0.0255,pathgraph
1627.9863,100358.5467,85533.3845,156.7786,1.1729,0.0003,-0.0253,pathgraph
1628.9863,100358.9351,85534.3059,156.7530,1.1730,0.0004,-0.0251,pathgraph
1629.9863,100359.3235,85535.2274,156.7273,1.1731,0.0005,-0.0249,pathgraph
1630.9862,100359.7120,85536.1489,156.7016,1.1733,0.0006,-0.0246,pathgraph
1631.9862,100360.0988,85537.0710,156.6773,1.1737,0.0007,-0.0243,pathgraph
1632.9862,100360.4843,85537.9937,156.6540,1.1743,0.0006,-0.0241,pathgraph
1633.9862,100360.8699,85538.9164,156.6306,1.1749,0.0006,-0.0239,pathgraph
1634.9862,100361.2555,85539.8390,156.6073,1.1756,0.0006,-0.0237,pathgraph
1635.9862,100361.6411,85540.7617,156.5840,1.1762,0.0006,-0.0234,pathgraph
1636.9862,100362.0267,85541.6843,156.5606,1.1763,0.0003,-0.0232,pathgraph
1637.9862,100362.4123,85542.6070,156.5373,1.1746,-0.0009,-0.0230,pathgraph
1638.9862,100362.7979,85543.5297,156.5140,1.1730,-0.0021,-0.0227,pathgraph
1639.9862,100363.1835,85544.4523,156.4906,1.1713,-0.0033,-0.0224,pathgraph
1640.9862,100363.5750,85545.3725,156.4681,1.1669,-0.0050,-0.0221,pathgraph
1641.9861,100363.9709,85546.2908,156.4463,1.1606,-0.0070,-0.0219,pathgraph
1642.9861,100364.3680,85547.2085,156.4244,1.1540,-0.0091,-0.0217,pathgraph
1643.9861,100364.7789,85548.1202,156.4030,1.1431,-0.0117,-0.0215,pathgraph
1644.9861,100365.1998,85549.0272,156.3818,1.1302,-0.0141,-0.0213,pathgraph
1645.9860,100365.6298,85549.9300,156.3608,1.1155,-0.0163,-0.0211,pathgraph
1646.9860,100366.0798,85550.8231,156.3401,1.0981,-0.0179,-0.0208,pathgraph
1647.9859,100366.5439,85551.7087,156.3196,1.0796,-0.0191,-0.0206,pathgraph
1648.9859,100367.0201,85552.5880,156.2992,1.0602,-0.0201,-0.0204,pathgraph
1649.9859,100367.5177,85553.4554,156.2792,1.0398,-0.0206,-0.0201,pathgraph
1650.9859,100368.0330,85554.3124,156.2593,1.0191,-0.0209,-0.0199,pathgraph
1651.9858,100368.5661,85555.1584,156.2396,0.9980,-0.0212,-0.0197,pathgraph
1652.9858,100369.1169,85555.9930,156.2202,0.9768,-0.0214,-0.0195,pathgraph
1653.9858,100369.6855,85556.8156,156.2009,0.9552,-0.0217,-0.0193,pathgraph
1654.9858,100370.2718,85557.6257,156.1818,0.9334,-0.0221,-0.0191,pathgraph
1655.9857,100370.8757,85558.4227,156.1629,0.9111,-0.0225,-0.0189,pathgraph
1656.9857,100371.4975,85559.2058,156.1442,0.8883,-0.0230,-0.0188,pathgraph
1657.9857,100372.1371,85559.9745,156.1256,0.8652,-0.0232,-0.0186,pathgraph
1658.9857,100372.7943,85560.7282,156.1072,0.8420,-0.0232,-0.0185,pathgraph
1659.9856,100373.4689,85561.4664,156.0890,0.8189,-0.0229,-0.0183,pathgraph
1660.9856,100374.1601,85562.1890,156.0709,0.7963,-0.0222,-0.0182,pathgraph
1661.9856,100374.8671,85562.8961,156.0529,0.7747,-0.0211,-0.0180,pathgraph
1662.9856,100375.5892,85563.5879,156.0351,0.7545,-0.0195,-0.0179,pathgraph
1663.9855,100376.3264,85564.2636,156.0174,0.7363,-0.0175,-0.0178,pathgraph
1664.9855,100377.0732,85564.9285,155.9998,0.7200,-0.0153,-0.0177,pathgraph
1665.9854,100377.8280,85565.5844,155.9823,0.7054,-0.0129,-0.0175,pathgraph
1666.9854,100378.5947,85566.2264,155.9649,0.6940,-0.0107,-0.0174,pathgraph
1667.9854,100379.3675,85566.8609,155.9477,0.6844,-0.0089,-0.0173,pathgraph
1668.9854,100380.1449,85567.4900,155.9305,0.6761,-0.0075,-0.0172,pathgraph
1669.9854,100380.9276,85568.1124,155.9134,0.6685,-0.0070,-0.0172,pathgraph
1670.9853,100381.7141,85568.7299,155.8964,0.6615,-0.0071,-0.0171,pathgraph
1671.9853,100382.5059,85569.3406,155.8794,0.6535,-0.0080,-0.0170,pathgraph
1672.9853,100383.3017,85569.9461,155.8625,0.6449,-0.0095,-0.0169,pathgraph
1673.9853,100384.1036,85570.5436,155.8457,0.6345,-0.0113,-0.0169,pathgraph
1674.9852,100384.9108,85571.1338,155.8290,0.6225,-0.0135,-0.0168,pathgraph
1675.9852,100385.7288,85571.7090,155.8123,0.6074,-0.0160,-0.0167,pathgraph
1676.9851,100386.5551,85572.2721,155.7957,0.5900,-0.0185,-0.0167,pathgraph
1677.9851,100387.3886,85572.8246,155.7791,0.5709,-0.0210,-0.0166,pathgraph
1678.9851,100388.2358,85573.3558,155.7626,0.5488,-0.0233,-0.0166,pathgraph
1679.9851,100389.0951,85573.8672,155.7461,0.5244,-0.0254,-0.0165,pathgraph
1680.9850,100389.9670,85574.3567,155.7296,0.4982,-0.0271,-0.0165,pathgraph
1681.9850,100390.8519,85574.8224,155.7132,0.4705,-0.0282,-0.0164,pathgraph
1682.9849,100391.7496,85575.2630,155.6969,0.4420,-0.0289,-0.0164,pathgraph
1683.9849,100392.6596,85575.6775,155.6805,0.4129,-0.0292,-0.0164,pathgraph
1684.9849,100393.5813,85576.0654,155.6642,0.3838,-0.0290,-0.0163,pathgraph
1685.9848,100394.5138,85576.4264,155.6480,0.3550,-0.0286,-0.0163,pathgraph
1686.9848,100395.4563,85576.7606,155.6317,0.3267,-0.0280,-0.0162,pathgraph
1687.9848,100396.4077,85577.0684,155.6155,0.2992,-0.0272,-0.0162,pathgraph
1688.9847,100397.3671,85577.3502,155.5993,0.2724,-0.0264,-0.0162,pathgraph
1689.9847,100398.3337,85577.6066,155.5832,0.2464,-0.0255,-0.0162,pathgraph
1690.9847,100399.3064,85577.8382,155.5670,0.2213,-0.0247,-0.0161,pathgraph
1691.9846,100400.2846,85578.0459,155.5509,0.1971,-0.0238,-0.0161,pathgraph
1692.9846,100401.2675,85578.2301,155.5349,0.1737,-0.0230,-0.0161,pathgraph
1693.9846,100402.2543,85578.3917,155.5188,0.1510,-0.0223,-0.0160,pathgraph
1694.9846,100403.2445,85578.5312,155.5028,0.1291,-0.0215,-0.0160,pathgraph
1695.9845,100404.2375,85578.6494,155.4868,0.1079,-0.0209,-0.0160,pathgraph
1696.9845,100405.2327,85578.7467,155.4708,0.0872,-0.0204,-0.0160,pathgraph
1697.9845,100406.2297,85578.8233,155.4548,0.0670,-0.0200,-0.0159,pathgraph
1698.9845,100407.2283,85578.8769,155.4389,0.0471,-0.0197,-0.0159,pathgraph
1699.9844,100408.2275,85578.9135,155.4230,0.0275,-0.0195,-0.0159,pathgraph
1700.9843,100409.2272,85578.9353,155.4071,0.0081,-0.0192,-0.0158,pathgraph
1701.9843,100410.2272,85578.9306,155.3912,-0.0110,-0.0191,-0.0158,pathgraph
1702.9842,100411.2269,85578.9094,155.3754,-0.0300,-0.0189,-0.0158,pathgraph
1703.9842,100412.2262,85578.8739,155.3596,-0.0489,-0.0189,-0.0158,pathgraph
1704.9842,100413.2243,85578.8124,155.3439,-0.0678,-0.0188,-0.0157,pathgraph
1705.9841,100414.2212,85578.7346,155.3281,-0.0865,-0.0187,-0.0157,pathgraph
1706.9840,100415.2169,85578.6428,155.3124,-0.1052,-0.0187,-0.0157,pathgraph
1707.9840,100416.2100,85578.5254,155.2968,-0.1238,-0.0186,-0.0156,pathgraph
1708.9839,100417.2010,85578.3921,155.2812,-0.1421,-0.0184,-0.0156,pathgraph
1709.9839,100418.1901,85578.2452,155.2656,-0.1603,-0.0181,-0.0155,pathgraph
1710.9839,100419.1753,85578.0738,155.2500,-0.1779,-0.0172,-0.0155,pathgraph
1711.9838,100420.1578,85577.8879,155.2345,-0.1951,-0.0157,-0.0154,pathgraph
1712.9838,100421.1379,85577.6896,155.2191,-0.2120,-0.0137,-0.0154,pathgraph
1713.9838,100422.1136,85577.4706,155.2037,-0.2279,-0.0119,-0.0154,pathgraph
1714.9837,100423.0868,85577.2409,155.1883,-0.2403,-0.0102,-0.0153,pathgraph
1715.9837,100424.0579,85577.0022,155.1730,-0.2483,-0.0098,-0.0153,pathgraph
1716.9837,100425.0254,85576.7496,155.1577,-0.2554,-0.0072,-0.0152,pathgraph
1717.9837,100425.9927,85576.4959,155.1425,-0.2620,-0.0047,-0.0152,pathgraph
1718.9837,100426.9571,85576.2313,155.1274,-0.2638,-0.0035,-0.0151,pathgraph
1719.9837,100427.9214,85575.9667,155.1123,-0.2656,-0.0023,-0.0150,pathgraph
1720.9837,100428.8857,85575.7020,155.0973,-0.2674,-0.0011,-0.0150,pathgraph
1721.9836,100429.8501,85575.4374,155.0822,-0.2692,0.0001,-0.0149,pathgraph
1722.9836,100430.8144,85575.1727,155.0673,-0.2696,0.0006,-0.0149,pathgraph
1723.9836,100431.7787,85574.9081,155.0525,-0.2689,0.0006,-0.0148,pathgraph
1724.9836,100432.7431,85574.6434,155.0378,-0.2683,0.0007,-0.0148,pathgraph
1725.9836,100433.7074,85574.3787,155.0230,-0.2676,0.0007,-0.0147,pathgraph
1726.9836,100434.6717,85574.1140,155.0082,-0.2670,0.0007,-0.0147,pathgraph
1727.9836,100435.6361,85573.8493,154.9935,-0.2663,0.0007,-0.0146,pathgraph
1728.9836,100436.6004,85573.5849,154.9788,-0.2657,0.0007,-0.0146,pathgraph
1729.9836,100437.5655,85573.3230,154.9645,-0.2654,0.0004,-0.0145,pathgraph
1730.9836,100438.5306,85573.0611,154.9502,-0.2650,0.0002,-0.0144,pathgraph
1731.9836,100439.4957,85572.7992,154.9359,-0.2648,-0.0001,-0.0144,pathgraph
1732.9836,100440.4608,85572.5373,154.9216,-0.2648,-0.0001,-0.0143,pathgraph
1733.9836,100441.4259,85572.2754,154.9073,-0.2648,-0.0001,-0.0143,pathgraph
1734.9835,100442.3910,85572.0135,154.8930,-0.2649,-0.0000,-0.0142,pathgraph
1735.9835,100443.3561,85571.7516,154.8787,-0.2649,-0.0000,-0.0142,pathgraph
1736.9835,100444.3212,85571.4897,154.8644,-0.2650,-0.0000,-0.0141,pathgraph
1737.9835,100445.2862,85571.2278,154.8501,-0.2650,0.0000,-0.0141,pathgraph
1738.9835,100446.2514,85570.9663,154.8361,-0.2649,0.0001,-0.0140,pathgraph
1739.9835,100447.2167,85570.7050,154.8223,-0.2647,0.0001,-0.0139,pathgraph
1740.9835,100448.1819,85570.4438,154.8085,-0.2644,0.0002,-0.0139,pathgraph
1741.9835,100449.1472,85570.1825,154.7947,-0.2642,0.0002,-0.0139,pathgraph
1742.9835,100450.1125,85569.9213,154.7809,-0.2639,0.0003,-0.0138,pathgraph
1743.9835,100451.0777,85569.6600,154.7671,-0.2637,0.0003,-0.0138,pathgraph
1744.9835,100452.0430,85569.3987,154.7533,-0.2635,0.0004,-0.0137,pathgraph
1745.9835,100453.0083,85569.1375,154.7395,-0.2632,0.0004,-0.0137,pathgraph
1746.9835,100453.9736,85568.8764,154.7257,-0.2630,0.0004,-0.0136,pathgraph
1747.9834,100454.9394,85568.6174,154.7124,-0.2629,0.0004,-0.0136,pathgraph
1748.9834,100455.9053,85568.3585,154.6990,-0.2628,0.0003,-0.0135,pathgraph
1749.9834,100456.8712,85568.0995,154.6856,-0.2627,0.0002,-0.0135,pathgraph
1750.9834,100457.8371,85567.8405,154.6722,-0.2626,0.0002,-0.0134,pathgraph
1751.9834,100458.8030,85567.5816,154.6588,-0.2625,0.0001,-0.0134,pathgraph
1752.9834,100459.7688,85567.3226,154.6454,-0.2624,0.0000,-0.0134,pathgraph
1753.9834,100460.7347,85567.0636,154.6320,-0.2623,-0.0001,-0.0133,pathgraph
1754.9834,100461.7006,85566.8047,154.6186,-0.2622,-0.0001,-0.0133,pathgraph
1755.9834,100462.6665,85566.5457,154.6052,-0.2621,-0.0002,-0.0133,pathgraph
1756.9834,100463.6323,85566.2864,154.5920,-0.2621,-0.0002,-0.0132,pathgraph
1757.9834,100464.5980,85566.0268,154.5789,-0.2621,-0.0002,-0.0132,pathgraph
1758.9834,100465.5637,85565.7672,154.5659,-0.2622,-0.0001,-0.0132,pathgraph
1759.9834,100466.5294,85565.5076,154.5528,-0.2622,-0.0001,-0.0131,pathgraph
1760.9834,100467.4951,85565.2480,154.5397,-0.2623,-0.0001,-0.0131,pathgraph
1761.9833,100468.4608,85564.9883,154.5266,-0.2623,-0.0000,-0.0131,pathgraph
1762.9833,100469.4265,85564.7287,154.5136,-0.2624,0.0000,-0.0131,pathgraph
1763.9833,100470.3922,85564.4691,154.5005,-0.2624,0.0001,-0.0130,pathgraph
1764.9833,100471.3579,85564.2095,154.4874,-0.2625,0.0001,-0.0130,pathgraph
1765.9833,100472.3236,85563.9499,154.4744,-0.2626,0.0001,-0.0130,pathgraph
1766.9833,100473.2893,85563.6902,154.4615,-0.2627,0.0001,-0.0129,pathgraph
1767.9833,100474.2550,85563.4305,154.4487,-0.2628,0.0000,-0.0129,pathgraph
1768.9833,100475.2207,85563.1708,154.4358,-0.2630,-0.0000,-0.0129,pathgraph
1769.9833,100476.1863,85562.9111,154.4230,-0.2631,-0.0001,-0.0129,pathgraph
1770.9833,100477.1520,85562.6514,154.4101,-0.2632,-0.0001,-0.0129,pathgraph
1771.9833,100478.1177,85562.3917,154.3973,-0.2634,-0.0002,-0.0128,pathgraph
1772.9833,100479.0834,85562.1320,154.3844,-0.2635,-0.0003,-0.0128,pathgraph
1773.9833,100480.0491,85561.8723,154.3716,-0.2636,-0.0003,-0.0128,pathgraph
1774.9832,100481.0147,85561.6125,154.3587,-0.2638,-0.0004,-0.0124,pathgraph
1775.9832,100481.9802,85561.3520,154.3460,-0.2638,-0.0003,-0.0118,pathgraph
1776.9832,100482.9455,85561.0909,154.3333,-0.2637,-0.0002,-0.0112,pathgraph
1777.9832,100483.9108,85560.8298,154.3206,-0.2636,-0.0001,-0.0106,pathgraph
1778.9832,100484.8761,85560.5686,154.3079,-0.2635,-0.0000,-0.0100,pathgraph
1779.9832,100485.8414,85560.3075,154.2952,-0.2634,0.0001,-0.0094,pathgraph
1780.9832,100486.8067,85560.0464,154.2825,-0.2633,0.0002,-0.0088,pathgraph
1781.9832,100487.7720,85559.7853,154.2698,-0.2632,0.0003,-0.0082,pathgraph
1782.9832,100488.7373,85559.5241,154.2571,-0.2631,0.0004,-0.0096,pathgraph
1783.9832,100489.7026,85559.2630,154.2445,-0.2630,0.0005,-0.0119,pathgraph
1784.9832,100490.6679,85559.0020,154.2327,-0.2629,0.0006,-0.0126,pathgraph
1785.9832,100491.6336,85558.7423,154.2324,-0.2632,0.0004,-0.0126,pathgraph
1786.9832,100492.5993,85558.4826,154.2322,-0.2634,0.0002,-0.0126,pathgraph
1787.9832,100493.5649,85558.2229,154.2319,-0.2637,0.0001,-0.0126,pathgraph
1788.9831,100494.5306,85557.9632,154.2316,-0.2639,-0.0001,-0.0126,pathgraph
1789.9831,100495.4963,85557.7035,154.2313,-0.2641,-0.0002,-0.0126,pathgraph
1790.9831,100496.4620,85557.4437,154.2310,-0.2644,-0.0004,-0.0126,pathgraph
1791.9831,100497.4276,85557.1840,154.2307,-0.2646,-0.0005,-0.0125,pathgraph
1792.9831,100498.3933,85556.9243,154.2304,-0.2648,-0.0007,-0.0125,pathgraph
1793.9831,100499.3584,85556.6625,154.1497,-0.2647,0.0005,-0.0125,pathgraph
1794.9831,100500.3240,85556.4025,154.1061,-0.2645,0.0009,-0.0125,pathgraph
1795.9831,100501.2900,85556.1440,154.0936,-0.2642,0.0007,-0.0128,pathgraph
1796.9831,100502.2560,85555.8854,154.0812,-0.2640,0.0005,-0.0134,pathgraph
1797.9831,100503.2220,85555.6269,154.0687,-0.2637,0.0003,-0.0140,pathgraph
1798.9831,100504.1880,85555.3683,154.0563,-0.2634,0.0002,-0.0145,pathgraph
1799.9831,100505.1540,85555.1098,154.0438,-0.2631,-0.0000,-0.0151,pathgraph
1800.9831,100506.1200,85554.8512,154.0313,-0.2629,-0.0002,-0.0157,pathgraph
1801.9830,100507.0860,85554.5927,154.0189,-0.2626,-0.0004,-0.0163,pathgraph
1802.9830,100508.0520,85554.3341,154.0064,-0.2623,-0.0006,-0.0168,pathgraph
1803.9830,100509.0179,85554.0755,153.9940,-0.2621,-0.0007,-0.0155,pathgraph
1804.9830,100509.9835,85553.8155,153.9817,-0.2624,-0.0005,-0.0131,pathgraph
1805.9830,100510.9492,85553.5556,153.9693,-0.2626,-0.0003,-0.0123,pathgraph
1806.9830,100511.9148,85553.2956,153.9570,-0.2629,-0.0000,-0.0123,pathgraph
1807.9830,100512.8804,85553.0357,153.9447,-0.2632,0.0001,-0.0123,pathgraph
1808.9830,100513.8460,85552.7757,153.9324,-0.2631,0.0001,-0.0123,pathgraph
1809.9830,100514.8116,85552.5158,153.9201,-0.2631,0.0000,-0.0123,pathgraph
1810.9830,100515.7772,85552.2558,153.9078,-0.2631,-0.0000,-0.0123,pathgraph
1811.9830,100516.7428,85551.9959,153.8954,-0.2631,-0.0001,-0.0122,pathgraph
1812.9830,100517.7084,85551.7358,153.8831,-0.2631,-0.0001,-0.0122,pathgraph
1813.9830,100518.6736,85551.4744,153.8710,-0.2635,-0.0002,-0.0122,pathgraph
1814.9829,100519.6389,85551.2129,153.8589,-0.2639,-0.0002,-0.0122,pathgraph
1815.9829,100520.6041,85550.9515,153.8468,-0.2642,-0.0003,-0.0121,pathgraph
1816.9829,100521.5693,85550.6901,153.8347,-0.2646,-0.0003,-0.0121,pathgraph
1817.9829,100522.5345,85550.4286,153.8226,-0.2650,-0.0004,-0.0121,pathgraph
1818.9829,100523.4997,85550.1672,153.8105,-0.2654,-0.0005,-0.0121,pathgraph
1819.9829,100524.4649,85549.9058,153.7984,-0.2658,-0.0005,-0.0120,pathgraph
1820.9829,100525.4301,85549.6444,153.7863,-0.2662,-0.0006,-0.0120,pathgraph
1821.9829,100526.3954,85549.3829,153.7742,-0.2665,-0.0006,-0.0120,pathgraph
1822.9829,100527.3599,85549.1192,153.7622,-0.2672,-0.0007,-0.0119,pathgraph
1823.9829,100528.3241,85548.8539,153.7504,-0.2680,-0.0008,-0.0119,pathgraph
1824.9829,100529.2882,85548.5885,153.7385,-0.2688,-0.0008,-0.0119,pathgraph
1825.9829,100530.2524,85548.3232,153.7266,-0.2696,-0.0009,-0.0118,pathgraph
1826.9829,100531.2165,85548.0578,153.7147,-0.2705,-0.0010,-0.0118,pathgraph
1827.9828,100532.1802,85547.7906,153.7030,-0.2708,-0.0008,-0.0118,pathgraph
1828.9828,100533.1434,85547.5222,153.6913,-0.2707,-0.0005,-0.0117,pathgraph
1829.9828,100534.1067,85547.2537,153.6797,-0.2706,-0.0001,-0.0117,pathgraph
1830.9828,100535.0700,85546.9853,153.6680,-0.2705,0.0002,-0.0116,pathgraph
1831.9828,100536.0333,85546.7168,153.6564,-0.2704,0.0006,-0.0116,pathgraph
1832.9828,100536.9966,85546.4483,153.6447,-0.2703,0.0009,-0.0116,pathgraph
1833.9828,100537.9600,85546.1803,153.6331,-0.2702,0.0012,-0.0115,pathgraph
1834.9828,100538.9248,85545.9174,153.6217,-0.2694,0.0011,-0.0115,pathgraph
1835.9828,100539.8896,85545.6544,153.6103,-0.2686,0.0010,-0.0115,pathgraph
1836.9828,100540.8544,85545.3915,153.5990,-0.2679,0.0009,-0.0114,pathgraph
1837.9828,100541.8192,85545.1285,153.5876,-0.2671,0.0008,-0.0114,pathgraph
1838.9828,100542.7840,85544.8656,153.5762,-0.2663,0.0007,-0.0114,pathgraph
1839.9828,100543.7488,85544.6026,153.5649,-0.2656,0.0006,-0.0113,pathgraph
1840.9828,100544.7136,85544.3397,153.5535,-0.2648,0.0005,-0.0113,pathgraph
1841.9827,100545.6784,85544.0767,153.5421,-0.2640,0.0004,-0.0113,pathgraph
1842.9827,100546.6433,85543.8141,153.5308,-0.2633,0.0003,-0.0112,pathgraph
1843.9827,100547.6090,85543.5544,153.5197,-0.2633,0.0003,-0.0112,pathgraph
1844.9827,100548.5746,85543.2946,153.5086,-0.2633,0.0002,-0.0112,pathgraph
1845.9827,100549.5403,85543.0349,153.4975,-0.2632,0.0001,-0.0111,pathgraph
1846.9827,100550.5060,85542.7752,153.4864,-0.2632,0.0001,-0.0111,pathgraph
1847.9827,100551.4717,85542.5155,153.4753,-0.2632,-0.0000,-0.0111,pathgraph
1848.9827,100552.4374,85542.2558,153.4642,-0.2632,-0.0001,-0.0111,pathgraph
1849.9827,100553.4030,85541.9961,153.4531,-0.2632,-0.0001,-0.0110,pathgraph
1850.9827,100554.3687,85541.7364,153.4420,-0.2631,-0.0002,-0.0110,pathgraph
1851.9827,100555.3344,85541.4767,153.4309,-0.2631,-0.0003,-0.0110,pathgraph
1852.9827,100556.2999,85541.2163,153.4200,-0.2632,-0.0003,-0.0110,pathgraph
1853.9827,100557.2652,85540.9553,153.4091,-0.2633,-0.0002,-0.0109,pathgraph
1854.9826,100558.2306,85540.6943,153.3983,-0.2635,-0.0002,-0.0109,pathgraph
1855.9826,100559.1959,85540.4333,153.3874,-0.2636,-0.0002,-0.0109,pathgraph
1856.9826,100560.1612,85540.1724,153.3765,-0.2638,-0.0002,-0.0109,pathgraph
1857.9826,100561.1266,85539.9114,153.3657,-0.2639,-0.0001,-0.0109,pathgraph
1858.9826,100562.0919,85539.6504,153.3548,-0.2641,-0.0001,-0.0108,pathgraph
1859.9826,100563.0572,85539.3894,153.3439,-0.2642,-0.0001,-0.0108,pathgraph
1860.9826,100564.0226,85539.1285,153.3331,-0.2644,-0.0000,-0.0108,pathgraph
1861.9826,100564.9879,85538.8675,153.3222,-0.2645,-0.0000,-0.0108,pathgraph
1862.9826,100565.9533,85538.6066,153.3115,-0.2643,0.0000,-0.0108,pathgraph
1863.9826,100566.9186,85538.3456,153.3008,-0.2642,0.0001,-0.0108,pathgraph
1864.9826,100567.8840,85538.0847,153.2901,-0.2640,0.0001,-0.0107,pathgraph
1865.9826,100568.8493,85537.8238,153.2794,-0.2638,0.0001,-0.0107,pathgraph
1866.9826,100569.8147,85537.5628,153.2687,-0.2636,0.0002,-0.0107,pathgraph
1867.9825,100570.7800,85537.3019,153.2580,-0.2635,0.0002,-0.0107,pathgraph
1868.9825,100571.7454,85537.0410,153.2473,-0.2633,0.0003,-0.0107,pathgraph
1869.9825,100572.7107,85536.7800,153.2366,-0.2631,0.0003,-0.0107,pathgraph
1870.9825,100573.6761,85536.5191,153.2259,-0.2630,0.0003,-0.0107,pathgraph
1871.9825,100574.6417,85536.2591,153.2153,-0.2629,0.0003,-0.0107,pathgraph
1872.9825,100575.6075,85535.9999,153.2046,-0.2629,0.0002,-0.0107,pathgraph
1873.9825,100576.5733,85535.7406,153.1940,-0.2628,0.0002,-0.0107,pathgraph
1874.9825,100577.5391,85535.4813,153.1834,-0.2628,0.0001,-0.0107,pathgraph
1875.9825,100578.5049,85535.2221,153.1728,-0.2628,0.0000,-0.0107,pathgraph
1876.9825,100579.4707,85534.9628,153.1621,-0.2628,-0.0000,-0.0107,pathgraph
1877.9825,100580.4365,85534.7036,153.1515,-0.2628,-0.0001,-0.0106,pathgraph
1878.9825,100581.4023,85534.4443,153.1409,-0.2627,-0.0002,-0.0106,pathgraph
1879.9825,100582.3681,85534.1851,153.1303,-0.2627,-0.0002,-0.0106,pathgraph
1880.9825,100583.3339,85533.9257,153.1196,-0.2627,-0.0003,-0.0106,pathgraph
1881.9824,100584.2994,85533.6657,153.1090,-0.2627,-0.0002,-0.0107,pathgraph
1882.9824,100585.2650,85533.4056,153.0983,-0.2626,-0.0002,-0.0107,pathgraph
1883.9824,100586.2306,85533.1456,153.0877,-0.2626,-0.0001,-0.0107,pathgraph
1884.9824,100587.1962,85532.8855,153.0770,-0.2625,-0.0000,-0.0107,pathgraph
1885.9824,100588.1618,85532.6255,153.0664,-0.2625,0.0001,-0.0107,pathgraph
1886.9824,100589.1274,85532.3654,153.0557,-0.2625,0.0001,-0.0107,pathgraph
1887.9824,100590.0930,85532.1053,153.0451,-0.2624,0.0002,-0.0107,pathgraph
1888.9824,100591.0585,85531.8453,153.0344,-0.2624,0.0003,-0.0107,pathgraph
1889.9824,100592.0241,85531.5852,153.0238,-0.2624,0.0003,-0.0107,pathgraph
1890.9824,100592.9899,85531.3260,153.0131,-0.2623,0.0003,-0.0107,pathgraph
1891.9824,100593.9559,85531.0674,153.0023,-0.2623,0.0003,-0.0107,pathgraph
1892.9824,100594.9219,85530.8088,152.9916,-0.2622,0.0002,-0.0108,pathgraph
1893.9824,100595.8879,85530.5502,152.9808,-0.2622,0.0001,-0.0108,pathgraph
1894.9823,100596.8538,85530.2915,152.9700,-0.2621,0.0001,-0.0108,pathgraph
1895.9823,100597.8198,85530.0329,152.9593,-0.2621,-0.0000,-0.0108,pathgraph
1896.9823,100598.7858,85529.7743,152.9485,-0.2621,-0.0001,-0.0108,pathgraph
1897.9823,100599.7517,85529.5157,152.9377,-0.2620,-0.0001,-0.0108,pathgraph
1898.9823,100600.7177,85529.2571,152.9270,-0.2620,-0.0002,-0.0109,pathgraph
1899.9823,100601.6837,85528.9984,152.9162,-0.2619,-0.0003,-0.0109,pathgraph
1900.9823,100602.6495,85528.7391,152.9052,-0.2621,-0.0002,-0.0109,pathgraph
1901.9823,100603.6153,85528.4798,152.8943,-0.2622,-0.0001,-0.0109,pathgraph
1902.9823,100604.5810,85528.2205,152.8833,-0.2623,-0.0001,-0.0110,pathgraph
1903.9823,100605.5468,85527.9612,152.8723,-0.2624,0.0000,-0.0110,pathgraph
1904.9823,100606.5126,85527.7020,152.8613,-0.2623,0.0000,-0.0110,pathgraph
1905.9823,100607.4784,85527.4427,152.8504,-0.2623,0.0001,-0.0110,pathgraph
1906.9823,100608.4442,85527.1834,152.8394,-0.2622,0.0001,-0.0110,pathgraph
1907.9822,100609.4100,85526.9241,152.8284,-0.2621,0.0001,-0.0111,pathgraph
1908.9822,100610.3758,85526.6648,152.8175,-0.2620,0.0002,-0.0111,pathgraph
1909.9822,100611.3416,85526.4056,152.8063,-0.2620,0.0001,-0.0111,pathgraph
1910.9822,100612.3075,85526.1466,152.7951,-0.2622,0.0001,-0.0112,pathgraph
1911.9822,100613.2733,85525.8875,152.7838,-0.2623,0.0000,-0.0112,pathgraph
1912.9822,100614.2392,85525.6284,152.7726,-0.2624,-0.0001,-0.0112,pathgraph
1913.9822,100615.2050,85525.3693,152.7613,-0.2625,-0.0001,-0.0113,pathgraph
1914.9822,100616.1709,85525.1102,152.7501,-0.2627,-0.0002,-0.0113,pathgraph
1915.9822,100617.1367,85524.8511,152.7388,-0.2628,-0.0002,-0.0113,pathgraph
1916.9822,100618.1025,85524.5920,152.7275,-0.2629,-0.0003,-0.0114,pathgraph
1917.9822,100619.0684,85524.3329,152.7163,-0.2630,-0.0004,-0.0114,pathgraph
1918.9822,100620.0342,85524.0737,152.7050,-0.2632,-0.0004,-0.0114,pathgraph
1919.9822,100620.9996,85523.8128,152.6934,-0.2632,-0.0003,-0.0115,pathgraph
1920.9822,100621.9649,85523.5519,152.6818,-0.2632,-0.0003,-0.0115,pathgraph
1921.9821,100622.9303,85523.2910,152.6702,-0.2633,-0.0002,-0.0116,pathgraph
1922.9821,100623.8956,85523.0301,152.6586,-0.2633,-0.0001,-0.0116,pathgraph
1923.9821,100624.8610,85522.7692,152.6470,-0.2633,-0.0000,-0.0116,pathgraph
1924.9821,100625.8264,85522.5083,152.6354,-0.2634,0.0001,-0.0117,pathgraph
1925.9821,100626.7917,85522.2474,152.6238,-0.2634,0.0002,-0.0117,pathgraph
1926.9821,100627.7571,85521.9865,152.6122,-0.2634,0.0002,-0.0117,pathgraph
1927.9821,100628.7224,85521.7256,152.6006,-0.2635,0.0003,-0.0118,pathgraph
1928.9821,100629.6880,85521.4656,152.5888,-0.2634,0.0003,-0.0118,pathgraph
1929.9821,100630.6538,85521.2061,152.5768,-0.2633,0.0003,-0.0119,pathgraph
1930.9821,100631.6195,85520.9467,152.5648,-0.2631,0.0002,-0.0119,pathgraph
1931.9821,100632.5853,85520.6872,152.5528,-0.2630,0.0002,-0.0120,pathgraph
1932.9821,100633.5510,85520.4278,152.5408,-0.2628,0.0001,-0.0120,pathgraph
1933.9821,100634.5168,85520.1683,152.5288,-0.2627,0.0001,-0.0120,pathgraph
1934.9820,100635.4825,85519.9089,152.5168,-0.2626,0.0000,-0.0121,pathgraph
1935.9820,100636.4483,85519.6494,152.5048,-0.2624,0.0000,-0.0121,pathgraph
1936.9820,100637.4140,85519.3900,152.4928,-0.2623,-0.0000,-0.0122,pathgraph
1937.9820,100638.3798,85519.1305,152.4807,-0.2622,-0.0001,-0.0122,pathgraph
1938.9820,100639.3455,85518.8711,152.4683,-0.2622,-0.0001,-0.0123,pathgraph
1939.9820,100640.3113,85518.6118,152.4559,-0.2622,-0.0001,-0.0123,pathgraph
1940.9820,100641.2771,85518.3524,152.4435,-0.2622,-0.0000,-0.0124,pathgraph
1941.9820,100642.2428,85518.0930,152.4310,-0.2622,-0.0000,-0.0124,pathgraph
1942.9820,100643.2086,85517.8336,152.4186,-0.2623,-0.0000,-0.0125,pathgraph
1943.9820,100644.1744,85517.5743,152.4062,-0.2623,0.0000,-0.0125,pathgraph
1944.9820,100645.1401,85517.3149,152.3937,-0.2623,0.0000,-0.0125,pathgraph
1945.9820,100646.1059,85517.0555,152.3813,-0.2623,0.0000,-0.0126,pathgraph
1946.9820,100647.0717,85516.7961,152.3689,-0.2623,0.0000,-0.0126,pathgraph
1947.9820,100648.0373,85516.5364,152.3562,-0.2625,0.0000,-0.0127,pathgraph
1948.9819,100649.0029,85516.2763,152.3433,-0.2627,-0.0000,-0.0127,pathgraph
1949.9819,100649.9685,85516.0163,152.3304,-0.2630,-0.0001,-0.0128,pathgraph
1950.9819,100650.9341,85515.7563,152.3175,-0.2633,-0.0002,-0.0128,pathgraph
1951.9819,100651.8997,85515.4962,152.3046,-0.2635,-0.0002,-0.0129,pathgraph
1952.9819,100652.8653,85515.2362,152.2917,-0.2638,-0.0003,-0.0129,pathgraph
1953.9819,100653.8309,85514.9761,152.2789,-0.2641,-0.0004,-0.0130,pathgraph
1954.9819,100654.7965,85514.7161,152.2660,-0.2643,-0.0004,-0.0130,pathgraph
1955.9819,100655.7621,85514.4561,152.2531,-0.2646,-0.0005,-0.0131,pathgraph
1956.9819,100656.7276,85514.1958,152.2402,-0.2648,-0.0006,-0.0131,pathgraph
1957.9819,100657.6925,85513.9332,152.2268,-0.2648,-0.0004,-0.0132,pathgraph
1958.9819,100658.6574,85513.6706,152.2135,-0.2648,-0.0003,-0.0132,pathgraph
1959.9819,100659.6223,85513.4080,152.2002,-0.2648,-0.0002,-0.0133,pathgraph
1960.9819,100660.5872,85513.1454,152.1868,-0.2648,-0.0001,-0.0133,pathgraph
1961.9818,100661.5521,85512.8828,152.1735,-0.2648,0.0000,-0.0133,pathgraph
1962.9818,100662.5170,85512.6202,152.1602,-0.2648,0.0002,-0.0134,pathgraph
1963.9818,100663.4819,85512.3576,152.1468,-0.2648,0.0003,-0.0134,pathgraph
1964.9818,100664.4468,85512.0950,152.1335,-0.2647,0.0004,-0.0135,pathgraph
1965.9818,100665.4117,85511.8324,152.1202,-0.2647,0.0005,-0.0135,pathgraph
1966.9818,100666.3770,85511.5715,152.1066,-0.2645,0.0006,-0.0136,pathgraph
1967.9818,100667.3427,85511.3118,152.0929,-0.2642,0.0005,-0.0136,pathgraph
1968.9818,100668.3084,85511.0521,152.0791,-0.2639,0.0005,-0.0136,pathgraph
1969.9818,100669.2740,85510.7923,152.0654,-0.2636,0.0004,-0.0137,pathgraph
1970.9818,100670.2397,85510.5326,152.0517,-0.2632,0.0003,-0.0137,pathgraph
1971.9818,100671.2054,85510.2729,152.0379,-0.2629,0.0003,-0.0137,pathgraph
1972.9818,100672.1711,85510.0132,152.0242,-0.2626,0.0002,-0.0138,pathgraph
1973.9818,100673.1368,85509.7534,152.0105,-0.2622,0.0002,-0.0138,pathgraph
1974.9817,100674.1024,85509.4937,151.9967,-0.2619,0.0001,-0.0138,pathgraph
1975.9817,100675.0681,85509.2341,151.9830,-0.2616,0.0001,-0.0139,pathgraph
1976.9817,100676.0340,85508.9752,151.9689,-0.2617,0.0000,-0.0139,pathgraph
1977.9817,100676.9999,85508.7162,151.9549,-0.2619,-0.0000,-0.0140,pathgraph
1978.9817,100677.9658,85508.4573,151.9408,-0.2620,-0.0001,-0.0140,pathgraph
1979.9817,100678.9317,85508.1984,151.9267,-0.2621,-0.0001,-0.0140,pathgraph
1980.9817,100679.8976,85507.9395,151.9127,-0.2622,-0.0001,-0.0140,pathgraph
1981.9817,100680.8635,85507.6806,151.8986,-0.2624,-0.0002,-0.0140,pathgraph
1982.9817,100681.8294,85507.4216,151.8846,-0.2625,-0.0002,-0.0141,pathgraph
1983.9817,100682.7953,85507.1627,151.8705,-0.2626,-0.0003,-0.0141,pathgraph
1984.9817,100683.7611,85506.9038,151.8565,-0.2628,-0.0003,-0.0141,pathgraph
1985.9817,100684.7266,85506.6431,151.8423,-0.2631,-0.0004,-0.0141,pathgraph
1986.9817,100685.6916,85506.3811,151.8281,-0.2637,-0.0004,-0.0141,pathgraph
1987.9817,100686.6567,85506.1191,151.8139,-0.2643,-0.0005,-0.0142,pathgraph
1988.9816,100687.6217,85505.8570,151.7997,-0.2649,-0.0005,-0.0142,pathgraph
1989.9816,100688.5868,85505.5950,151.7854,-0.2654,-0.0006,-0.0142,pathgraph
1990.9816,100689.5518,85505.3330,151.7712,-0.2660,-0.0006,-0.0142,pathgraph
1991.9816,100690.5169,85505.0710,151.7570,-0.2666,-0.0007,-0.0142,pathgraph
1992.9816,100691.4819,85504.8090,151.7428,-0.2671,-0.0007,-0.0142,pathgraph
1993.9816,100692.4470,85504.5469,151.7286,-0.2677,-0.0008,-0.0142,pathgraph
1994.9816,100693.4120,85504.2846,151.7143,-0.2683,-0.0008,-0.0142,pathgraph
1995.9816,100694.3759,85504.0184,151.7002,-0.2686,-0.0006,-0.0142,pathgraph
1996.9816,100695.3398,85503.7521,151.6860,-0.2689,-0.0004,-0.0142,pathgraph
1997.9816,100696.3037,85503.4859,151.6718,-0.2693,-0.0002,-0.0141,pathgraph
1998.9816,100697.2676,85503.2197,151.6576,-0.2696,-0.0001,-0.0141,pathgraph
1999.9816,100698.2315,85502.9535,151.6434,-0.2699,0.0001,-0.0141,pathgraph
2000.9816,100699.1954,85502.6873,151.6293,-0.2696,0.0002,-0.0141,pathgraph
2001.9815,100700.1593,85502.4210,151.6151,-0.2694,0.0003,-0.0141,pathgraph
2002.9815,100701.1232,85502.1548,151.6009,-0.2691,0.0003,-0.0141,pathgraph
2003.9815,100702.0871,85501.8886,151.5867,-0.2688,0.0004,-0.0140,pathgraph
2004.9815,100703.0513,85501.6236,151.5727,-0.2686,0.0004,-0.0140,pathgraph
2005.9815,100704.0158,85501.3596,151.5588,-0.2683,0.0004,-0.0140,pathgraph
2006.9815,100704.9803,85501.0955,151.5449,-0.2681,0.0003,-0.0139,pathgraph
2007.9815,100705.9448,85500.8314,151.5310,-0.2678,0.0003,-0.0139,pathgraph
2008.9815,100706.9093,85500.5674,151.5171,-0.2676,0.0003,-0.0139,pathgraph
2009.9815,100707.8738,85500.3033,151.5032,-0.2673,0.0002,-0.0138,pathgraph
2010.9815,100708.8383,85500.0393,151.4892,-0.2671,0.0002,-0.0138,pathgraph
2011.9815,100709.8028,85499.7752,151.4753,-0.2668,0.0001,-0.0138,pathgraph
2012.9815,100710.7673,85499.5111,151.4614,-0.2666,0.0001,-0.0137,pathgraph
2013.9815,100711.7319,85499.2472,151.4475,-0.2664,0.0001,-0.0137,pathgraph
2014.9814,100712.6967,85498.9843,151.4341,-0.2663,0.0001,-0.0136,pathgraph
2015.9814,100713.6615,85498.7215,151.4206,-0.2661,0.0001,-0.0136,pathgraph
2016.9814,100714.6264,85498.4587,151.4071,-0.2660,0.0001,-0.0135,pathgraph
2017.9814,100715.5912,85498.1959,151.3936,-0.2659,0.0001,-0.0135,pathgraph
2018.9814,100716.5560,85497.9330,151.3801,-0.2658,0.0001,-0.0134,pathgraph
2019.9814,100717.5209,85497.6702,151.3666,-0.2657,0.0001,-0.0134,pathgraph
2020.9814,100718.4857,85497.4074,151.3532,-0.2656,0.0001,-0.0134,pathgraph
2021.9814,100719.4505,85497.1445,151.3397,-0.2655,0.0001,-0.0133,pathgraph
2022.9814,100720.4154,85496.8817,151.3262,-0.2654,0.0002,-0.0132,pathgraph
2023.9814,100721.3803,85496.6194,151.3130,-0.2653,0.0001,-0.0132,pathgraph
2024.9814,100722.3454,85496.3575,151.3000,-0.2653,0.0001,-0.0131,pathgraph
2025.9814,100723.3105,85496.0956,151.2871,-0.2653,0.0001,-0.0131,pathgraph
2026.9814,100724.2756,85495.8337,151.2741,-0.2652,0.0001,-0.0130,pathgraph
2027.9814,100725.2407,85495.5718,151.2611,-0.2652,0.0000,-0.0130,pathgraph
2028.9813,100726.2058,85495.3099,151.2482,-0.2651,0.0000,-0.0129,pathgraph
2029.9813,100727.1709,85495.0480,151.2352,-0.2651,-0.0000,-0.0129,pathgraph
2030.9813,100728.1360,85494.7861,151.2222,-0.2651,-0.0000,-0.0128,pathgraph
2031.9813,100729.1010,85494.5242,151.2093,-0.2650,-0.0001,-0.0128,pathgraph
2032.9813,100730.0661,85494.2623,151.1963,-0.2650,-0.0001,-0.0127,pathgraph
2033.9813,100731.0311,85494.0000,151.1839,-0.2651,-0.0001,-0.0126,pathgraph
2034.9813,100731.9961,85493.7378,151.1715,-0.2651,-0.0001,-0.0126,pathgraph
2035.9813,100732.9611,85493.4756,151.1591,-0.2652,-0.0001,-0.0125,pathgraph
2036.9813,100733.9261,85493.2133,151.1467,-0.2653,-0.0001,-0.0125,pathgraph
2037.9813,100734.8911,85492.9511,151.1342,-0.2654,-0.0001,-0.0124,pathgraph
2038.9813,100735.8561,85492.6889,151.1218,-0.2654,-0.0001,-0.0124,pathgraph
2039.9813,100736.8211,85492.4266,151.1094,-0.2655,-0.0001,-0.0123,pathgraph
2040.9813,100737.7861,85492.1644,151.0970,-0.2656,-0.0001,-0.0123,pathgraph
2041.9812,100738.7511,85491.9022,151.0846,-0.2656,-0.0001,-0.0122,pathgraph
2042.9812,100739.7160,85491.6397,151.0724,-0.2657,-0.0001,-0.0121,pathgraph
2043.9812,100740.6809,85491.3770,151.0605,-0.2657,-0.0000,-0.0121,pathgraph
2044.9812,100741.6457,85491.1142,151.0486,-0.2657,-0.0000,-0.0120,pathgraph
2045.9812,100742.6106,85490.8515,151.0367,-0.2657,-0.0000,-0.0120,pathgraph
2046.9812,100743.5755,85490.5888,151.0248,-0.2657,-0.0000,-0.0119,pathgraph
2047.9812,100744.5404,85490.3261,151.0129,-0.2658,-0.0000,-0.0119,pathgraph
2048.9812,100745.5052,85490.0634,151.0010,-0.2658,0.0000,-0.0118,pathgraph
2049.9812,100746.4701,85489.8007,150.9891,-0.2658,0.0000,-0.0118,pathgraph
2050.9812,100747.4350,85489.5380,150.9772,-0.2658,0.0000,-0.0118,pathgraph
2051.9812,100748.3998,85489.2754,150.9653,-0.2658,0.0000,-0.0117,pathgraph
2052.9812,100749.3647,85489.0128,150.9538,-0.2658,0.0000,-0.0116,pathgraph
2053.9812,100750.3297,85488.7503,150.9424,-0.2658,0.0000,-0.0116,pathgraph
2054.9812,100751.2946,85488.4877,150.9309,-0.2657,0.0000,-0.0116,pathgraph
2055.9811,100752.2595,85488.2252,150.9194,-0.2657,0.0000,-0.0115,pathgraph
2056.9811,100753.2244,85487.9626,150.9079,-0.2657,0.0000,-0.0115,pathgraph
2057.9811,100754.1893,85487.7001,150.8965,-0.2657,0.0000,-0.0115,pathgraph
2058.9811,100755.1542,85487.4375,150.8850,-0.2656,0.0000,-0.0114,pathgraph
2059.9811,100756.1191,85487.1750,150.8735,-0.2656,0.0000,-0.0114,pathgraph
2060.9811,100757.0840,85486.9124,150.8621,-0.2656,0.0000,-0.0113,pathgraph
2061.9811,100758.0491,85486.6505,150.8508,-0.2654,0.0001,-0.0113,pathgraph
2062.9811,100759.0143,85486.3890,150.8396,-0.2650,0.0001,-0.0113,pathgraph
2063.9811,100759.9795,85486.1274,150.8285,-0.2647,0.0002,-0.0112,pathgraph
2064.9811,100760.9447,85485.8659,150.8173,-0.2644,0.0003,-0.0112,pathgraph
2065.9811,100761.9099,85485.6044,150.8062,-0.2640,0.0004,-0.0112,pathgraph
2066.9811,100762.8751,85485.3429,150.7950,-0.2637,0.0004,-0.0112,pathgraph
2067.9811,100763.8403,85485.0814,150.7839,-0.2633,0.0005,-0.0111,pathgraph
2068.9810,100764.8055,85484.8199,150.7727,-0.2630,0.0006,-0.0111,pathgraph
2069.9810,100765.7707,85484.5587,150.7616,-0.2626,0.0007,-0.0111,pathgraph
2070.9810,100766.7371,85484.3015,150.7506,-0.2620,0.0007,-0.0110,pathgraph
2071.9810,100767.7034,85484.0443,150.7397,-0.2614,0.0006,-0.0110,pathgraph
2072.9810,100768.6698,85483.7871,150.7287,-0.2607,0.0006,-0.0110,pathgraph
2073.9810,100769.6361,85483.5299,150.7177,-0.2601,0.0006,-0.0110,pathgraph
2074.9810,100770.6025,85483.2727,150.7068,-0.2595,0.0006,-0.0110,pathgraph
2075.9810,100771.5688,85483.0155,150.6958,-0.2589,0.0006,-0.0110,pathgraph
2076.9810,100772.5352,85482.7583,150.6849,-0.2582,0.0006,-0.0109,pathgraph
2077.9810,100773.5016,85482.5015,150.6739,-0.2576,0.0006,-0.0109,pathgraph
2078.9810,100774.4692,85482.2487,150.6630,-0.2572,0.0006,-0.0109,pathgraph
2079.9810,100775.4367,85481.9960,150.6522,-0.2569,0.0005,-0.0109,pathgraph
2080.9810,100776.4042,85481.7433,150.6413,-0.2565,0.0005,-0.0109,pathgraph
2081.9809,100777.3718,85481.4906,150.6304,-0.2561,0.0004,-0.0109,pathgraph
2082.9809,100778.3393,85481.2379,150.6196,-0.2557,0.0004,-0.0109,pathgraph
2083.9809,100779.3068,85480.9852,150.6087,-0.2554,0.0003,-0.0109,pathgraph
2084.9809,100780.2744,85480.7324,150.5978,-0.2550,0.0003,-0.0109,pathgraph
2085.9809,100781.2419,85480.4797,150.5870,-0.2546,0.0002,-0.0109,pathgraph
2086.9809,100782.2094,85480.2270,150.5761,-0.2542,0.0002,-0.0109,pathgraph
2087.9809,100783.1773,85479.9755,150.5652,-0.2540,0.0002,-0.0109,pathgraph
2088.9809,100784.1454,85479.7249,150.5543,-0.2538,0.0002,-0.0109,pathgraph
2089.9809,100785.1135,85479.4743,150.5434,-0.2536,0.0002,-0.0109,pathgraph
2090.9809,100786.0815,85479.2238,150.5326,-0.2534,0.0002,-0.0109,pathgraph
2091.9809,100787.0496,85478.9732,150.5217,-0.2533,0.0002,-0.0109,pathgraph
2092.9809,100788.0177,85478.7226,150.5108,-0.2531,0.0002,-0.0109,pathgraph
2093.9809,100788.9858,85478.4720,150.4999,-0.2529,0.0002,-0.0109,pathgraph
2094.9808,100789.9539,85478.2214,150.4890,-0.2528,0.0002,-0.0109,pathgraph
2095.9808,100790.9220,85477.9708,150.4781,-0.2526,0.0002,-0.0109,pathgraph
2096.9808,100791.8901,85477.7204,150.4672,-0.2524,0.0002,-0.0110,pathgraph
2097.9808,100792.8587,85477.4717,150.4562,-0.2522,0.0002,-0.0110,pathgraph
2098.9808,100793.8272,85477.2229,150.4452,-0.2519,0.0002,-0.0110,pathgraph
2099.9808,100794.7958,85476.9742,150.4342,-0.2517,0.0002,-0.0110,pathgraph
2100.9808,100795.7644,85476.7255,150.4232,-0.2515,0.0002,-0.0110,pathgraph
2101.9808,100796.7329,85476.4767,150.4121,-0.2512,0.0002,-0.0110,pathgraph
2102.9808,100797.7015,85476.2280,150.4011,-0.2510,0.0002,-0.0111,pathgraph
2103.9808,100798.6701,85475.9793,150.3901,-0.2508,0.0002,-0.0111,pathgraph
2104.9808,100799.6386,85475.7305,150.3791,-0.2505,0.0003,-0.0111,pathgraph
2105.9808,100800.6072,85475.4818,150.3681,-0.2503,0.0003,-0.0111,pathgraph
2106.9808,100801.5761,85475.2345,150.3569,-0.2500,0.0003,-0.0112,pathgraph
2107.9808,100802.5453,85474.9882,150.3457,-0.2497,0.0003,-0.0112,pathgraph
2108.9807,100803.5145,85474.7419,150.3344,-0.2493,0.0003,-0.0112,pathgraph
2109.9807,100804.4837,85474.4956,150.3232,-0.2490,0.0003,-0.0112,pathgraph
2110.9807,100805.4528,85474.2493,150.3120,-0.2486,0.0004,-0.0113,pathgraph
2111.9807,100806.4220,85474.0030,150.3008,-0.2483,0.0004,-0.0113,pathgraph
2112.9807,100807.3912,85473.7566,150.2895,-0.2480,0.0004,-0.0113,pathgraph
2113.9807,100808.3604,85473.5103,150.2783,-0.2476,0.0004,-0.0113,pathgraph
2114.9807,100809.3296,85473.2642,150.2670,-0.2473,0.0004,-0.0114,pathgraph
2115.9807,100810.2995,85473.0208,150.2555,-0.2471,0.0004,-0.0114,pathgraph
2116.9807,100811.2694,85472.7773,150.2441,-0.2468,0.0003,-0.0114,pathgraph
2117.9807,100812.2394,85472.5339,150.2326,-0.2466,0.0003,-0.0115,pathgraph
2118.9807,100813.2093,85472.2904,150.2211,-0.2464,0.0002,-0.0115,pathgraph
2119.9807,100814.1792,85472.0470,150.2096,-0.2462,0.0002,-0.0115,pathgraph
2120.9807,100815.1491,85471.8035,150.1981,-0.2460,0.0002,-0.0115,pathgraph
2121.9806,100816.1190,85471.5601,150.1866,-0.2458,0.0001,-0.0116,pathgraph
2122.9806,100817.0889,85471.3166,150.1751,-0.2455,0.0001,-0.0116,pathgraph
2123.9806,100818.0588,85471.0732,150.1636,-0.2453,0.0000,-0.0116,pathgraph
2124.9806,100819.0289,85470.8305,150.1519,-0.2451,0.0000,-0.0117,pathgraph
2125.9806,100819.9991,85470.5884,150.1401,-0.2449,0.0001,-0.0117,pathgraph
2126.9806,100820.9694,85470.3462,150.1283,-0.2447,0.0001,-0.0118,pathgraph
2127.9806,100821.9396,85470.1041,150.1165,-0.2445,0.0002,-0.0118,pathgraph
2128.9806,100822.9098,85469.8619,150.1046,-0.2443,0.0002,-0.0118,pathgraph
2129.9806,100823.8801,85469.6198,150.0928,-0.2441,0.0002,-0.0118,pathgraph
2130.9806,100824.8503,85469.3777,150.0810,-0.2439,0.0003,-0.0119,pathgraph
2131.9806,100825.8205,85469.1355,150.0692,-0.2437,0.0003,-0.0119,pathgraph
2132.9806,100826.7908,85468.8934,150.0574,-0.2435,0.0004,-0.0119,pathgraph
2133.9806,100827.7610,85468.6514,150.0455,-0.2433,0.0004,-0.0120,pathgraph
2134.9806,100828.7318,85468.4113,150.0334,-0.2432,0.0003,-0.0120,pathgraph
2135.9805,100829.7025,85468.1711,150.0213,-0.2432,0.0002,-0.0121,pathgraph
2136.9805,100830.6732,85467.9309,150.0091,-0.2432,0.0002,-0.0121,pathgraph
2137.9805,100831.6439,85467.6908,149.9970,-0.2431,0.0001,-0.0121,pathgraph
2138.9805,100832.6147,85467.4506,149.9848,-0.2431,0.0000,-0.0121,pathgraph
2139.9805,100833.5854,85467.2105,149.9727,-0.2431,-0.0001,-0.0122,pathgraph
2140.9805,100834.5561,85466.9703,149.9605,-0.2431,-0.0002,-0.0122,pathgraph
2141.9805,100835.5268,85466.7301,149.9484,-0.2430,-0.0002,-0.0123,pathgraph
2142.9805,100836.4976,85466.4900,149.9363,-0.2430,-0.0003,-0.0123,pathgraph
2143.9805,100837.4680,85466.2488,149.9240,-0.2432,-0.0004,-0.0123,pathgraph
2144.9805,100838.4383,85466.0068,149.9115,-0.2437,-0.0004,-0.0124,pathgraph
2145.9805,100839.4086,85465.7648,149.8991,-0.2441,-0.0004,-0.0124,pathgraph
2146.9805,100840.3788,85465.5228,149.8867,-0.2446,-0.0004,-0.0124,pathgraph
2147.9805,100841.3491,85465.2808,149.8743,-0.2450,-0.0005,-0.0124,pathgraph
2148.9804,100842.3194,85465.0388,149.8618,-0.2455,-0.0005,-0.0125,pathgraph
2149.9804,100843.2897,85464.7968,149.8494,-0.2459,-0.0005,-0.0125,pathgraph
2150.9804,100844.2595,85464.5532,149.8368,-0.2462,-0.0005,-0.0125,pathgraph
2151.9804,100845.2291,85464.3085,149.8242,-0.2462,-0.0004,-0.0126,pathgraph
2152.9804,100846.1987,85464.0637,149.8115,-0.2463,-0.0003,-0.0126,pathgraph
2153.9804,100847.1682,85463.8189,149.7988,-0.2464,-0.0002,-0.0127,pathgraph
2154.9804,100848.1378,85463.5742,149.7861,-0.2465,-0.0001,-0.0127,pathgraph
2155.9804,100849.1074,85463.3294,149.7734,-0.2466,-0.0000,-0.0127,pathgraph
2156.9804,100850.0770,85463.0847,149.7607,-0.2467,0.0001,-0.0127,pathgraph
2157.9804,100851.0465,85462.8399,149.7480,-0.2468,0.0002,-0.0128,pathgraph
2158.9804,100852.0161,85462.5951,149.7354,-0.2469,0.0003,-0.0128,pathgraph
2159.9804,100852.9857,85462.3504,149.7226,-0.2470,0.0004,-0.0128,pathgraph
2160.9804,100853.9556,85462.1067,149.7097,-0.2469,0.0003,-0.0129,pathgraph
2161.9803,100854.9254,85461.8630,149.6967,-0.2468,0.0002,-0.0129,pathgraph
2162.9803,100855.8952,85461.6193,149.6838,-0.2468,0.0002,-0.0129,pathgraph
2163.9803,100856.8651,85461.3756,149.6708,-0.2467,0.0001,-0.0129,pathgraph
2164.9803,100857.8349,85461.1319,149.6579,-0.2467,0.0000,-0.0130,pathgraph
2165.9803,100858.8048,85460.8882,149.6449,-0.2466,-0.0000,-0.0130,pathgraph
2166.9803,100859.7746,85460.6445,149.6319,-0.2465,-0.0001,-0.0130,pathgraph
2167.9803,100860.7444,85460.4008,149.6190,-0.2465,-0.0001,-0.0130,pathgraph
2168.9803,100861.7143,85460.1571,149.6060,-0.2464,-0.0002,-0.0131,pathgraph
2169.9803,100862.6841,85459.9131,149.5929,-0.2464,-0.0002,-0.0131,pathgraph
2170.9803,100863.6538,85459.6688,149.5797,-0.2464,-0.0002,-0.0131,pathgraph
2171.9803,100864.6235,85459.4246,149.5665,-0.2464,-0.0001,-0.0132,pathgraph
2172.9803,100865.5932,85459.1803,149.5533,-0.2464,-0.0001,-0.0132,pathgraph
2173.9803,100866.5629,85458.9361,149.5401,-0.2464,-0.0000,-0.0132,pathgraph
2174.9803,100867.5326,85458.6918,149.5269,-0.2464,0.0000,-0.0132,pathgraph
2175.9802,100868.5023,85458.4475,149.5137,-0.2464,0.0001,-0.0132,pathgraph
2176.9802,100869.4720,85458.2033,149.5005,-0.2464,0.0001,-0.0133,pathgraph
2177.9802,100870.4417,85457.9590,149.4873,-0.2464,0.0002,-0.0133,pathgraph
2178.9802,100871.4114,85457.7149,149.4740,-0.2464,0.0002,-0.0133,pathgraph
2179.9802,100872.3814,85457.4718,149.4606,-0.2462,0.0002,-0.0133,pathgraph
2180.9802,100873.3514,85457.2288,149.4472,-0.2461,0.0002,-0.0134,pathgraph
2181.9802,100874.3214,85456.9857,149.4337,-0.2459,0.0002,-0.0134,pathgraph
2182.9802,100875.2914,85456.7426,149.4203,-0.2458,0.0002,-0.0134,pathgraph
2183.9802,100876.2614,85456.4996,149.4069,-0.2456,0.0001,-0.0134,pathgraph
2184.9802,100877.2314,85456.2565,149.3934,-0.2455,0.0001,-0.0135,pathgraph
2185.9802,100878.2014,85456.0134,149.3800,-0.2453,0.0001,-0.0135,pathgraph
2186.9802,100879.1714,85455.7704,149.3666,-0.2452,0.0001,-0.0135,pathgraph
2187.9802,100880.1414,85455.5273,149.3531,-0.2450,0.0001,-0.0135,pathgraph
2188.9801,100881.1115,85455.2846,149.3396,-0.2449,0.0001,-0.0136,pathgraph
2189.9801,100882.0817,85455.0422,149.3259,-0.2449,0.0000,-0.0136,pathgraph
2190.9801,100883.0519,85454.7998,149.3123,-0.2449,0.0000,-0.0136,pathgraph
2191.9801,100884.0220,85454.5574,149.2987,-0.2448,-0.0000,-0.0136,pathgraph
2192.9801,100884.9922,85454.3150,149.2850,-0.2448,-0.0000,-0.0136,pathgraph
2193.9801,100885.9624,85454.0727,149.2714,-0.2448,-0.0000,-0.0137,pathgraph
2194.9801,100886.9326,85453.8303,149.2577,-0.2448,-0.0000,-0.0137,pathgraph
2195.9801,100887.9027,85453.5879,149.2441,-0.2448,-0.0000,-0.0137,pathgraph
2196.9801,100888.8729,85453.3455,149.2305,-0.2448,0.0000,-0.0135,pathgraph
2197.9801,100889.8431,85453.1031,149.2168,-0.2448,0.0000,-0.0131,pathgraph
2198.9801,100890.8134,85452.8613,149.2030,-0.2446,0.0000,-0.0124,pathgraph
2199.9801,100891.7837,85452.6195,149.1891,-0.2444,0.0001,-0.0118,pathgraph
2200.9801,100892.7540,85452.3777,149.1753,-0.2443,0.0001,-0.0112,pathgraph
2201.9800,100893.7243,85452.1358,149.1615,-0.2441,0.0002,-0.0106,pathgraph
2202.9800,100894.6946,85451.8940,149.1477,-0.2439,0.0002,-0.0100,pathgraph
2203.9800,100895.6650,85451.6522,149.1338,-0.2437,0.0002,-0.0095,pathgraph
2204.9800,100896.6353,85451.4104,149.1200,-0.2435,0.0003,-0.0105,pathgraph
2205.9800,100897.6056,85451.1686,149.1062,-0.2433,0.0003,-0.0128,pathgraph
2206.9800,100898.5759,85450.9267,149.0923,-0.2431,0.0004,-0.0139,pathgraph
2207.9800,100899.5465,85450.6861,149.0861,-0.2430,0.0003,-0.0139,pathgraph
2208.9800,100900.5173,85450.4463,149.0854,-0.2428,0.0003,-0.0140,pathgraph
2209.9800,100901.4881,85450.2065,149.0847,-0.2426,0.0002,-0.0140,pathgraph
2210.9800,100902.4589,85449.9667,149.0840,-0.2425,0.0002,-0.0140,pathgraph
2211.9800,100903.4298,85449.7269,149.0833,-0.2423,0.0001,-0.0140,pathgraph
2212.9800,100904.4006,85449.4871,149.0826,-0.2422,0.0001,-0.0140,pathgraph
2213.9800,100905.3714,85449.2473,149.0819,-0.2420,-0.0000,-0.0140,pathgraph
2214.9800,100906.3422,85449.0075,149.0772,-0.2418,-0.0001,-0.0140,pathgraph
2215.9799,100907.3131,85448.7679,149.0129,-0.2420,-0.0001,-0.0141,pathgraph
2216.9799,100908.2839,85448.5283,148.9523,-0.2421,-0.0002,-0.0141,pathgraph
2217.9799,100909.2546,85448.2880,148.9381,-0.2422,-0.0002,-0.0143,pathgraph
2218.9799,100910.2253,85448.0476,148.9240,-0.2423,-0.0002,-0.0148,pathgraph
2219.9799,100911.1960,85447.8073,148.9098,-0.2423,-0.0001,-0.0155,pathgraph
2220.9799,100912.1667,85447.5670,148.8956,-0.2424,-0.0001,-0.0161,pathgraph
2221.9799,100913.1374,85447.3267,148.8815,-0.2425,-0.0001,-0.0167,pathgraph
2222.9799,100914.1080,85447.0863,148.8673,-0.2426,-0.0001,-0.0174,pathgraph
2223.9799,100915.0787,85446.8460,148.8531,-0.2427,-0.0000,-0.0180,pathgraph
2224.9799,100916.0494,85446.6057,148.8390,-0.2428,-0.0000,-0.0186,pathgraph
2225.9799,100917.0201,85446.3653,148.8248,-0.2429,0.0000,-0.0176,pathgraph
2226.9799,100917.9908,85446.1250,148.8106,-0.2429,0.0000,-0.0154,pathgraph
2227.9799,100918.9614,85445.8846,148.7962,-0.2429,0.0000,-0.0143,pathgraph
2228.9798,100919.9321,85445.6442,148.7819,-0.2428,0.0000,-0.0143,pathgraph
2229.9798,100920.9028,85445.4038,148.7676,-0.2428,0.0000,-0.0143,pathgraph
2230.9798,100921.8734,85445.1634,148.7533,-0.2428,0.0000,-0.0143,pathgraph
2231.9798,100922.8441,85444.9230,148.7390,-0.2427,0.0000,-0.0143,pathgraph
2232.9798,100923.8148,85444.6826,148.7247,-0.2427,0.0000,-0.0143,pathgraph
2233.9798,100924.7854,85444.4422,148.7104,-0.2427,0.0000,-0.0143,pathgraph
2234.9798,100925.7561,85444.2018,148.6961,-0.2426,0.0001,-0.0143,pathgraph
2235.9798,100926.7268,85443.9614,148.6818,-0.2426,0.0001,-0.0143,pathgraph
2236.9798,100927.6975,85443.7214,148.6674,-0.2425,0.0000,-0.0144,pathgraph
2237.9798,100928.6683,85443.4813,148.6530,-0.2425,0.0000,-0.0144,pathgraph
2238.9798,100929.6390,85443.2413,148.6387,-0.2425,0.0000,-0.0144,pathgraph
2239.9798,100930.6098,85443.0013,148.6243,-0.2424,0.0000,-0.0144,pathgraph
2240.9798,100931.5806,85442.7613,148.6099,-0.2424,0.0000,-0.0144,pathgraph
2241.9798,100932.5513,85442.5213,148.5955,-0.2424,0.0000,-0.0144,pathgraph
2242.9797,100933.5221,85442.2812,148.5811,-0.2423,0.0000,-0.0144,pathgraph
2243.9797,100934.4928,85442.0412,148.5667,-0.2423,0.0000,-0.0144,pathgraph
2244.9797,100935.4636,85441.8012,148.5523,-0.2423,0.0000,-0.0144,pathgraph
2245.9797,100936.4342,85441.5604,148.5379,-0.2425,-0.0000,-0.0144,pathgraph
2246.9797,100937.4046,85441.3191,148.5235,-0.2430,-0.0001,-0.0144,pathgraph
2247.9797,100938.3751,85441.0778,148.5091,-0.2435,-0.0003,-0.0144,pathgraph
2248.9797,100939.3455,85440.8365,148.4947,-0.2440,-0.0004,-0.0144,pathgraph
2249.9797,100940.3159,85440.5952,148.4803,-0.2444,-0.0005,-0.0144,pathgraph
2250.9797,100941.2864,85440.3539,148.4658,-0.2449,-0.0006,-0.0144,pathgraph
2251.9797,100942.2568,85440.1126,148.4514,-0.2454,-0.0007,-0.0144,pathgraph
2252.9797,100943.2273,85439.8712,148.4370,-0.2459,-0.0008,-0.0144,pathgraph
2253.9797,100944.1977,85439.6299,148.4226,-0.2464,-0.0009,-0.0144,pathgraph
2254.9797,100945.1680,85439.3883,148.4082,-0.2469,-0.0010,-0.0144,pathgraph
2255.9796,100946.1373,85439.1421,148.3938,-0.2476,-0.0009,-0.0144,pathgraph
2256.9796,100947.1065,85438.8960,148.3794,-0.2484,-0.0008,-0.0144,pathgraph
2257.9796,100948.0757,85438.6498,148.3651,-0.2492,-0.0007,-0.0144,pathgraph
2258.9796,100949.0450,85438.4037,148.3507,-0.2500,-0.0007,-0.0144,pathgraph
2259.9796,100950.0140,85438.1569,148.3363,-0.2500,-0.0004,-0.0144,pathgraph
2260.9796,100950.9829,85437.9095,148.3220,-0.2495,-0.0000,-0.0143,pathgraph
2261.9796,100951.9518,85437.6621,148.3076,-0.2490,0.0004,-0.0143,pathgraph
2262.9796,100952.9207,85437.4147,148.2933,-0.2485,0.0008,-0.0143,pathgraph
2263.9796,100953.8896,85437.1673,148.2790,-0.2479,0.0011,-0.0143,pathgraph
2264.9796,100954.8585,85436.9199,148.2646,-0.2474,0.0015,-0.0143,pathgraph
2265.9796,100955.8284,85436.6763,148.2503,-0.2468,0.0015,-0.0143,pathgraph
2266.9796,100956.7990,85436.4356,148.2360,-0.2462,0.0013,-0.0143,pathgraph
2267.9796,100957.7696,85436.1949,148.2217,-0.2455,0.0010,-0.0143,pathgraph
2268.9795,100958.7402,85435.9541,148.2075,-0.2449,0.0008,-0.0143,pathgraph
2269.9795,100959.7107,85435.7134,148.1932,-0.2442,0.0005,-0.0143,pathgraph
2270.9795,100960.6813,85435.4727,148.1789,-0.2436,0.0002,-0.0143,pathgraph
2271.9795,100961.6519,85435.2320,148.1646,-0.2429,-0.0000,-0.0143,pathgraph
2272.9795,100962.6225,85434.9912,148.1503,-0.2423,-0.0003,-0.0143,pathgraph
2273.9795,100963.5932,85434.7510,148.1361,-0.2419,-0.0003,-0.0143,pathgraph
2274.9795,100964.5640,85434.5111,148.1218,-0.2417,-0.0002,-0.0143,pathgraph
2275.9795,100965.5348,85434.2712,148.1076,-0.2416,-0.0001,-0.0143,pathgraph
2276.9795,100966.5056,85434.0314,148.0933,-0.2414,-0.0000,-0.0143,pathgraph
2277.9795,100967.4764,85433.7915,148.0791,-0.2413,0.0001,-0.0143,pathgraph
2278.9795,100968.4472,85433.5516,148.0648,-0.2411,0.0002,-0.0143,pathgraph
2279.9795,100969.4180,85433.3117,148.0506,-0.2410,0.0003,-0.0143,pathgraph
2280.9795,100970.3888,85433.0719,148.0363,-0.2408,0.0004,-0.0143,pathgraph
2281.9794,100971.3596,85432.8320,148.0221,-0.2407,0.0005,-0.0143,pathgraph
2282.9794,100972.3304,85432.5923,148.0078,-0.2405,0.0006,-0.0143,pathgraph
2283.9794,100973.3016,85432.3542,147.9936,-0.2403,0.0003,-0.0143,pathgraph
2284.9794,100974.2729,85432.1161,147.9793,-0.2405,0.0002,-0.0143,pathgraph
2285.9794,100975.2441,85431.8780,147.9651,-0.2407,0.0001,-0.0143,pathgraph
2286.9794,100976.2154,85431.6400,147.9508,-0.2409,-0.0000,-0.0143,pathgraph
2287.9794,100977.1866,85431.4019,147.9366,-0.2410,-0.0001,-0.0143,pathgraph
2288.9794,100978.1579,85431.1639,147.9223,-0.2412,-0.0002,-0.0143,pathgraph
2289.9794,100979.1291,85430.9258,147.9081,-0.2414,-0.0004,-0.0143,pathgraph
2290.9794,100980.1003,85430.6877,147.8938,-0.2416,-0.0005,-0.0143,pathgraph
2291.9794,100981.0716,85430.4497,147.8796,-0.2418,-0.0006,-0.0143,pathgraph
2292.9794,100982.0424,85430.2098,147.8653,-0.2420,-0.0006,-0.0143,pathgraph
2293.9794,100983.0128,85429.9685,147.8510,-0.2422,-0.0005,-0.0143,pathgraph
2294.9793,100983.9833,85429.7272,147.8367,-0.2425,-0.0004,-0.0143,pathgraph
2295.9793,100984.9537,85429.4860,147.8224,-0.2428,-0.0004,-0.0143,pathgraph
2296.9793,100985.9242,85429.2447,147.8081,-0.2430,-0.0003,-0.0143,pathgraph
2297.9793,100986.8946,85429.0034,147.7938,-0.2433,-0.0002,-0.0143,pathgraph
2298.9793,100987.8651,85428.7622,147.7796,-0.2435,-0.0001,-0.0143,pathgraph
2299.9793,100988.8355,85428.5209,147.7653,-0.2438,-0.0000,-0.0143,pathgraph
2300.9793,100989.8060,85428.2796,147.7510,-0.2440,0.0000,-0.0143,pathgraph
2301.9793,100990.7764,85428.0384,147.7367,-0.2443,0.0001,-0.0143,pathgraph
2302.9793,100991.7468,85427.7968,147.7223,-0.2442,0.0001,-0.0143,pathgraph
2303.9793,100992.7172,85427.5552,147.7079,-0.2442,0.0001,-0.0144,pathgraph
2304.9793,100993.6876,85427.3136,147.6936,-0.2442,0.0001,-0.0144,pathgraph
2305.9793,100994.6579,85427.0721,147.6792,-0.2442,0.0000,-0.0144,pathgraph
2306.9793,100995.6283,85426.8305,147.6648,-0.2441,0.0000,-0.0144,pathgraph
2307.9793,100996.5987,85426.5889,147.6504,-0.2441,0.0000,-0.0144,pathgraph
2308.9792,100997.5690,85426.3473,147.6361,-0.2441,-0.0000,-0.0144,pathgraph
2309.9792,100998.5394,85426.1058,147.6217,-0.2441,-0.0000,-0.0144,pathgraph
2310.9792,100999.5098,85425.8642,147.6073,-0.2440,-0.0001,-0.0144,pathgraph
2311.9792,101000.4802,85425.6227,147.5929,-0.2440,-0.0000,-0.0144,pathgraph
2312.9792,101001.4506,85425.3813,147.5784,-0.2439,-0.0000,-0.0144,pathgraph
2313.9792,101002.4210,85425.1398,147.5639,-0.2438,0.0000,-0.0145,pathgraph
2314.9792,101003.3914,85424.8984,147.5495,-0.2437,0.0001,-0.0145,pathgraph
2315.9792,101004.3618,85424.6570,147.5350,-0.2436,0.0001,-0.0145,pathgraph
2316.9792,101005.3323,85424.4156,147.5205,-0.2435,0.0001,-0.0145,pathgraph
2317.9792,101006.3027,85424.1742,147.5060,-0.2434,0.0002,-0.0145,pathgraph
2318.9792,101007.2731,85423.9327,147.4916,-0.2433,0.0002,-0.0145,pathgraph
2319.9792,101008.2435,85423.6913,147.4771,-0.2432,0.0002,-0.0141,pathgraph
2320.9792,101009.2139,85423.4500,147.4626,-0.2431,0.0003,-0.0130,pathgraph
2321.9791,101010.1846,85423.2096,147.4480,-0.2431,0.0002,-0.0116,pathgraph
2322.9791,101011.1553,85422.9693,147.4335,-0.2431,0.0001,-0.0104,pathgraph
2323.9791,101012.1260,85422.7290,147.4189,-0.2431,0.0001,-0.0103,pathgraph
2324.9791,101013.0967,85422.4886,147.4043,-0.2431,0.0000,-0.0111,pathgraph
2325.9791,101014.0673,85422.2483,147.3897,-0.2431,-0.0000,-0.0119,pathgraph
2326.9791,101015.0380,85422.0080,147.3751,-0.2432,-0.0001,-0.0127,pathgraph
2327.9791,101016.0087,85421.7677,147.3606,-0.2432,-0.0001,-0.0135,pathgraph
2328.9791,101016.9794,85421.5273,147.3460,-0.2432,-0.0002,-0.0142,pathgraph
2329.9791,101017.9501,85421.2870,147.3314,-0.2432,-0.0002,-0.0146,pathgraph
2330.9791,101018.9207,85421.0463,147.3338,-0.2432,-0.0002,-0.0146,pathgraph
2331.9791,101019.8912,85420.8052,147.3488,-0.2433,-0.0001,-0.0146,pathgraph
2332.9791,101020.8617,85420.5641,147.3639,-0.2434,-0.0000,-0.0146,pathgraph
2333.9791,101021.8322,85420.3231,147.3694,-0.2435,0.0001,-0.0146,pathgraph
2334.9790,101022.8026,85420.0819,147.3385,-0.2436,0.0000,-0.0147,pathgraph
2335.9790,101023.7731,85419.8408,147.3075,-0.2436,-0.0000,-0.0147,pathgraph
2336.9790,101024.7436,85419.5997,147.2765,-0.2437,-0.0000,-0.0147,pathgraph
2337.9790,101025.7141,85419.3586,147.2455,-0.2437,-0.0001,-0.0147,pathgraph
2338.9790,101026.6846,85419.1174,147.2146,-0.2437,-0.0001,-0.0147,pathgraph
2339.9790,101027.6551,85418.8762,147.1848,-0.2438,-0.0001,-0.0147,pathgraph
2340.9790,101028.6254,85418.6344,147.1701,-0.2439,-0.0001,-0.0151,pathgraph
2341.9790,101029.5957,85418.3925,147.1554,-0.2440,-0.0001,-0.0162,pathgraph
2342.9790,101030.5660,85418.1507,147.1407,-0.2440,-0.0001,-0.0176,pathgraph
2343.9790,101031.5363,85417.9088,147.1259,-0.2441,-0.0001,-0.0188,pathgraph
2344.9790,101032.5066,85417.6669,147.1112,-0.2442,-0.0001,-0.0189,pathgraph
2345.9790,101033.4769,85417.4251,147.0965,-0.2443,-0.0001,-0.0181,pathgraph
2346.9790,101034.4472,85417.1832,147.0818,-0.2444,-0.0001,-0.0174,pathgraph
2347.9790,101035.4175,85416.9414,147.0671,-0.2445,-0.0000,-0.0166,pathgraph
2348.9789,101036.3878,85416.6995,147.0524,-0.2446,-0.0000,-0.0158,pathgraph
2349.9789,101037.3581,85416.4577,147.0377,-0.2445,-0.0000,-0.0151,pathgraph
2350.9789,101038.3284,85416.2158,147.0230,-0.2444,0.0000,-0.0147,pathgraph
2351.9789,101039.2987,85415.9740,147.0083,-0.2443,0.0001,-0.0147,pathgraph
2352.9789,101040.2690,85415.7322,146.9936,-0.2442,0.0001,-0.0147,pathgraph
2353.9789,101041.2394,85415.4904,146.9789,-0.2440,0.0001,-0.0147,pathgraph
2354.9789,101042.2097,85415.2485,146.9642,-0.2439,0.0001,-0.0147,pathgraph
2355.9789,101043.1800,85415.0067,146.9495,-0.2438,0.0002,-0.0147,pathgraph
2356.9789,101044.1503,85414.7649,146.9348,-0.2437,0.0002,-0.0147,pathgraph
2357.9789,101045.1206,85414.5231,146.9201,-0.2436,0.0002,-0.0147,pathgraph
2358.9789,101046.0909,85414.2813,146.9054,-0.2434,0.0003,-0.0147,pathgraph
2359.9789,101047.0615,85414.0406,146.8908,-0.2435,0.0002,-0.0146,pathgraph
2360.9789,101048.0321,85413.8000,146.8761,-0.2435,0.0001,-0.0146,pathgraph
2361.9788,101049.0027,85413.5593,146.8615,-0.2435,0.0001,-0.0146,pathgraph
2362.9788,101049.9733,85413.3186,146.8469,-0.2435,0.0000,-0.0146,pathgraph
2363.9788,101050.9439,85413.0779,146.8323,-0.2435,-0.0000,-0.0146,pathgraph
2364.9788,101051.9145,85412.8373,146.8176,-0.2435,-0.0001,-0.0146,pathgraph
2365.9788,101052.8851,85412.5966,146.8030,-0.2436,-0.0001,-0.0146,pathgraph
2366.9788,101053.8557,85412.3559,146.7884,-0.2436,-0.0002,-0.0146,pathgraph
2367.9788,101054.8263,85412.1152,146.7738,-0.2436,-0.0003,-0.0146,pathgraph
2368.9788,101055.7968,85411.8741,146.7592,-0.2435,-0.0003,-0.0145,pathgraph
2369.9788,101056.7672,85411.6327,146.7447,-0.2435,-0.0002,-0.0145,pathgraph
2370.9788,101057.7376,85411.3913,146.7302,-0.2434,-0.0001,-0.0145,pathgraph
2371.9788,101058.7080,85411.1498,146.7157,-0.2433,-0.0001,-0.0145,pathgraph
2372.9788,101059.6784,85410.9084,146.7012,-0.2432,0.0000,-0.0145,pathgraph
2373.9788,101060.6489,85410.6670,146.6867,-0.2432,0.0001,-0.0145,pathgraph
2374.9788,101061.6193,85410.4256,146.6723,-0.2431,0.0001,-0.0145,pathgraph
2375.9787,101062.5897,85410.1841,146.6578,-0.2430,0.0002,-0.0144,pathgraph
2376.9787,101063.5601,85409.9427,146.6433,-0.2429,0.0003,-0.0144,pathgraph
2377.9787,101064.5305,85409.7014,146.6288,-0.2429,0.0003,-0.0144,pathgraph
2378.9787,101065.5012,85409.4610,146.6145,-0.2427,0.0001,-0.0144,pathgraph
2379.9787,101066.4719,85409.2206,146.6002,-0.2428,0.0001,-0.0143,pathgraph
2380.9787,101067.4425,85408.9802,146.5859,-0.2428,0.0001,-0.0143,pathgraph
2381.9787,101068.4132,85408.7398,146.5716,-0.2428,0.0000,-0.0143,pathgraph
2382.9787,101069.3839,85408.4994,146.5572,-0.2428,0.0000,-0.0143,pathgraph
2383.9787,101070.3545,85408.2590,146.5429,-0.2428,0.0000,-0.0143,pathgraph
2384.9787,101071.3252,85408.0186,146.5286,-0.2428,-0.0000,-0.0143,pathgraph
2385.9787,101072.2959,85407.7782,146.5143,-0.2429,-0.0000,-0.0142,pathgraph
2386.9787,101073.2665,85407.5378,146.5000,-0.2429,-0.0000,-0.0142,pathgraph
2387.9787,101074.2371,85407.2972,146.4858,-0.2429,-0.0001,-0.0142,pathgraph
2388.9786,101075.2077,85407.0564,146.4717,-0.2430,-0.0001,-0.0141,pathgraph
2389.9786,101076.1783,85406.8156,146.4577,-0.2431,-0.0001,-0.0141,pathgraph
2390.9786,101077.1488,85406.5748,146.4436,-0.2432,-0.0001,-0.0141,pathgraph
2391.9786,101078.1194,85406.3340,146.4295,-0.2432,-0.0001,-0.0141,pathgraph
2392.9786,101079.0900,85406.0932,146.4154,-0.2433,-0.0001,-0.0141,pathgraph
2393.9786,101080.0606,85405.8524,146.4013,-0.2434,-0.0001,-0.0140,pathgraph
2394.9786,101081.0311,85405.6116,146.3872,-0.2434,-0.0001,-0.0140,pathgraph
2395.9786,101082.0017,85405.3708,146.3731,-0.2435,-0.0001,-0.0140,pathgraph
2396.9786,101082.9723,85405.1300,146.3591,-0.2436,-0.0001,-0.0140,pathgraph
2397.9786,101083.9428,85404.8890,146.3452,-0.2435,-0.0001,-0.0139,pathgraph
2398.9786,101084.9133,85404.6479,146.3314,-0.2434,-0.0000,-0.0139,pathgraph
2399.9786,101085.8838,85404.4069,146.3176,-0.2433,0.0000,-0.0139,pathgraph
2400.9786,101086.8543,85404.1659,146.3037,-0.2432,0.0001,-0.0138,pathgraph
2401.9786,101087.8248,85403.9248,146.2899,-0.2431,0.0001,-0.0138,pathgraph
2402.9785,101088.7953,85403.6838,146.2761,-0.2430,0.0002,-0.0138,pathgraph
2403.9785,101089.7658,85403.4428,146.2622,-0.2429,0.0002,-0.0138,pathgraph
2404.9785,101090.7363,85403.2017,146.2484,-0.2428,0.0002,-0.0137,pathgraph
2405.9785,101091.7068,85402.9607,146.2346,-0.2427,0.0003,-0.0137,pathgraph
2406.9785,101092.6775,85402.7205,146.2209,-0.2426,0.0003,-0.0137,pathgraph
2407.9785,101093.6484,85402.4809,146.2074,-0.2425,0.0002,-0.0136,pathgraph
2408.9785,101094.6193,85402.2413,146.1938,-0.2425,0.0002,-0.0136,pathgraph
2409.9785,101095.5901,85402.0017,146.1803,-0.2424,0.0001,-0.0136,pathgraph
2410.9785,101096.5610,85401.7621,146.1667,-0.2423,0.0001,-0.0135,pathgraph
2411.9785,101097.5319,85401.5226,146.1532,-0.2422,0.0000,-0.0135,pathgraph
2412.9785,101098.5028,85401.2830,146.1396,-0.2422,-0.0000,-0.0135,pathgraph
2413.9785,101099.4736,85401.0434,146.1261,-0.2421,-0.0001,-0.0134,pathgraph
2414.9785,101100.4445,85400.8038,146.1126,-0.2420,-0.0001,-0.0134,pathgraph
2415.9784,101101.4153,85400.5642,146.0990,-0.2420,-0.0001,-0.0134,pathgraph
2416.9784,101102.3861,85400.3243,146.0858,-0.2420,-0.0001,-0.0133,pathgraph
2417.9784,101103.3569,85400.0844,146.0726,-0.2420,-0.0001,-0.0133,pathgraph
2418.9784,101104.3277,85399.8446,146.0594,-0.2420,-0.0001,-0.0132,pathgraph
2419.9784,101105.2985,85399.6047,146.0462,-0.2420,-0.0000,-0.0132,pathgraph
2420.9784,101106.2693,85399.3648,146.0330,-0.2420,-0.0000,-0.0132,pathgraph
2421.9784,101107.2401,85399.1249,146.0198,-0.2420,0.0000,-0.0131,pathgraph
2422.9784,101108.2109,85398.8850,146.0066,-0.2421,0.0001,-0.0131,pathgraph
2423.9784,101109.1817,85398.6452,145.9934,-0.2421,0.0001,-0.0131,pathgraph
2424.9784,101110.1525,85398.4053,145.9802,-0.2421,0.0001,-0.0130,pathgraph
2425.9784,101111.1234,85398.1656,145.9672,-0.2421,0.0001,-0.0130,pathgraph
2426.9784,101112.0943,85397.9262,145.9544,-0.2420,0.0001,-0.0129,pathgraph
2427.9784,101113.0652,85397.6868,145.9416,-0.2420,0.0001,-0.0129,pathgraph
2428.9783,101114.0361,85397.4473,145.9288,-0.2420,0.0001,-0.0128,pathgraph
2429.9783,101115.0070,85397.2079,145.9160,-0.2419,0.0000,-0.0128,pathgraph
2430.9783,101115.9779,85396.9685,145.9031,-0.2419,0.0000,-0.0128,pathgraph
2431.9783,101116.9488,85396.7290,145.8903,-0.2419,0.0000,-0.0127,pathgraph
2432.9783,101117.9197,85396.4896,145.8775,-0.2418,-0.0000,-0.0127,pathgraph
2433.9783,101118.8906,85396.2502,145.8647,-0.2418,-0.0000,-0.0126,pathgraph
2434.9783,101119.8615,85396.0107,145.8519,-0.2418,-0.0001,-0.0126,pathgraph
2435.9783,101120.8324,85395.7712,145.8396,-0.2418,-0.0000,-0.0125,pathgraph
2436.9783,101121.8032,85395.5316,145.8273,-0.2418,-0.0000,-0.0124,pathgraph
2437.9783,101122.7741,85395.2920,145.8149,-0.2418,-0.0000,-0.0124,pathgraph
2438.9783,101123.7450,85395.0525,145.8026,-0.2419,-0.0000,-0.0123,pathgraph
2439.9783,101124.7159,85394.8129,145.7903,-0.2419,-0.0000,-0.0123,pathgraph
2440.9783,101125.6867,85394.5733,145.7779,-0.2419,-0.0000,-0.0122,pathgraph
2441.9783,101126.6576,85394.3338,145.7656,-0.2419,-0.0000,-0.0122,pathgraph
2442.9782,101127.6285,85394.0942,145.7533,-0.2419,-0.0000,-0.0121,pathgraph
2443.9782,101128.5993,85393.8546,145.7409,-0.2420,0.0000,-0.0121,pathgraph
2444.9782,101129.5702,85393.6150,145.7289,-0.2420,0.0000,-0.0120,pathgraph
2445.9782,101130.5411,85393.3755,145.7172,-0.2420,0.0000,-0.0119,pathgraph
2446.9782,101131.5120,85393.1359,145.7055,-0.2420,0.0000,-0.0118,pathgraph
2447.9782,101132.4828,85392.8963,145.6937,-0.2419,0.0000,-0.0118,pathgraph
2448.9782,101133.4537,85392.6567,145.6820,-0.2419,0.0000,-0.0117,pathgraph
2449.9782,101134.4246,85392.4172,145.6702,-0.2419,0.0000,-0.0117,pathgraph
2450.9782,101135.3954,85392.1776,145.6585,-0.2419,0.0000,-0.0116,pathgraph
2451.9782,101136.3663,85391.9380,145.6467,-0.2419,0.0000,-0.0115,pathgraph
2452.9782,101137.3372,85391.6984,145.6350,-0.2419,0.0000,-0.0115,pathgraph
2453.9782,101138.3080,85391.4588,145.6233,-0.2419,0.0000,-0.0114,pathgraph
2454.9782,101139.2790,85391.2195,145.6123,-0.2418,0.0000,-0.0113,pathgraph
2455.9781,101140.2499,85390.9801,145.6012,-0.2418,0.0000,-0.0112,pathgraph
2456.9781,101141.2208,85390.7407,145.5902,-0.2418,0.0000,-0.0111,pathgraph
2457.9781,101142.1917,85390.5013,145.5791,-0.2417,0.0000,-0.0111,pathgraph
2458.9781,101143.1626,85390.2619,145.5681,-0.2417,0.0000,-0.0110,pathgraph
2459.9781,101144.1335,85390.0225,145.5571,-0.2416,0.0001,-0.0109,pathgraph
2460.9781,101145.1045,85389.7831,145.5460,-0.2416,0.0001,-0.0108,pathgraph
2461.9781,101146.0754,85389.5437,145.5350,-0.2415,0.0001,-0.0108,pathgraph
2462.9781,101147.0463,85389.3043,145.5240,-0.2415,0.0001,-0.0107,pathgraph
2463.9781,101148.0172,85389.0650,145.5134,-0.2416,0.0001,-0.0106,pathgraph
2464.9781,101148.9881,85388.8256,145.5032,-0.2417,0.0000,-0.0105,pathgraph
2465.9781,101149.9590,85388.5862,145.4930,-0.2418,-0.0000,-0.0104,pathgraph
2466.9781,101150.9299,85388.3468,145.4827,-0.2419,-0.0001,-0.0103,pathgraph
2467.9781,101151.9009,85388.1074,145.4725,-0.2421,-0.0001,-0.0102,pathgraph
2468.9781,101152.8718,85387.8680,145.4623,-0.2422,-0.0001,-0.0101,pathgraph
2469.9780,101153.8427,85387.6286,145.4521,-0.2423,-0.0002,-0.0100,pathgraph
2470.9780,101154.8136,85387.3892,145.4419,-0.2424,-0.0002,-0.0100,pathgraph
2471.9780,101155.7845,85387.1498,145.4317,-0.2426,-0.0003,-0.0099,pathgraph
2472.9780,101156.7554,85386.9103,145.4215,-0.2427,-0.0003,-0.0097,pathgraph
2473.9780,101157.7261,85386.6698,145.4122,-0.2428,-0.0001,-0.0096,pathgraph
2474.9780,101158.6967,85386.4293,145.4029,-0.2429,-0.0000,-0.0095,pathgraph
2475.9780,101159.6674,85386.1889,145.3936,-0.2429,-0.0000,-0.0094,pathgraph
2476.9780,101160.6380,85385.9484,145.3843,-0.2429,0.0000,-0.0094,pathgraph
2477.9780,101161.6086,85385.7079,145.3750,-0.2429,0.0000,-0.0093,pathgraph
2478.9780,101162.5793,85385.4674,145.3657,-0.2428,0.0000,-0.0092,pathgraph
2479.9780,101163.5499,85385.2269,145.3564,-0.2428,0.0000,-0.0091,pathgraph
2480.9780,101164.5206,85384.9865,145.3471,-0.2428,0.0000,-0.0090,pathgraph
2481.9780,101165.4912,85384.7460,145.3377,-0.2427,0.0001,-0.0089,pathgraph
2482.9779,101166.4619,85384.5056,145.3290,-0.2427,0.0000,-0.0087,pathgraph
2483.9779,101167.4326,85384.2652,145.3207,-0.2428,0.0000,-0.0086,pathgraph
2484.9779,101168.4033,85384.0249,145.3123,-0.2428,0.0000,-0.0085,pathgraph
2485.9779,101169.3739,85383.7846,145.3040,-0.2428,-0.0000,-0.0084,pathgraph
2486.9779,101170.3446,85383.5442,145.2957,-0.2428,-0.0000,-0.0083,pathgraph
2487.9779,101171.3153,85383.3039,145.2873,-0.2429,-0.0000,-0.0082,pathgraph
2488.9779,101172.2860,85383.0636,145.2790,-0.2429,-0.0001,-0.0081,pathgraph
2489.9779,101173.2567,85382.8232,145.2707,-0.2429,-0.0001,-0.0080,pathgraph
2490.9779,101174.2274,85382.5829,145.2623,-0.2429,-0.0001,-0.0079,pathgraph
2491.9779,101175.1980,85382.3426,145.2541,-0.2429,-0.0001,-0.0078,pathgraph
2492.9779,101176.1687,85382.1022,145.2468,-0.2428,-0.0001,-0.0077,pathgraph
2493.9779,101177.1394,85381.8618,145.2395,-0.2427,-0.0000,-0.0076,pathgraph
2494.9779,101178.1100,85381.6214,145.2322,-0.2426,0.0000,-0.0075,pathgraph
2495.9779,101179.0807,85381.3810,145.2249,-0.2425,0.0001,-0.0074,pathgraph
2496.9778,101180.0514,85381.1406,145.2176,-0.2424,0.0001,-0.0073,pathgraph
2497.9778,101181.0220,85380.9002,145.2103,-0.2423,0.0002,-0.0072,pathgraph
2498.9778,101181.9927,85380.6598,145.2030,-0.2422,0.0002,-0.0071,pathgraph
2499.9778,101182.9634,85380.4194,145.1957,-0.2421,0.0002,-0.0069,pathgraph
2500.9778,101183.9340,85380.1790,145.1884,-0.2420,0.0003,-0.0068,pathgraph
2501.9778,101184.9051,85379.9401,145.1817,-0.2417,0.0003,-0.0067,pathgraph
2502.9778,101185.8764,85379.7023,145.1754,-0.2411,0.0004,-0.0065,pathgraph
2503.9778,101186.8477,85379.4645,145.1691,-0.2405,0.0005,-0.0065,pathgraph
2504.9778,101187.8190,85379.2267,145.1628,-0.2400,0.0005,-0.0064,pathgraph
2505.9778,101188.7903,85378.9889,145.1564,-0.2394,0.0006,-0.0063,pathgraph
2506.9778,101189.7616,85378.7511,145.1501,-0.2389,0.0007,-0.0062,pathgraph
2507.9778,101190.7329,85378.5133,145.1438,-0.2383,0.0007,-0.0060,pathgraph
2508.9778,101191.7042,85378.2755,145.1375,-0.2378,0.0008,-0.0059,pathgraph
2509.9777,101192.6762,85378.0406,145.1318,-0.2372,0.0008,-0.0058,pathgraph
2510.9777,101193.6488,85377.8079,145.1264,-0.2366,0.0007,-0.0056,pathgraph
2511.9777,101194.6213,85377.5751,145.1210,-0.2360,0.0007,-0.0055,pathgraph
2512.9777,101195.5938,85377.3424,145.1156,-0.2355,0.0006,-0.0054,pathgraph
2513.9777,101196.5664,85377.1097,145.1102,-0.2349,0.0005,-0.0053,pathgraph
2514.9777,101197.5389,85376.8770,145.1049,-0.2343,0.0005,-0.0052,pathgraph
2515.9777,101198.5114,85376.6443,145.0995,-0.2337,0.0004,-0.0051,pathgraph
2516.9777,101199.4840,85376.4115,145.0941,-0.2332,0.0004,-0.0050,pathgraph
2517.9777,101200.4571,85376.1811,145.0893,-0.2325,0.0004,-0.0049,pathgraph
2518.9777,101201.4305,85375.9524,145.0848,-0.2318,0.0005,-0.0047,pathgraph
2519.9777,101202.4040,85375.7236,145.0803,-0.2311,0.0006,-0.0046,pathgraph
2520.9777,101203.3775,85375.4949,145.0758,-0.2304,0.0007,-0.0045,pathgraph
2521.9777,101204.3510,85375.2662,145.0714,-0.2298,0.0008,-0.0044,pathgraph
2522.9776,101205.3245,85375.0374,145.0669,-0.2291,0.0009,-0.0043,pathgraph
2523.9776,101206.2979,85374.8087,145.0624,-0.2284,0.0010,-0.0042,pathgraph
2524.9776,101207.2715,85374.5804,145.0580,-0.2277,0.0010,-0.0041,pathgraph
2525.9776,101208.2464,85374.3575,145.0543,-0.2266,0.0011,-0.0039,pathgraph
2526.9776,101209.2212,85374.1346,145.0505,-0.2255,0.0011,-0.0038,pathgraph
2527.9776,101210.1960,85373.9116,145.0468,-0.2244,0.0011,-0.0037,pathgraph
2528.9776,101211.1708,85373.6887,145.0431,-0.2234,0.0011,-0.0036,pathgraph
2529.9776,101212.1457,85373.4658,145.0393,-0.2223,0.0011,-0.0035,pathgraph
2530.9776,101213.1213,85373.2463,145.0360,-0.2213,0.0011,-0.0034,pathgraph
2531.9776,101214.0975,85373.0294,145.0329,-0.2204,0.0010,-0.0033,pathgraph
2532.9776,101215.0737,85372.8125,145.0299,-0.2195,0.0010,-0.0031,pathgraph
2533.9776,101216.0498,85372.5957,145.0268,-0.2186,0.0009,-0.0030,pathgraph
2534.9775,101217.0260,85372.3788,145.0238,-0.2176,0.0008,-0.0029,pathgraph
2535.9775,101218.0022,85372.1619,145.0207,-0.2167,0.0008,-0.0028,pathgraph
2536.9775,101218.9785,85371.9453,145.0177,-0.2158,0.0007,-0.0027,pathgraph
2537.9775,101219.9558,85371.7335,145.0155,-0.2153,0.0007,-0.0026,pathgraph
2538.9775,101220.9331,85371.5216,145.0132,-0.2148,0.0006,-0.0025,pathgraph
2539.9775,101221.9103,85371.3097,145.0110,-0.2142,0.0006,-0.0023,pathgraph
2540.9775,101222.8876,85371.0978,145.0087,-0.2137,0.0005,-0.0022,pathgraph
2541.9775,101223.8649,85370.8859,145.0064,-0.2132,0.0005,-0.0022,pathgraph
2542.9775,101224.8422,85370.6740,145.0042,-0.2127,0.0004,-0.0021,pathgraph
2543.9775,101225.8195,85370.4622,145.0019,-0.2121,0.0004,-0.0020,pathgraph
2544.9775,101226.7968,85370.2506,144.9997,-0.2116,0.0003,-0.0019,pathgraph
2545.9775,101227.7750,85370.0427,144.9983,-0.2110,0.0004,-0.0018,pathgraph
2546.9775,101228.7531,85369.8348,144.9969,-0.2104,0.0005,-0.0017,pathgraph
2547.9774,101229.7313,85369.6269,144.9955,-0.2098,0.0005,-0.0016,pathgraph
2548.9774,101230.7094,85369.4190,144.9940,-0.2092,0.0006,-0.0015,pathgraph
2549.9774,101231.6876,85369.2111,144.9926,-0.2086,0.0007,-0.0014,pathgraph
2550.9774,101232.6657,85369.0032,144.9912,-0.2079,0.0007,-0.0013,pathgraph
2551.9774,101233.6439,85368.7953,144.9898,-0.2073,0.0008,-0.0012,pathgraph
2552.9774,101234.6220,85368.5874,144.9884,-0.2067,0.0009,-0.0011,pathgraph
2553.9774,101235.6009,85368.3830,144.9873,-0.2056,0.0010,-0.0010,pathgraph
2554.9774,101236.5803,85368.1811,144.9865,-0.2042,0.0012,-0.0009,pathgraph
2555.9774,101237.5597,85367.9791,144.9857,-0.2027,0.0015,-0.0008,pathgraph
2556.9774,101238.5391,85367.7772,144.9850,-0.2012,0.0017,-0.0007,pathgraph
2557.9774,101239.5184,85367.5753,144.9842,-0.1998,0.0019,-0.0007,pathgraph
2558.9774,101240.4988,85367.3783,144.9836,-0.1978,0.0021,-0.0006,pathgraph
2559.9773,101241.4799,85367.1848,144.9832,-0.1955,0.0023,-0.0005,pathgraph
2560.9773,101242.4610,85366.9914,144.9829,-0.1931,0.0024,-0.0004,pathgraph
2561.9773,101243.4421,85366.7979,144.9825,-0.1908,0.0026,-0.0003,pathgraph
2562.9773,101244.4243,85366.6100,144.9823,-0.1881,0.0027,-0.0002,pathgraph
2563.9773,101245.4072,85366.4261,144.9822,-0.1853,0.0028,-0.0001,pathgraph
2564.9773,101246.3902,85366.2423,144.9821,-0.1825,0.0029,-0.0001,pathgraph
2565.9773,101247.3733,85366.0592,144.9820,-0.1796,0.0030,0.0000,pathgraph
2566.9773,101248.3581,85365.8857,144.9822,-0.1764,0.0031,0.0001,pathgraph
2567.9773,101249.3429,85365.7123,144.9824,-0.1732,0.0032,0.0002,pathgraph
2568.9773,101250.3278,85365.5389,144.9826,-0.1700,0.0033,0.0002,pathgraph
2569.9772,101251.3137,85365.3715,144.9829,-0.1667,0.0034,0.0003,pathgraph
2570.9772,101252.3003,85365.2087,144.9833,-0.1633,0.0034,0.0004,pathgraph
2571.9772,101253.2869,85365.0458,144.9837,-0.1599,0.0034,0.0005,pathgraph
2572.9772,101254.2743,85364.8872,144.9842,-0.1566,0.0033,0.0005,pathgraph
2573.9772,101255.2622,85364.7326,144.9849,-0.1533,0.0033,0.0006,pathgraph
2574.9772,101256.2509,85364.5828,144.9855,-0.1500,0.0033,0.0007,pathgraph
2575.9772,101257.2398,85364.4337,144.9862,-0.1467,0.0032,0.0007,pathgraph
2576.9772,101258.2298,85364.2927,144.9870,-0.1436,0.0032,0.0008,pathgraph
2577.9772,101259.2198,85364.1517,144.9878,-0.1405,0.0031,0.0008,pathgraph
2578.9772,101260.2098,85364.0108,144.9887,-0.1373,0.0031,0.0009,pathgraph
2579.9771,101261.2006,85363.8758,144.9896,-0.1344,0.0030,0.0010,pathgraph
2580.9771,101262.1920,85363.7452,144.9907,-0.1315,0.0029,0.0010,pathgraph
2581.9771,101263.1835,85363.6147,144.9917,-0.1287,0.0027,0.0011,pathgraph
2582.9771,101264.1750,85363.4849,144.9928,-0.1259,0.0026,0.0011,pathgraph
2583.9771,101265.1676,85363.3637,144.9940,-0.1238,0.0023,0.0012,pathgraph
2584.9771,101266.1602,85363.2425,144.9952,-0.1217,0.0021,0.0012,pathgraph
2585.9771,101267.1529,85363.1214,144.9964,-0.1196,0.0018,0.0013,pathgraph
2586.9771,101268.1456,85363.0007,144.9977,-0.1175,0.0016,0.0013,pathgraph
2587.9771,101269.1391,85362.8873,144.9991,-0.1159,0.0016,0.0013,pathgraph
2588.9771,101270.1326,85362.7739,145.0005,-0.1144,0.0016,0.0014,pathgraph
2589.9771,101271.1262,85362.6604,145.0020,-0.1128,0.0015,0.0014,pathgraph
2590.9771,101272.1197,85362.5470,145.0034,-0.1113,0.0015,0.0015,pathgraph
2591.9770,101273.1133,85362.4340,145.0048,-0.1098,0.0015,0.0015,pathgraph
2592.9770,101274.1076,85362.3279,145.0065,-0.1086,0.0014,0.0016,pathgraph
2593.9770,101275.1020,85362.2218,145.0081,-0.1074,0.0012,0.0016,pathgraph
2594.9770,101276.0963,85362.1157,145.0097,-0.1063,0.0011,0.0016,pathgraph
2595.9770,101277.0907,85362.0096,145.0114,-0.1051,0.0010,0.0017,pathgraph
2596.9770,101278.0850,85361.9034,145.0130,-0.1039,0.0009,0.0017,pathgraph
2597.9770,101279.0797,85361.8006,145.0148,-0.1031,0.0008,0.0017,pathgraph
2598.9770,101280.0747,85361.7002,145.0166,-0.1025,0.0007,0.0018,pathgraph
2599.9770,101281.0696,85361.5998,145.0185,-0.1019,0.0007,0.0018,pathgraph
2600.9770,101282.0645,85361.4994,145.0203,-0.1013,0.0006,0.0018,pathgraph
2601.9770,101283.0595,85361.3990,145.0221,-0.1007,0.0006,0.0018,pathgraph
2602.9770,101284.0544,85361.2986,145.0240,-0.1001,0.0005,0.0019,pathgraph
2603.9770,101285.0494,85361.1983,145.0258,-0.0995,0.0005,0.0019,pathgraph
2604.9769,101286.0443,85361.0979,145.0277,-0.0989,0.0004,0.0019,pathgraph
2605.9769,101287.0393,85360.9978,145.0295,-0.0983,0.0004,0.0019,pathgraph
2606.9769,101288.0346,85360.9017,145.0316,-0.0977,0.0004,0.0020,pathgraph
2607.9769,101289.0300,85360.8056,145.0336,-0.0972,0.0005,0.0020,pathgraph
2608.9769,101290.0254,85360.7095,145.0356,-0.0967,0.0005,0.0020,pathgraph
2609.9769,101291.0207,85360.6134,145.0376,-0.0961,0.0005,0.0020,pathgraph
2610.9769,101292.0161,85360.5173,145.0397,-0.0956,0.0006,0.0020,pathgraph
2611.9769,101293.0115,85360.4212,145.0417,-0.0951,0.0006,0.0020,pathgraph
2612.9769,101294.0068,85360.3251,145.0437,-0.0945,0.0006,0.0021,pathgraph
2613.9769,101295.0022,85360.2290,145.0458,-0.0940,0.0007,0.0021,pathgraph
2614.9769,101295.9978,85360.1357,145.0479,-0.0933,0.0007,0.0021,pathgraph
2615.9769,101296.9936,85360.0444,145.0500,-0.0926,0.0007,0.0021,pathgraph
2616.9769,101297.9894,85359.9532,145.0521,-0.0918,0.0008,0.0021,pathgraph
2617.9768,101298.9853,85359.8619,145.0543,-0.0910,0.0008,0.0021,pathgraph
2618.9768,101299.9811,85359.7706,145.0564,-0.0902,0.0008,0.0021,pathgraph
2619.9768,101300.9769,85359.6794,145.0586,-0.0895,0.0008,0.0022,pathgraph
2620.9768,101301.9728,85359.5885,145.0607,-0.0887,0.0009,0.0022,pathgraph
2621.9768,101302.9691,85359.5028,145.0629,-0.0879,0.0009,0.0022,pathgraph
2622.9768,101303.9654,85359.4172,145.0651,-0.0870,0.0008,0.0022,pathgraph
2623.9768,101304.9617,85359.3315,145.0673,-0.0862,0.0008,0.0022,pathgraph
2624.9768,101305.9580,85359.2458,145.0695,-0.0854,0.0008,0.0022,pathgraph
2625.9768,101306.9543,85359.1601,145.0718,-0.0846,0.0008,0.0022,pathgraph
2626.9768,101307.9506,85359.0744,145.0740,-0.0838,0.0008,0.0022,pathgraph
2627.9768,101308.9470,85358.9891,145.0762,-0.0829,0.0008,0.0022,pathgraph
2628.9768,101309.9438,85358.9090,145.0784,-0.0820,0.0008,0.0022,pathgraph
2629.9768,101310.9406,85358.8289,145.0807,-0.0811,0.0009,0.0022,pathgraph
2630.9767,101311.9373,85358.7489,145.0829,-0.0801,0.0009,0.0022,pathgraph
2631.9767,101312.9341,85358.6688,145.0852,-0.0792,0.0010,0.0022,pathgraph
2632.9767,101313.9309,85358.5888,145.0874,-0.0782,0.0010,0.0023,pathgraph
2633.9767,101314.9277,85358.5087,145.0897,-0.0773,0.0011,0.0023,pathgraph
2634.9767,101315.9248,85358.4324,145.0919,-0.0762,0.0011,0.0023,pathgraph
2635.9767,101316.9220,85358.3588,145.0942,-0.0749,0.0012,0.0023,pathgraph
2636.9767,101317.9193,85358.2853,145.0965,-0.0737,0.0012,0.0023,pathgraph
2637.9767,101318.9166,85358.2118,145.0987,-0.0725,0.0013,0.0023,pathgraph
2638.9767,101319.9139,85358.1383,145.1010,-0.0713,0.0013,0.0023,pathgraph
2639.9767,101320.9112,85358.0652,145.1033,-0.0700,0.0013,0.0023,pathgraph
2640.9767,101321.9090,85357.9986,145.1056,-0.0688,0.0013,0.0023,pathgraph
2641.9767,101322.9068,85357.9320,145.1079,-0.0676,0.0012,0.0023,pathgraph
2642.9766,101323.9045,85357.8654,145.1101,-0.0664,0.0012,0.0023,pathgraph
2643.9766,101324.9023,85357.7988,145.1124,-0.0652,0.0012,0.0023,pathgraph
2644.9766,101325.9001,85357.7322,145.1147,-0.0640,0.0011,0.0023,pathgraph
2645.9766,101326.8981,85357.6692,145.1170,-0.0629,0.0011,0.0023,pathgraph
2646.9766,101327.8963,85357.6089,145.1193,-0.0620,0.0010,0.0023,pathgraph
2647.9766,101328.8944,85357.5486,145.1216,-0.0612,0.0009,0.0023,pathgraph
2648.9766,101329.8926,85357.4883,145.1239,-0.0603,0.0009,0.0023,pathgraph
2649.9766,101330.8908,85357.4280,145.1262,-0.0594,0.0008,0.0023,pathgraph
2650.9766,101331.8890,85357.3677,145.1285,-0.0585,0.0007,0.0023,pathgraph
2651.9766,101332.8871,85357.3078,145.1307,-0.0576,0.0007,0.0023,pathgraph
2652.9766,101333.8856,85357.2527,145.1330,-0.0571,0.0006,0.0023,pathgraph
2653.9766,101334.8841,85357.1975,145.1353,-0.0565,0.0006,0.0023,pathgraph
2654.9766,101335.8826,85357.1424,145.1376,-0.0560,0.0006,0.0023,pathgraph
2655.9765,101336.8810,85357.0872,145.1399,-0.0555,0.0005,0.0023,pathgraph
2656.9765,101337.8795,85357.0321,145.1422,-0.0549,0.0005,0.0023,pathgraph
2657.9765,101338.8780,85356.9769,145.1445,-0.0544,0.0005,0.0023,pathgraph
2658.9765,101339.8764,85356.9218,145.1468,-0.0539,0.0004,0.0023,pathgraph
2659.9765,101340.8749,85356.8666,145.1491,-0.0533,0.0004,0.0023,pathgraph
2660.9765,101341.8735,85356.8134,145.1513,-0.0530,0.0004,0.0023,pathgraph
2661.9765,101342.8721,85356.7615,145.1536,-0.0528,0.0003,0.0023,pathgraph
2662.9765,101343.8708,85356.7097,145.1559,-0.0526,0.0003,0.0023,pathgraph
2663.9765,101344.8694,85356.6579,145.1582,-0.0524,0.0002,0.0023,pathgraph
2664.9765,101345.8681,85356.6061,145.1605,-0.0522,0.0002,0.0023,pathgraph
2665.9765,101346.8667,85356.5542,145.1627,-0.0520,0.0002,0.0023,pathgraph
2666.9765,101347.8654,85356.5024,145.1650,-0.0518,0.0001,0.0023,pathgraph
2667.9765,101348.8640,85356.4506,145.1673,-0.0516,0.0001,0.0023,pathgraph
2668.9764,101349.8627,85356.3988,145.1696,-0.0514,0.0001,0.0023,pathgraph
2669.9764,101350.8613,85356.3470,145.1719,-0.0512,0.0000,0.0023,pathgraph
2670.9764,101351.8600,85356.2961,145.1741,-0.0511,0.0000,0.0023,pathgraph
2671.9764,101352.8587,85356.2451,145.1764,-0.0511,0.0000,0.0023,pathgraph
2672.9764,101353.8574,85356.1942,145.1786,-0.0510,0.0000,0.0023,pathgraph
2673.9764,101354.8561,85356.1433,145.1809,-0.0509,0.0001,0.0022,pathgraph
2674.9764,101355.8548,85356.0923,145.1831,-0.0509,0.0001,0.0022,pathgraph
2675.9764,101356.8535,85356.0414,145.1854,-0.0508,0.0001,0.0022,pathgraph
2676.9764,101357.8522,85355.9905,145.1876,-0.0508,0.0001,0.0022,pathgraph
2677.9764,101358.8509,85355.9395,145.1899,-0.0507,0.0001,0.0022,pathgraph
2678.9764,101359.8496,85355.8886,145.1921,-0.0507,0.0001,0.0022,pathgraph
2679.9764,101360.8483,85355.8381,145.1944,-0.0506,0.0001,0.0022,pathgraph
2680.9764,101361.8470,85355.7879,145.1966,-0.0505,0.0001,0.0022,pathgraph
2681.9764,101362.8458,85355.7378,145.1988,-0.0504,0.0001,0.0022,pathgraph
2682.9763,101363.8445,85355.6876,145.2009,-0.0503,0.0001,0.0022,pathgraph
2683.9763,101364.8432,85355.6375,145.2031,-0.0502,0.0001,0.0022,pathgraph
2684.9763,101365.8420,85355.5873,145.2053,-0.0501,0.0001,0.0022,pathgraph
2685.9763,101366.8407,85355.5372,145.2075,-0.0500,0.0001,0.0022,pathgraph
2686.9763,101367.8394,85355.4870,145.2097,-0.0499,0.0001,0.0022,pathgraph
2687.9763,101368.8382,85355.4368,145.2119,-0.0498,0.0001,0.0022,pathgraph
2688.9763,101369.8369,85355.3867,145.2141,-0.0497,0.0001,0.0021,pathgraph
2689.9763,101370.8357,85355.3371,145.2162,-0.0497,0.0001,0.0021,pathgraph
2690.9763,101371.8344,85355.2875,145.2183,-0.0498,0.0000,0.0021,pathgraph
2691.9763,101372.8332,85355.2379,145.2204,-0.0498,0.0000,0.0021,pathgraph
2692.9763,101373.8319,85355.1883,145.2225,-0.0498,-0.0000,0.0021,pathgraph
2693.9763,101374.8307,85355.1386,145.2246,-0.0499,-0.0000,0.0021,pathgraph
2694.9763,101375.8295,85355.0890,145.2267,-0.0499,-0.0001,0.0021,pathgraph
2695.9762,101376.8282,85355.0394,145.2288,-0.0499,-0.0001,0.0020,pathgraph
2696.9762,101377.8270,85354.9898,145.2309,-0.0499,-0.0001,0.0020,pathgraph
2697.9762,101378.8257,85354.9402,145.2330,-0.0500,-0.0001,0.0020,pathgraph
2698.9762,101379.8245,85354.8901,145.2349,-0.0500,-0.0001,0.0020,pathgraph
2699.9762,101380.8232,85354.8398,145.2369,-0.0500,-0.0001,0.0020,pathgraph
2700.9762,101381.8219,85354.7895,145.2388,-0.0501,-0.0001,0.0019,pathgraph
2701.9762,101382.8207,85354.7391,145.2407,-0.0501,-0.0001,0.0019,pathgraph
2702.9762,101383.8194,85354.6888,145.2426,-0.0502,-0.0000,0.0019,pathgraph
2703.9762,101384.8181,85354.6385,145.2446,-0.0502,-0.0000,0.0019,pathgraph
2704.9762,101385.8168,85354.5882,145.2465,-0.0502,0.0000,0.0019,pathgraph
2705.9762,101386.8156,85354.5378,145.2484,-0.0503,0.0000,0.0018,pathgraph
2706.9762,101387.8143,85354.4875,145.2503,-0.0503,0.0001,0.0020,pathgraph
2707.9762,101388.8130,85354.4372,145.2522,-0.0503,0.0001,0.0024,pathgraph
2708.9762,101389.8118,85354.3873,145.2539,-0.0503,0.0001,0.0030,pathgraph
2709.9761,101390.8105,85354.3373,145.2556,-0.0502,0.0001,0.0035,pathgraph
2710.9761,101391.8092,85354.2874,145.2572,-0.0501,0.0001,0.0041,pathgraph
2711.9761,101392.8080,85354.2374,145.2589,-0.0500,0.0001,0.0046,pathgraph
2712.9761,101393.8067,85354.1875,145.2606,-0.0499,0.0001,0.0052,pathgraph
2713.9761,101394.8055,85354.1375,145.2622,-0.0498,0.0001,0.0057,pathgraph
2714.9761,101395.8042,85354.0876,145.2639,-0.0498,0.0001,0.0054,pathgraph
2715.9761,101396.8030,85354.0377,145.2655,-0.0497,0.0001,0.0031,pathgraph
2716.9761,101397.8017,85353.9877,145.2672,-0.0496,0.0001,0.0015,pathgraph
2717.9761,101398.8005,85353.9378,145.2757,-0.0497,0.0001,0.0014,pathgraph
2718.9761,101399.7992,85353.8880,145.2893,-0.0498,-0.0000,0.0014,pathgraph
2719.9761,101400.7980,85353.8381,145.3029,-0.0500,-0.0001,0.0014,pathgraph
2720.9761,101401.7967,85353.7882,145.3165,-0.0502,-0.0001,0.0013,pathgraph
2721.9761,101402.7955,85353.7384,145.3301,-0.0504,-0.0002,0.0013,pathgraph
2722.9760,101403.7942,85353.6885,145.3437,-0.0506,-0.0003,0.0012,pathgraph
2723.9760,101404.7930,85353.6386,145.3574,-0.0507,-0.0003,0.0012,pathgraph
2724.9760,101405.7917,85353.5888,145.3710,-0.0509,-0.0004,0.0011,pathgraph
2725.9760,101406.7904,85353.5383,145.3462,-0.0511,-0.0003,0.0011,pathgraph
2726.9760,101407.7891,85353.4873,145.2802,-0.0513,-0.0002,0.0010,pathgraph
2727.9760,101408.7879,85353.4378,145.2811,-0.0504,0.0002,0.0008,pathgraph
2728.9760,101409.7867,85353.3884,145.2819,-0.0495,0.0005,0.0003,pathgraph
2729.9760,101410.7854,85353.3390,145.2828,-0.0486,0.0008,-0.0004,pathgraph
2730.9760,101411.7842,85353.2896,145.2836,-0.0476,0.0011,-0.0010,pathgraph
2731.9760,101412.7830,85353.2402,145.2845,-0.0467,0.0014,-0.0016,pathgraph
2732.9760,101413.7817,85353.1908,145.2853,-0.0458,0.0017,-0.0023,pathgraph
2733.9760,101414.7805,85353.1420,145.2861,-0.0448,0.0021,-0.0029,pathgraph
2734.9760,101415.7797,85353.1018,145.2866,-0.0417,0.0027,-0.0036,pathgraph
2735.9759,101416.7789,85353.0616,145.2872,-0.0385,0.0033,-0.0033,pathgraph
2736.9759,101417.7781,85353.0213,145.2877,-0.0354,0.0039,-0.0012,pathgraph
2737.9759,101418.7775,85352.9877,145.2881,-0.0316,0.0043,0.0003,pathgraph
2738.9759,101419.7771,85352.9591,145.2884,-0.0272,0.0045,0.0003,pathgraph
2739.9759,101420.7767,85352.9312,145.2886,-0.0227,0.0047,0.0002,pathgraph
2740.9759,101421.7765,85352.9141,145.2888,-0.0179,0.0048,0.0001,pathgraph
2741.9759,101422.7764,85352.8971,145.2889,-0.0131,0.0049,0.0000,pathgraph
2742.9759,101423.7763,85352.8870,145.2889,-0.0081,0.0050,-0.0000,pathgraph
2743.9758,101424.7763,85352.8823,145.2888,-0.0031,0.0050,-0.0001,pathgraph
2744.9758,101425.7763,85352.8784,145.2887,0.0019,0.0050,-0.0002,pathgraph
2745.9758,101426.7762,85352.8860,145.2884,0.0067,0.0049,-0.0003,pathgraph
2746.9758,101427.7762,85352.8937,145.2881,0.0116,0.0047,-0.0004,pathgraph
2747.9758,101428.7760,85352.9086,145.2877,0.0161,0.0046,-0.0005,pathgraph
2748.9758,101429.7758,85352.9290,145.2872,0.0205,0.0043,-0.0005,pathgraph
2749.9758,101430.7756,85352.9493,145.2866,0.0248,0.0041,-0.0006,pathgraph
2750.9758,101431.7752,85352.9766,145.2860,0.0288,0.0039,-0.0007,pathgraph
2751.9757,101432.7747,85353.0091,145.2852,0.0327,0.0038,-0.0008,pathgraph
2752.9757,101433.7741,85353.0416,145.2844,0.0365,0.0037,-0.0009,pathgraph
2753.9757,101434.7734,85353.0805,145.2834,0.0403,0.0037,-0.0010,pathgraph
2754.9757,101435.7724,85353.1243,145.2824,0.0442,0.0038,-0.0011,pathgraph
2755.9757,101436.7714,85353.1680,145.2813,0.0480,0.0039,-0.0012,pathgraph
2756.9757,101437.7701,85353.2186,145.2801,0.0519,0.0040,-0.0013,pathgraph
2757.9757,101438.7686,85353.2741,145.2788,0.0559,0.0039,-0.0013,pathgraph
2758.9757,101439.7670,85353.3297,145.2774,0.0598,0.0039,-0.0014,pathgraph
2759.9756,101440.7651,85353.3918,145.2760,0.0636,0.0038,-0.0015,pathgraph
2760.9756,101441.7628,85353.4589,145.2744,0.0672,0.0036,-0.0016,pathgraph
2761.9756,101442.7606,85353.5259,145.2728,0.0708,0.0034,-0.0017,pathgraph
2762.9756,101443.7578,85353.5992,145.2710,0.0742,0.0033,-0.0018,pathgraph
2763.9756,101444.7548,85353.6771,145.2691,0.0773,0.0032,-0.0019,pathgraph
2764.9756,101445.7518,85353.7551,145.2672,0.0805,0.0031,-0.0020,pathgraph
2765.9756,101446.7486,85353.8337,145.2653,0.0836,0.0030,-0.0020,pathgraph
2766.9756,101447.7448,85353.9213,145.2631,0.0866,0.0029,-0.0021,pathgraph
2767.9756,101448.7409,85354.0089,145.2609,0.0895,0.0029,-0.0022,pathgraph
2768.9755,101449.7370,85354.0972,145.2586,0.0924,0.0029,-0.0023,pathgraph
2769.9755,101450.7324,85354.1935,145.2563,0.0955,0.0030,-0.0024,pathgraph
2770.9755,101451.7275,85354.2923,145.2538,0.0986,0.0031,-0.0025,pathgraph
2771.9755,101452.7226,85354.3911,145.2513,0.1017,0.0032,-0.0025,pathgraph
2772.9755,101453.7176,85354.4907,145.2487,0.1048,0.0034,-0.0026,pathgraph
2773.9755,101454.7115,85354.6006,145.2460,0.1087,0.0037,-0.0027,pathgraph
2774.9755,101455.7055,85354.7104,145.2432,0.1126,0.0041,-0.0028,pathgraph
2775.9755,101456.6993,85354.8212,145.2404,0.1166,0.0045,-0.0028,pathgraph
2776.9755,101457.6918,85354.9429,145.2374,0.1215,0.0048,-0.0029,pathgraph
2777.9755,101458.6844,85355.0647,145.2345,0.1264,0.0052,-0.0030,pathgraph
2778.9754,101459.6760,85355.1940,145.2314,0.1316,0.0055,-0.0031,pathgraph
2779.9754,101460.6668,85355.3290,145.2283,0.1373,0.0057,-0.0031,pathgraph
2780.9754,101461.6575,85355.4649,145.2251,0.1429,0.0058,-0.0032,pathgraph
2781.9754,101462.6463,85355.6141,145.2218,0.1487,0.0058,-0.0032,pathgraph
2782.9754,101463.6351,85355.7633,145.2185,0.1545,0.0058,-0.0033,pathgraph
2783.9754,101464.6226,85355.9205,145.2151,0.1602,0.0057,-0.0033,pathgraph
2784.9754,101465.6092,85356.0838,145.2117,0.1657,0.0054,-0.0034,pathgraph
2785.9754,101466.5956,85356.2481,145.2083,0.1711,0.0052,-0.0034,pathgraph
2786.9753,101467.5800,85356.4241,145.2047,0.1759,0.0048,-0.0035,pathgraph
2787.9753,101468.5644,85356.6002,145.2011,0.1806,0.0044,-0.0035,pathgraph
2788.9753,101469.5475,85356.7828,145.1975,0.1849,0.0041,-0.0036,pathgraph
2789.9753,101470.5298,85356.9704,145.1938,0.1888,0.0039,-0.0036,pathgraph
2790.9753,101471.5120,85357.1580,145.1902,0.1927,0.0036,-0.0037,pathgraph
2791.9753,101472.4930,85357.3517,145.1864,0.1964,0.0035,-0.0037,pathgraph
2792.9753,101473.4732,85357.5500,145.1827,0.1998,0.0035,-0.0037,pathgraph
2793.9753,101474.4533,85357.7482,145.1789,0.2033,0.0034,-0.0037,pathgraph
2794.9752,101475.4323,85357.9522,145.1751,0.2067,0.0034,-0.0038,pathgraph
2795.9752,101476.4104,85358.1604,145.1713,0.2100,0.0033,-0.0038,pathgraph
2796.9752,101477.3884,85358.3687,145.1674,0.2133,0.0033,-0.0038,pathgraph
2797.9752,101478.3652,85358.5828,145.1636,0.2165,0.0032,-0.0038,pathgraph
2798.9752,101479.3411,85358.8012,145.1597,0.2196,0.0031,-0.0038,pathgraph
2799.9752,101480.3169,85359.0197,145.1558,0.2227,0.0030,-0.0038,pathgraph
2800.9752,101481.2926,85359.2389,145.1520,0.2257,0.0029,-0.0038,pathgraph
2801.9752,101482.2662,85359.4672,145.1481,0.2284,0.0028,-0.0038,pathgraph
2802.9752,101483.2397,85359.6954,145.1442,0.2310,0.0026,-0.0038,pathgraph
2803.9752,101484.2133,85359.9237,145.1403,0.2337,0.0025,-0.0038,pathgraph
2804.9751,101485.1857,85360.1570,145.1364,0.2359,0.0023,-0.0038,pathgraph
2805.9751,101486.1572,85360.3942,145.1326,0.2377,0.0020,-0.0038,pathgraph
2806.9751,101487.1287,85360.6313,145.1287,0.2395,0.0017,-0.0038,pathgraph
2807.9751,101488.1001,85360.8684,145.1248,0.2413,0.0014,-0.0038,pathgraph
2808.9751,101489.0715,85361.1060,145.1210,0.2430,0.0011,-0.0038,pathgraph
2809.9751,101490.0413,85361.3497,145.1173,0.2435,0.0010,-0.0037,pathgraph
2810.9751,101491.0111,85361.5935,145.1136,0.2440,0.0009,-0.0037,pathgraph
2811.9751,101491.9810,85361.8372,145.1099,0.2445,0.0007,-0.0037,pathgraph
2812.9751,101492.9508,85362.0809,145.1062,0.2450,0.0006,-0.0037,pathgraph
2813.9751,101493.9207,85362.3246,145.1025,0.2455,0.0004,-0.0036,pathgraph
2814.9751,101494.8905,85362.5683,145.0988,0.2460,0.0003,-0.0036,pathgraph
2815.9751,101495.8603,85362.8121,145.0951,0.2466,0.0001,-0.0036,pathgraph
2816.9750,101496.8302,85363.0558,145.0914,0.2471,0.0000,-0.0035,pathgraph
2817.9750,101497.8000,85363.2995,145.0877,0.2475,-0.0001,-0.0035,pathgraph
2818.9750,101498.7697,85363.5438,145.0844,0.2473,-0.0001,-0.0034,pathgraph
2819.9750,101499.7394,85363.7880,145.0811,0.2472,-0.0002,-0.0034,pathgraph
2820.9750,101500.7091,85364.0323,145.0777,0.2470,-0.0002,-0.0034,pathgraph
2821.9750,101501.6788,85364.2765,145.0744,0.2468,-0.0002,-0.0033,pathgraph
2822.9750,101502.6485,85364.5208,145.0711,0.2466,-0.0002,-0.0033,pathgraph
2823.9750,101503.6182,85364.7650,145.0678,0.2464,-0.0002,-0.0032,pathgraph
2824.9750,101504.5879,85365.0093,145.0644,0.2462,-0.0002,-0.0032,pathgraph
2825.9750,101505.5576,85365.2535,145.0611,0.2460,-0.0002,-0.0031,pathgraph
2826.9750,101506.5273,85365.4978,145.0578,0.2459,-0.0002,-0.0031,pathgraph
2827.9750,101507.4973,85365.7411,145.0548,0.2457,-0.0002,-0.0030,pathgraph
2828.9750,101508.4674,85365.9837,145.0520,0.2456,-0.0002,-0.0029,pathgraph
2829.9750,101509.4375,85366.2264,145.0492,0.2455,-0.0002,-0.0029,pathgraph
2830.9749,101510.4076,85366.4690,145.0464,0.2454,-0.0001,-0.0028,pathgraph
2831.9749,101511.3777,85366.7116,145.0436,0.2453,-0.0001,-0.0028,pathgraph
2832.9749,101512.3478,85366.9542,145.0409,0.2452,-0.0001,-0.0027,pathgraph
2833.9749,101513.3180,85367.1969,145.0381,0.2451,-0.0000,-0.0026,pathgraph
2834.9749,101514.2881,85367.4395,145.0353,0.2450,-0.0000,-0.0026,pathgraph
2835.9749,101515.2582,85367.6821,145.0325,0.2449,0.0000,-0.0025,pathgraph
2836.9749,101516.2283,85367.9247,145.0298,0.2448,0.0000,-0.0024,pathgraph
2837.9749,101517.1984,85368.1673,145.0277,0.2449,0.0000,-0.0023,pathgraph
2838.9749,101518.1685,85368.4099,145.0256,0.2449,0.0000,-0.0023,pathgraph
2839.9749,101519.1387,85368.6525,145.0235,0.2450,0.0001,-0.0022,pathgraph
2840.9749,101520.1088,85368.8951,145.0213,0.2450,0.0001,-0.0021,pathgraph
2841.9749,101521.0789,85369.1378,145.0192,0.2451,0.0001,-0.0021,pathgraph
2842.9749,101522.0490,85369.3804,145.0171,0.2452,0.0001,-0.0020,pathgraph
2843.9748,101523.0191,85369.6230,145.0150,0.2452,0.0001,-0.0019,pathgraph
2844.9748,101523.9892,85369.8656,145.0129,0.2453,0.0001,-0.0019,pathgraph
2845.9748,101524.9594,85370.1082,145.0108,0.2453,0.0001,-0.0018,pathgraph
2846.9748,101525.9294,85370.3512,145.0091,0.2454,0.0001,-0.0017,pathgraph
2847.9748,101526.8993,85370.5946,145.0077,0.2456,0.0001,-0.0016,pathgraph
2848.9748,101527.8692,85370.8380,145.0064,0.2457,0.0001,-0.0015,pathgraph
2849.9748,101528.8391,85371.0814,145.0050,0.2458,0.0001,-0.0014,pathgraph
2850.9748,101529.8090,85371.3248,145.0036,0.2459,0.0001,-0.0014,pathgraph
2851.9748,101530.7790,85371.5682,145.0022,0.2461,0.0001,-0.0013,pathgraph
2852.9748,101531.7489,85371.8116,145.0009,0.2462,0.0001,-0.0012,pathgraph
2853.9748,101532.7188,85372.0551,144.9995,0.2463,0.0002,-0.0012,pathgraph
2854.9748,101533.6887,85372.2985,144.9981,0.2464,0.0002,-0.0011,pathgraph
2855.9748,101534.6586,85372.5419,144.9968,0.2465,0.0002,-0.0010,pathgraph
2856.9747,101535.6282,85372.7865,144.9962,0.2466,0.0001,-0.0009,pathgraph
2857.9747,101536.5979,85373.0311,144.9956,0.2467,0.0001,-0.0008,pathgraph
2858.9747,101537.5675,85373.2756,144.9950,0.2468,0.0001,-0.0007,pathgraph
2859.9747,101538.5371,85373.5202,144.9944,0.2469,0.0001,-0.0007,pathgraph
2860.9747,101539.5067,85373.7647,144.9938,0.2469,0.0001,-0.0006,pathgraph
2861.9747,101540.4764,85374.0093,144.9932,0.2470,0.0001,-0.0005,pathgraph
2862.9747,101541.4460,85374.2538,144.9926,0.2471,0.0000,-0.0004,pathgraph
2863.9747,101542.4156,85374.4984,144.9920,0.2472,0.0000,-0.0004,pathgraph
2864.9747,101543.3853,85374.7429,144.9914,0.2473,0.0000,-0.0003,pathgraph
2865.9747,101544.3548,85374.9876,144.9912,0.2473,-0.0000,-0.0002,pathgraph
2866.9747,101545.3244,85375.2324,144.9914,0.2473,0.0000,-0.0001,pathgraph
2867.9747,101546.2940,85375.4772,144.9916,0.2473,0.0000,0.0000,pathgraph
2868.9747,101547.2636,85375.7219,144.9917,0.2473,0.0000,0.0001,pathgraph
2869.9747,101548.2331,85375.9667,144.9919,0.2473,-0.0000,0.0002,pathgraph
2870.9746,101549.2027,85376.2115,144.9921,0.2473,-0.0000,0.0002,pathgraph
2871.9746,101550.1723,85376.4563,144.9922,0.2473,-0.0000,0.0003,pathgraph
2872.9746,101551.1419,85376.7010,144.9924,0.2472,-0.0000,0.0004,pathgraph
2873.9746,101552.1114,85376.9458,144.9926,0.2472,-0.0000,0.0005,pathgraph
2874.9746,101553.0810,85377.1906,144.9928,0.2472,-0.0000,0.0005,pathgraph
2875.9746,101554.0505,85377.4355,144.9937,0.2473,-0.0000,0.0006,pathgraph
2876.9746,101555.0201,85377.6804,144.9947,0.2474,0.0000,0.0007,pathgraph
2877.9746,101555.9896,85377.9252,144.9956,0.2475,0.0000,0.0008,pathgraph
2878.9746,101556.9592,85378.1701,144.9965,0.2475,0.0001,0.0009,pathgraph
2879.9746,101557.9287,85378.4150,144.9974,0.2476,0.0001,0.0009,pathgraph
2880.9746,101558.8983,85378.6599,144.9983,0.2477,0.0001,0.0010,pathgraph
2881.9746,101559.8678,85378.9048,144.9992,0.2478,0.0001,0.0011,pathgraph
2882.9746,101560.8374,85379.1496,145.0002,0.2478,0.0002,0.0011,pathgraph
2883.9745,101561.8069,85379.3945,145.0011,0.2479,0.0002,0.0012,pathgraph
2884.9745,101562.7764,85379.6396,145.0024,0.2479,0.0001,0.0013,pathgraph
2885.9745,101563.7458,85379.8849,145.0040,0.2477,0.0001,0.0014,pathgraph
2886.9745,101564.7153,85380.1302,145.0056,0.2476,0.0000,0.0015,pathgraph
2887.9745,101565.6847,85380.3755,145.0072,0.2474,-0.0001,0.0015,pathgraph
2888.9745,101566.6542,85380.6208,145.0089,0.2473,-0.0001,0.0016,pathgraph
2889.9745,101567.6236,85380.8660,145.0105,0.2472,-0.0002,0.0017,pathgraph
2890.9745,101568.5931,85381.1113,145.0121,0.2470,-0.0003,0.0017,pathgraph
2891.9745,101569.5625,85381.3566,145.0137,0.2469,-0.0003,0.0018,pathgraph
2892.9745,101570.5319,85381.6019,145.0153,0.2467,-0.0004,0.0019,pathgraph
2893.9745,101571.5014,85381.8470,145.0170,0.2466,-0.0005,0.0019,pathgraph
2894.9745,101572.4714,85382.0903,145.0192,0.2466,-0.0004,0.0020,pathgraph
2895.9745,101573.4413,85382.3336,145.0215,0.2465,-0.0003,0.0021,pathgraph
2896.9745,101574.4113,85382.5768,145.0237,0.2465,-0.0002,0.0021,pathgraph
2897.9744,101575.3812,85382.8201,145.0260,0.2465,-0.0001,0.0022,pathgraph
2898.9744,101576.3512,85383.0634,145.0283,0.2464,-0.0000,0.0023,pathgraph
2899.9744,101577.3211,85383.3066,145.0305,0.2464,0.0001,0.0023,pathgraph
2900.9744,101578.2911,85383.5499,145.0328,0.2463,0.0002,0.0024,pathgraph
2901.9744,101579.2610,85383.7932,145.0350,0.2463,0.0003,0.0024,pathgraph
2902.9744,101580.2310,85384.0364,145.0373,0.2462,0.0003,0.0025,pathgraph
2903.9744,101581.2007,85384.2806,145.0399,0.2463,0.0004,0.0026,pathgraph
2904.9744,101582.1703,85384.5253,145.0427,0.2464,0.0003,0.0026,pathgraph
2905.9744,101583.1399,85384.7701,145.0455,0.2466,0.0003,0.0027,pathgraph
2906.9744,101584.1094,85385.0149,145.0483,0.2467,0.0002,0.0027,pathgraph
2907.9744,101585.0790,85385.2597,145.0511,0.2469,0.0002,0.0028,pathgraph
2908.9744,101586.0486,85385.5044,145.0540,0.2470,0.0001,0.0028,pathgraph
2909.9744,101587.0182,85385.7492,145.0568,0.2472,0.0000,0.0029,pathgraph
2910.9743,101587.9877,85385.9940,145.0596,0.2473,-0.0000,0.0029,pathgraph
2911.9743,101588.9573,85386.2388,145.0624,0.2474,-0.0001,0.0030,pathgraph
2912.9743,101589.9269,85386.4835,145.0653,0.2476,-0.0001,0.0031,pathgraph
2913.9743,101590.8965,85386.7282,145.0686,0.2475,-0.0001,0.0031,pathgraph
2914.9743,101591.8661,85386.9729,145.0719,0.2474,-0.0001,0.0032,pathgraph
2915.9743,101592.8357,85387.2176,145.0752,0.2474,-0.0001,0.0032,pathgraph
2916.9743,101593.8052,85387.4623,145.0785,0.2473,-0.0001,0.0033,pathgraph
2917.9743,101594.7748,85387.7070,145.0819,0.2473,-0.0001,0.0033,pathgraph
2918.9743,101595.7444,85387.9517,145.0852,0.2472,-0.0001,0.0033,pathgraph
2919.9743,101596.7140,85388.1964,145.0885,0.2471,-0.0000,0.0034,pathgraph
2920.9743,101597.6836,85388.4411,145.0918,0.2471,-0.0000,0.0034,pathgraph
2921.9743,101598.6532,85388.6858,145.0951,0.2470,-0.0000,0.0035,pathgraph
2922.9743,101599.6228,85388.9304,145.0987,0.2470,-0.0000,0.0035,pathgraph
2923.9742,101600.5924,85389.1750,145.1024,0.2470,-0.0000,0.0036,pathgraph
2924.9742,101601.5621,85389.4195,145.1061,0.2471,0.0000,0.0036,pathgraph
2925.9742,101602.5317,85389.6641,145.1098,0.2471,0.0000,0.0037,pathgraph
2926.9742,101603.5013,85389.9086,145.1135,0.2472,0.0000,0.0037,pathgraph
2927.9742,101604.4710,85390.1532,145.1172,0.2472,0.0001,0.0037,pathgraph
2928.9742,101605.4406,85390.3978,145.1210,0.2472,0.0001,0.0038,pathgraph
2929.9742,101606.4102,85390.6423,145.1247,0.2473,0.0001,0.0038,pathgraph
2930.9742,101607.3798,85390.8869,145.1284,0.2473,0.0001,0.0038,pathgraph
2931.9742,101608.3494,85391.1315,145.1321,0.2474,0.0001,0.0039,pathgraph
2932.9742,101609.3189,85391.3766,145.1362,0.2474,0.0001,0.0039,pathgraph
2933.9742,101610.2884,85391.6217,145.1402,0.2474,0.0001,0.0039,pathgraph
2934.9742,101611.2579,85391.8668,145.1442,0.2475,0.0001,0.0040,pathgraph
2935.9742,101612.2274,85392.1119,145.1482,0.2475,0.0000,0.0040,pathgraph
2936.9742,101613.1969,85392.3570,145.1523,0.2475,0.0000,0.0040,pathgraph
2937.9741,101614.1664,85392.6022,145.1563,0.2476,0.0000,0.0040,pathgraph
2938.9741,101615.1359,85392.8473,145.1603,0.2476,-0.0000,0.0041,pathgraph
2939.9741,101616.1053,85393.0924,145.1644,0.2476,-0.0000,0.0041,pathgraph
2940.9741,101617.0748,85393.3375,145.1684,0.2477,-0.0000,0.0041,pathgraph
2941.9741,101618.0444,85393.5824,145.1726,0.2476,-0.0000,0.0041,pathgraph
2942.9741,101619.0140,85393.8271,145.1768,0.2475,-0.0001,0.0042,pathgraph
2943.9741,101619.9835,85394.0719,145.1811,0.2474,-0.0001,0.0042,pathgraph
2944.9741,101620.9531,85394.3166,145.1853,0.2473,-0.0001,0.0042,pathgraph
2945.9741,101621.9227,85394.5613,145.1896,0.2471,-0.0001,0.0042,pathgraph
2946.9741,101622.8923,85394.8061,145.1938,0.2470,-0.0001,0.0042,pathgraph
2947.9741,101623.8619,85395.0508,145.1981,0.2469,-0.0002,0.0043,pathgraph
2948.9741,101624.8314,85395.2955,145.2023,0.2468,-0.0002,0.0043,pathgraph
2949.9741,101625.8010,85395.5403,145.2066,0.2467,-0.0002,0.0043,pathgraph
2950.9740,101626.7706,85395.7849,145.2108,0.2465,-0.0002,0.0043,pathgraph
2951.9740,101627.7405,85396.0287,145.2152,0.2465,-0.0002,0.0043,pathgraph
2952.9740,101628.7103,85396.2724,145.2196,0.2465,-0.0001,0.0043,pathgraph
2953.9740,101629.6801,85396.5161,145.2239,0.2466,-0.0001,0.0043,pathgraph
2954.9740,101630.6500,85396.7599,145.2283,0.2466,-0.0000,0.0043,pathgraph
2955.9740,101631.6198,85397.0036,145.2327,0.2466,0.0000,0.0043,pathgraph
2956.9740,101632.5896,85397.2474,145.2371,0.2466,0.0001,0.0044,pathgraph
2957.9740,101633.5595,85397.4911,145.2414,0.2466,0.0001,0.0044,pathgraph
2958.9740,101634.5293,85397.7348,145.2458,0.2466,0.0001,0.0044,pathgraph
2959.9740,101635.4991,85397.9786,145.2502,0.2466,0.0002,0.0044,pathgraph
2960.9740,101636.4689,85398.2226,145.2546,0.2466,0.0002,0.0044,pathgraph
2961.9740,101637.4386,85398.4669,145.2590,0.2467,0.0001,0.0044,pathgraph
2962.9740,101638.4083,85398.7112,145.2634,0.2467,0.0000,0.0044,pathgraph
2963.9740,101639.3780,85398.9554,145.2678,0.2468,-0.0000,0.0044,pathgraph
2964.9739,101640.3477,85399.1997,145.2722,0.2468,-0.0000,0.0044,pathgraph
2965.9739,101641.3174,85399.4440,145.2766,0.2468,-0.0000,0.0044,pathgraph
2966.9739,101642.2871,85399.6882,145.2810,0.2468,0.0000,0.0044,pathgraph
2967.9739,101643.2568,85399.9325,145.2854,0.2468,0.0000,0.0044,pathgraph
2968.9739,101644.2265,85400.1768,145.2898,0.2468,0.0000,0.0044,pathgraph
2969.9739,101645.1962,85400.4210,145.2942,0.2469,0.0001,0.0044,pathgraph
2970.9739,101646.1658,85400.6656,145.2985,0.2469,0.0001,0.0044,pathgraph
2971.9739,101647.1354,85400.9101,145.3028,0.2469,0.0000,0.0043,pathgraph
2972.9739,101648.1051,85401.1547,145.3072,0.2469,0.0000,0.0043,pathgraph
2973.9739,101649.0747,85401.3992,145.3115,0.2470,0.0000,0.0043,pathgraph
2974.9739,101650.0443,85401.6437,145.3159,0.2470,0.0000,0.0043,pathgraph
2975.9739,101651.0140,85401.8883,145.3202,0.2470,0.0000,0.0043,pathgraph
2976.9739,101651.9836,85402.1328,145.3245,0.2470,0.0000,0.0043,pathgraph
2977.9738,101652.9532,85402.3774,145.3289,0.2471,-0.0000,0.0043,pathgraph
2978.9738,101653.9229,85402.6219,145.3332,0.2471,-0.0000,0.0043,pathgraph
2979.9738,101654.8925,85402.8664,145.3375,0.2471,-0.0000,0.0043,pathgraph
2980.9738,101655.8621,85403.1110,145.3417,0.2471,-0.0000,0.0042,pathgraph
2981.9738,101656.8318,85403.3555,145.3459,0.2471,-0.0000,0.0042,pathgraph
2982.9738,101657.8014,85403.6000,145.3501,0.2470,-0.0000,0.0042,pathgraph
2983.9738,101658.7711,85403.8445,145.3543,0.2470,-0.0000,0.0042,pathgraph
2984.9738,101659.7407,85404.0890,145.3585,0.2470,-0.0000,0.0042,pathgraph
2985.9738,101660.7103,85404.3335,145.3627,0.2470,-0.0000,0.0042,pathgraph
2986.9738,101661.6800,85404.5781,145.3669,0.2470,-0.0000,0.0041,pathgraph
2987.9738,101662.6496,85404.8226,145.3711,0.2470,-0.0000,0.0041,pathgraph
2988.9738,101663.6192,85405.0671,145.3753,0.2469,-0.0000,0.0041,pathgraph
2989.9738,101664.5890,85405.3111,145.3793,0.2468,-0.0000,0.0041,pathgraph
2990.9738,101665.5588,85405.5551,145.3833,0.2467,-0.0001,0.0040,pathgraph
2991.9737,101666.5285,85405.7992,145.3872,0.2466,-0.0001,0.0040,pathgraph
2992.9737,101667.4983,85406.0432,145.3912,0.2464,-0.0001,0.0040,pathgraph
2993.9737,101668.4680,85406.2872,145.3952,0.2463,-0.0001,0.0040,pathgraph
2994.9737,101669.4378,85406.5313,145.3992,0.2462,-0.0002,0.0039,pathgraph
2995.9737,101670.4076,85406.7753,145.4032,0.2461,-0.0002,0.0039,pathgraph
2996.9737,101671.3773,85407.0193,145.4072,0.2459,-0.0002,0.0039,pathgraph
2997.9737,101672.3471,85407.2634,145.4112,0.2458,-0.0002,0.0039,pathgraph
2998.9737,101673.3170,85407.5066,145.4150,0.2457,-0.0002,0.0038,pathgraph
2999.9737,101674.2871,85407.7493,145.4188,0.2456,-0.0002,0.0038,pathgraph
3000.9737,101675.2572,85407.9920,145.4225,0.2456,-0.0001,0.0038,pathgraph
3001.9737,101676.2273,85408.2347,145.4262,0.2455,-0.0001,0.0037,pathgraph
3002.9737,101677.1974,85408.4774,145.4300,0.2454,-0.0001,0.0037,pathgraph
3003.9737,101678.1675,85408.7201,145.4337,0.2454,-0.0000,0.0037,pathgraph
3004.9736,101679.1376,85408.9628,145.4374,0.2453,-0.0000,0.0037,pathgraph
3005.9736,101680.1077,85409.2055,145.4412,0.2452,0.0000,0.0036,pathgraph
3006.9736,101681.0778,85409.4482,145.4449,0.2452,0.0001,0.0036,pathgraph
3007.9736,101682.0479,85409.6910,145.4486,0.2451,0.0001,0.0036,pathgraph
3008.9736,101683.0179,85409.9339,145.4520,0.2451,0.0001,0.0035,pathgraph
3009.9736,101683.9879,85410.1768,145.4554,0.2452,0.0001,0.0035,pathgraph
3010.9736,101684.9580,85410.4198,145.4588,0.2452,0.0001,0.0035,pathgraph
3011.9736,101685.9280,85410.6627,145.4623,0.2453,0.0000,0.0034,pathgraph
3012.9736,101686.8980,85410.9056,145.4657,0.2453,0.0000,0.0034,pathgraph
3013.9736,101687.8681,85411.1486,145.4691,0.2453,0.0000,0.0034,pathgraph
3014.9736,101688.8381,85411.3915,145.4725,0.2454,-0.0000,0.0033,pathgraph
3015.9736,101689.8081,85411.6344,145.4759,0.2454,-0.0000,0.0033,pathgraph
3016.9736,101690.7782,85411.8774,145.4794,0.2454,-0.0000,0.0033,pathgraph
3017.9735,101691.7483,85412.1201,145.4826,0.2454,-0.0000,0.0032,pathgraph
3018.9735,101692.7184,85412.3627,145.4856,0.2453,-0.0001,0.0032,pathgraph
3019.9735,101693.6885,85412.6053,145.4887,0.2452,-0.0001,0.0031,pathgraph
3020.9735,101694.6586,85412.8479,145.4918,0.2451,-0.0001,0.0031,pathgraph
3021.9735,101695.6287,85413.0905,145.4948,0.2450,-0.0001,0.0031,pathgraph
3022.9735,101696.5989,85413.3331,145.4979,0.2448,-0.0001,0.0030,pathgraph
3023.9735,101697.5690,85413.5757,145.5009,0.2447,-0.0001,0.0030,pathgraph
3024.9735,101698.5391,85413.8183,145.5040,0.2446,-0.0001,0.0029,pathgraph
3025.9735,101699.5092,85414.0609,145.5071,0.2445,-0.0002,0.0029,pathgraph
3026.9735,101700.4793,85414.3035,145.5101,0.2444,-0.0002,0.0029,pathgraph
3027.9735,101701.4497,85414.5452,145.5128,0.2444,-0.0001,0.0028,pathgraph
3028.9735,101702.4200,85414.7870,145.5154,0.2445,-0.0001,0.0028,pathgraph
3029.9735,101703.3903,85415.0287,145.5181,0.2445,-0.0001,0.0027,pathgraph
3030.9735,101704.3607,85415.2705,145.5207,0.2445,-0.0000,0.0027,pathgraph
3031.9734,101705.3310,85415.5123,145.5234,0.2445,0.0000,0.0026,pathgraph
3032.9734,101706.3013,85415.7540,145.5260,0.2445,0.0001,0.0026,pathgraph
3033.9734,101707.2716,85415.9958,145.5287,0.2445,0.0001,0.0025,pathgraph
3034.9734,101708.2420,85416.2376,145.5314,0.2445,0.0001,0.0025,pathgraph
3035.9734,101709.2123,85416.4793,145.5340,0.2445,0.0002,0.0025,pathgraph
3036.9734,101710.1825,85416.7217,145.5364,0.2446,0.0002,0.0024,pathgraph
3037.9734,101711.1525,85416.9646,145.5386,0.2448,0.0002,0.0023,pathgraph
3038.9734,101712.1225,85417.2075,145.5408,0.2449,0.0002,0.0023,pathgraph
3039.9734,101713.0926,85417.4504,145.5430,0.2451,0.0002,0.0022,pathgraph
3040.9734,101714.0626,85417.6933,145.5452,0.2453,0.0002,0.0022,pathgraph
3041.9734,101715.0327,85417.9362,145.5474,0.2454,0.0002,0.0022,pathgraph
3042.9734,101716.0027,85418.1791,145.5496,0.2456,0.0001,0.0021,pathgraph
3043.9734,101716.9728,85418.4220,145.5518,0.2457,0.0001,0.0021,pathgraph
3044.9733,101717.9428,85418.6649,145.5540,0.2459,0.0001,0.0020,pathgraph
3045.9733,101718.9128,85418.9079,145.5562,0.2460,0.0001,0.0019,pathgraph
3046.9733,101719.8826,85419.1518,145.5579,0.2461,0.0001,0.0019,pathgraph
3047.9733,101720.8524,85419.3956,145.5596,0.2461,0.0001,0.0018,pathgraph
3048.9733,101721.8222,85419.6395,145.5613,0.2461,0.0001,0.0018,pathgraph
3049.9733,101722.7920,85419.8833,145.5630,0.2462,0.0000,0.0017,pathgraph
3050.9733,101723.7619,85420.1272,145.5647,0.2462,0.0000,0.0017,pathgraph
3051.9733,101724.7317,85420.3710,145.5665,0.2462,0.0000,0.0016,pathgraph
3052.9733,101725.7015,85420.6149,145.5682,0.2463,-0.0000,0.0016,pathgraph
3053.9733,101726.6713,85420.8588,145.5699,0.2463,-0.0000,0.0015,pathgraph
3054.9733,101727.6411,85421.1026,145.5716,0.2463,-0.0000,0.0015,pathgraph
3055.9733,101728.6109,85421.3464,145.5730,0.2463,-0.0000,0.0014,pathgraph
3056.9733,101729.5807,85421.5903,145.5741,0.2463,-0.0000,0.0013,pathgraph
3057.9733,101730.5505,85421.8341,145.5753,0.2463,-0.0000,0.0013,pathgraph
3058.9732,101731.5203,85422.0779,145.5764,0.2463,-0.0000,0.0012,pathgraph
3059.9732,101732.4901,85422.3217,145.5776,0.2463,0.0000,0.0012,pathgraph
3060.9732,101733.4599,85422.5655,145.5788,0.2463,0.0000,0.0011,pathgraph
3061.9732,101734.4298,85422.8094,145.5799,0.2463,0.0000,0.0011,pathgraph
3062.9732,101735.3996,85423.0532,145.5811,0.2463,0.0000,0.0010,pathgraph
3063.9732,101736.3694,85423.2970,145.5823,0.2464,0.0000,0.0009,pathgraph
3064.9732,101737.3392,85423.5408,145.5834,0.2464,0.0000,0.0009,pathgraph
3065.9732,101738.3089,85423.7851,145.5839,0.2465,0.0001,0.0008,pathgraph
3066.9732,101739.2786,85424.0293,145.5845,0.2466,0.0001,0.0007,pathgraph
3067.9732,101740.2483,85424.2735,145.5851,0.2467,0.0001,0.0007,pathgraph
3068.9732,101741.2180,85424.5177,145.5857,0.2468,0.0001,0.0006,pathgraph
3069.9732,101742.1877,85424.7620,145.5862,0.2468,0.0001,0.0005,pathgraph
3070.9732,101743.1575,85425.0062,145.5868,0.2469,0.0001,0.0005,pathgraph
3071.9731,101744.1272,85425.2504,145.5874,0.2470,0.0001,0.0004,pathgraph
3072.9731,101745.0969,85425.4946,145.5880,0.2471,0.0001,0.0004,pathgraph
3073.9731,101746.0666,85425.7389,145.5886,0.2472,0.0001,0.0003,pathgraph
3074.9731,101747.0362,85425.9835,145.5888,0.2472,0.0001,0.0002,pathgraph
3075.9731,101748.0057,85426.2285,145.5887,0.2472,0.0001,0.0001,pathgraph
3076.9731,101748.9752,85426.4734,145.5887,0.2472,0.0001,0.0001,pathgraph
3077.9731,101749.9448,85426.7184,145.5886,0.2472,0.0000,0.0000,pathgraph
3078.9731,101750.9143,85426.9633,145.5886,0.2472,0.0000,-0.0000,pathgraph
3079.9731,101751.8838,85427.2083,145.5886,0.2472,-0.0000,-0.0001,pathgraph
3080.9731,101752.8534,85427.4532,145.5885,0.2472,-0.0001,-0.0002,pathgraph
3081.9731,101753.8229,85427.6982,145.5885,0.2472,-0.0001,-0.0002,pathgraph
3082.9731,101754.7924,85427.9431,145.5884,0.2472,-0.0001,-0.0003,pathgraph
3083.9731,101755.7620,85428.1880,145.5883,0.2472,-0.0002,-0.0004,pathgraph
3084.9730,101756.7316,85428.4324,145.5876,0.2472,-0.0001,-0.0005,pathgraph
3085.9730,101757.7013,85428.6767,145.5870,0.2471,-0.0001,-0.0005,pathgraph
3086.9730,101758.6710,85428.9210,145.5863,0.2471,-0.0001,-0.0006,pathgraph
3087.9730,101759.6407,85429.1654,145.5856,0.2471,-0.0001,-0.0007,pathgraph
3088.9730,101760.6104,85429.4097,145.5849,0.2470,-0.0000,-0.0007,pathgraph
3089.9730,101761.5801,85429.6540,145.5842,0.2470,-0.0000,-0.0008,pathgraph
3090.9730,101762.5497,85429.8984,145.5835,0.2470,0.0000,-0.0008,pathgraph
3091.9730,101763.5194,85430.1427,145.5828,0.2469,0.0000,-0.0009,pathgraph
3092.9730,101764.4891,85430.3871,145.5821,0.2469,0.0001,-0.0010,pathgraph
3093.9730,101765.4588,85430.6315,145.5811,0.2469,0.0001,-0.0011,pathgraph
3094.9730,101766.4284,85430.8760,145.5797,0.2469,0.0001,-0.0012,pathgraph
3095.9730,101767.3980,85431.1205,145.5784,0.2469,0.0000,-0.0012,pathgraph
3096.9730,101768.3677,85431.3650,145.5770,0.2469,0.0000,-0.0013,pathgraph
3097.9730,101769.3373,85431.6095,145.5757,0.2469,0.0000,-0.0013,pathgraph
3098.9729,101770.3070,85431.8540,145.5743,0.2469,-0.0000,-0.0014,pathgraph
3099.9729,101771.2766,85432.0986,145.5730,0.2469,-0.0000,-0.0015,pathgraph
3100.9729,101772.2462,85432.3431,145.5716,0.2469,-0.0000,-0.0015,pathgraph
3101.9729,101773.2159,85432.5876,145.5703,0.2469,-0.0001,-0.0016,pathgraph
3102.9729,101774.1855,85432.8321,145.5689,0.2469,-0.0001,-0.0017,pathgraph
3103.9729,101775.1552,85433.0763,145.5668,0.2469,-0.0001,-0.0018,pathgraph
3104.9729,101776.1249,85433.3205,145.5648,0.2469,-0.0001,-0.0018,pathgraph
3105.9729,101777.0947,85433.5647,145.5628,0.2468,-0.0000,-0.0019,pathgraph
3106.9729,101778.0644,85433.8089,145.5608,0.2468,-0.0000,-0.0020,pathgraph
3107.9729,101779.0341,85434.0531,145.5588,0.2468,-0.0000,-0.0020,pathgraph
3108.9729,101780.0038,85434.2974,145.5568,0.2468,-0.0000,-0.0021,pathgraph
3109.9729,101780.9735,85434.5416,145.5547,0.2467,0.0000,-0.0022,pathgraph
3110.9729,101781.9432,85434.7858,145.5527,0.2467,0.0000,-0.0022,pathgraph
3111.9728,101782.9129,85435.0300,145.5507,0.2467,0.0000,-0.0023,pathgraph
3112.9728,101783.8826,85435.2743,145.5483,0.2467,0.0000,-0.0024,pathgraph
3113.9728,101784.8523,85435.5187,145.5457,0.2468,0.0000,-0.0025,pathgraph
3114.9728,101785.8220,85435.7631,145.5430,0.2468,0.0000,-0.0025,pathgraph
3115.9728,101786.7916,85436.0075,145.5403,0.2469,0.0000,-0.0026,pathgraph
3116.9728,101787.7613,85436.2519,145.5376,0.2469,0.0000,-0.0027,pathgraph
3117.9728,101788.7310,85436.4963,145.5349,0.2470,0.0000,-0.0027,pathgraph
3118.9728,101789.7006,85436.7407,145.5323,0.2470,0.0001,-0.0028,pathgraph
3119.9728,101790.6703,85436.9851,145.5296,0.2470,0.0001,-0.0028,pathgraph
3120.9728,101791.6400,85437.2295,145.5269,0.2471,0.0001,-0.0029,pathgraph
3121.9728,101792.6096,85437.4739,145.5242,0.2471,0.0001,-0.0030,pathgraph
3122.9728,101793.5792,85437.7186,145.5209,0.2471,0.0000,-0.0031,pathgraph
3123.9728,101794.5488,85437.9633,145.5176,0.2471,0.0000,-0.0031,pathgraph
3124.9728,101795.5184,85438.2080,145.5143,0.2471,0.0000,-0.0032,pathgraph
3125.9727,101796.4880,85438.4527,145.5110,0.2471,0.0000,-0.0033,pathgraph
3126.9727,101797.4576,85438.6974,145.5076,0.2471,-0.0000,-0.0033,pathgraph
3127.9727,101798.4272,85438.9422,145.5043,0.2471,-0.0000,-0.0034,pathgraph
3128.9727,101799.3967,85439.1869,145.5010,0.2471,-0.0000,-0.0034,pathgraph
3129.9727,101800.3663,85439.4316,145.4977,0.2471,-0.0000,-0.0035,pathgraph
3130.9727,101801.3359,85439.6763,145.4944,0.2471,-0.0001,-0.0036,pathgraph
3131.9727,101802.3055,85439.9209,145.4907,0.2471,-0.0001,-0.0037,pathgraph
3132.9727,101803.2752,85440.1653,145.4868,0.2471,-0.0000,-0.0037,pathgraph
3133.9727,101804.2449,85440.4098,145.4829,0.2471,-0.0000,-0.0038,pathgraph
3134.9727,101805.2145,85440.6542,145.4790,0.2471,-0.0000,-0.0038,pathgraph
3135.9727,101806.1842,85440.8987,145.4751,0.2470,-0.0000,-0.0039,pathgraph
3136.9727,101807.1538,85441.1431,145.4712,0.2470,-0.0000,-0.0039,pathgraph
3137.9727,101808.1235,85441.3876,145.4673,0.2470,-0.0000,-0.0040,pathgraph
3138.9726,101809.0931,85441.6320,145.4634,0.2470,0.0000,-0.0040,pathgraph
3139.9726,101810.0628,85441.8765,145.4595,0.2470,0.0000,-0.0041,pathgraph
3140.9726,101811.0324,85442.1209,145.4555,0.2469,0.0000,-0.0042,pathgraph
3141.9726,101812.0022,85442.3649,145.4511,0.2468,-0.0000,-0.0042,pathgraph
3142.9726,101812.9720,85442.6088,145.4466,0.2466,-0.0000,-0.0043,pathgraph
3143.9726,101813.9418,85442.8528,145.4422,0.2464,-0.0001,-0.0044,pathgraph
3144.9726,101814.9115,85443.0968,145.4377,0.2463,-0.0001,-0.0044,pathgraph
3145.9726,101815.8813,85443.3408,145.4333,0.2461,-0.0002,-0.0044,pathgraph
3146.9726,101816.8511,85443.5848,145.4288,0.2459,-0.0002,-0.0045,pathgraph
3147.9726,101817.8209,85443.8287,145.4244,0.2458,-0.0002,-0.0045,pathgraph
3148.9726,101818.7906,85444.0727,145.4200,0.2456,-0.0003,-0.0046,pathgraph
3149.9726,101819.7604,85444.3167,145.4155,0.2454,-0.0003,-0.0047,pathgraph
3150.9726,101820.7303,85444.5600,145.4108,0.2453,-0.0002,-0.0047,pathgraph
3151.9726,101821.7004,85444.8027,145.4059,0.2452,0.0000,-0.0048,pathgraph
3152.9725,101822.6705,85445.0455,145.4009,0.2452,-0.0000,-0.0048,pathgraph
3153.9725,101823.6406,85445.2883,145.3960,0.2451,-0.0000,-0.0049,pathgraph
3154.9725,101824.6107,85445.5310,145.3911,0.2451,-0.0000,-0.0049,pathgraph
3155.9725,101825.5807,85445.7738,145.3861,0.2451,-0.0000,-0.0050,pathgraph
3156.9725,101826.5508,85446.0166,145.3812,0.2451,-0.0001,-0.0050,pathgraph
3157.9725,101827.5209,85446.2593,145.3763,0.2450,-0.0001,-0.0050,pathgraph
3158.9725,101828.4910,85446.5021,145.3713,0.2450,-0.0001,-0.0051,pathgraph
3159.9725,101829.4611,85446.7448,145.3664,0.2450,-0.0001,-0.0051,pathgraph
3160.9725,101830.4313,85446.9869,145.3610,0.2449,-0.0001,-0.0052,pathgraph
3161.9725,101831.4015,85447.2290,145.3556,0.2448,-0.0001,-0.0052,pathgraph
3162.9725,101832.3718,85447.4711,145.3503,0.2447,-0.0001,-0.0053,pathgraph
3163.9725,101833.3420,85447.7132,145.3449,0.2446,-0.0001,-0.0053,pathgraph
3164.9725,101834.3123,85447.9553,145.3396,0.2445,-0.0001,-0.0054,pathgraph
3165.9724,101835.2825,85448.1974,145.3342,0.2444,-0.0001,-0.0054,pathgraph
3166.9724,101836.2528,85448.4395,145.3288,0.2444,-0.0001,-0.0054,pathgraph
3167.9724,101837.2230,85448.6816,145.3235,0.2443,-0.0001,-0.0055,pathgraph
3168.9724,101838.1933,85448.9237,145.3181,0.2442,-0.0001,-0.0055,pathgraph
3169.9724,101839.1635,85449.1657,145.3125,0.2442,-0.0000,-0.0056,pathgraph
3170.9724,101840.1338,85449.4077,145.3068,0.2443,-0.0000,-0.0056,pathgraph
3171.9724,101841.1041,85449.6497,145.3011,0.2444,0.0000,-0.0056,pathgraph
3172.9724,101842.0743,85449.8916,145.2953,0.2446,0.0001,-0.0057,pathgraph
3173.9724,101843.0446,85450.1336,145.2896,0.2447,0.0001,-0.0057,pathgraph
3174.9724,101844.0149,85450.3756,145.2839,0.2448,0.0002,-0.0057,pathgraph
3175.9724,101844.9852,85450.6176,145.2781,0.2449,0.0002,-0.0058,pathgraph
3176.9724,101845.9554,85450.8595,145.2724,0.2450,0.0002,-0.0058,pathgraph
3177.9724,101846.9257,85451.1015,145.2667,0.2452,0.0003,-0.0058,pathgraph
3178.9723,101847.8960,85451.3436,145.2609,0.2453,0.0003,-0.0059,pathgraph
3179.9723,101848.8657,85451.5875,145.2549,0.2455,0.0003,-0.0059,pathgraph
3180.9723,101849.8355,85451.8315,145.2489,0.2457,0.0003,-0.0059,pathgraph
3181.9723,101850.8053,85452.0754,145.2428,0.2459,0.0002,-0.0060,pathgraph
3182.9723,101851.7751,85452.3193,145.2368,0.2461,0.0002,-0.0060,pathgraph
3183.9723,101852.7449,85452.5633,145.2308,0.2463,0.0002,-0.0060,pathgraph
3184.9723,101853.7147,85452.8072,145.2247,0.2465,0.0002,-0.0060,pathgraph
3185.9723,101854.6844,85453.0512,145.2187,0.2467,0.0002,-0.0061,pathgraph
3186.9723,101855.6542,85453.2951,145.2126,0.2470,0.0001,-0.0061,pathgraph
3187.9723,101856.6240,85453.5390,145.2066,0.2472,0.0001,-0.0061,pathgraph
3188.9723,101857.5939,85453.7826,145.2005,0.2469,0.0000,-0.0061,pathgraph
3189.9723,101858.5638,85454.0260,145.1942,0.2464,-0.0001,-0.0062,pathgraph
3190.9723,101859.5337,85454.2693,145.1880,0.2458,-0.0003,-0.0062,pathgraph
3191.9723,101860.5037,85454.5127,145.1818,0.2452,-0.0005,-0.0062,pathgraph
3192.9722,101861.4736,85454.7560,145.1755,0.2447,-0.0006,-0.0062,pathgraph
3193.9722,101862.4435,85454.9993,145.1693,0.2441,-0.0008,-0.0062,pathgraph
3194.9722,101863.4135,85455.2427,145.1631,0.2436,-0.0009,-0.0062,pathgraph
3195.9722,101864.3834,85455.4860,145.1568,0.2430,-0.0011,-0.0062,pathgraph
3196.9722,101865.3535,85455.7289,145.1506,0.2424,-0.0012,-0.0063,pathgraph
3197.9722,101866.3250,85455.9659,145.1443,0.2408,-0.0014,-0.0063,pathgraph
3198.9722,101867.2965,85456.2028,145.1380,0.2392,-0.0015,-0.0063,pathgraph
3199.9722,101868.2680,85456.4398,145.1317,0.2377,-0.0017,-0.0063,pathgraph
3200.9722,101869.2395,85456.6767,145.1253,0.2361,-0.0018,-0.0063,pathgraph
3201.9722,101870.2121,85456.9094,145.1190,0.2343,-0.0019,-0.0063,pathgraph
3202.9722,101871.1854,85457.1388,145.1127,0.2323,-0.0020,-0.0063,pathgraph
3203.9722,101872.1587,85457.3682,145.1064,0.2303,-0.0021,-0.0063,pathgraph
3204.9721,101873.1320,85457.5976,145.1000,0.2282,-0.0021,-0.0063,pathgraph
3205.9721,101874.1064,85457.8223,145.0937,0.2261,-0.0022,-0.0063,pathgraph
3206.9721,101875.0816,85458.0435,145.0874,0.2240,-0.0022,-0.0063,pathgraph
3207.9721,101876.0569,85458.2647,145.0811,0.2218,-0.0022,-0.0063,pathgraph
3208.9721,101877.0321,85458.4859,145.0748,0.2196,-0.0022,-0.0063,pathgraph
3209.9721,101878.0084,85458.7022,145.0685,0.2176,-0.0021,-0.0063,pathgraph
3210.9721,101878.9856,85458.9147,145.0622,0.2157,-0.0020,-0.0062,pathgraph
3211.9721,101879.9627,85459.1271,145.0559,0.2137,-0.0019,-0.0062,pathgraph
3212.9721,101880.9399,85459.3396,145.0497,0.2118,-0.0017,-0.0062,pathgraph
3213.9721,101881.9172,85459.5516,145.0434,0.2099,-0.0016,-0.0062,pathgraph
3214.9721,101882.8960,85459.7564,145.0372,0.2085,-0.0015,-0.0062,pathgraph
3215.9720,101883.8748,85459.9612,145.0310,0.2070,-0.0015,-0.0062,pathgraph
3216.9720,101884.8535,85460.1660,145.0248,0.2056,-0.0014,-0.0061,pathgraph
3217.9720,101885.8323,85460.3708,145.0186,0.2042,-0.0013,-0.0061,pathgraph
3218.9720,101886.8112,85460.5751,145.0125,0.2027,-0.0013,-0.0061,pathgraph
3219.9720,101887.7914,85460.7732,145.0064,0.2013,-0.0013,-0.0061,pathgraph
3220.9720,101888.7716,85460.9713,145.0003,0.1999,-0.0014,-0.0060,pathgraph
3221.9720,101889.7518,85461.1694,144.9943,0.1985,-0.0015,-0.0060,pathgraph
3222.9720,101890.7319,85461.3675,144.9882,0.1970,-0.0015,-0.0060,pathgraph
3223.9720,101891.7122,85461.5651,144.9822,0.1956,-0.0016,-0.0059,pathgraph
3224.9720,101892.6938,85461.7558,144.9763,0.1939,-0.0017,-0.0059,pathgraph
3225.9720,101893.6755,85461.9466,144.9704,0.1921,-0.0017,-0.0058,pathgraph
3226.9720,101894.6571,85462.1373,144.9646,0.1904,-0.0018,-0.0058,pathgraph
3227.9720,101895.6387,85462.3281,144.9587,0.1887,-0.0018,-0.0058,pathgraph
3228.9719,101896.6212,85462.5143,144.9529,0.1869,-0.0018,-0.0057,pathgraph
3229.9719,101897.6044,85462.6972,144.9472,0.1852,-0.0018,-0.0057,pathgraph
3230.9719,101898.5875,85462.8800,144.9416,0.1834,-0.0017,-0.0056,pathgraph
3231.9719,101899.5706,85463.0629,144.9359,0.1817,-0.0017,-0.0056,pathgraph
3232.9719,101900.5539,85463.2452,144.9302,0.1799,-0.0016,-0.0055,pathgraph
3233.9719,101901.5384,85463.4203,144.9248,0.1783,-0.0016,-0.0054,pathgraph
3234.9719,101902.5229,85463.5953,144.9194,0.1767,-0.0016,-0.0054,pathgraph
3235.9719,101903.5075,85463.7704,144.9140,0.1751,-0.0016,-0.0053,pathgraph
3236.9719,101904.4920,85463.9455,144.9086,0.1735,-0.0016,-0.0053,pathgraph
3237.9719,101905.4767,85464.1200,144.9032,0.1719,-0.0016,-0.0052,pathgraph
3238.9719,101906.4626,85464.2872,144.8981,0.1700,-0.0017,-0.0051,pathgraph
3239.9718,101907.4485,85464.4545,144.8931,0.1681,-0.0019,-0.0051,pathgraph
3240.9718,101908.4344,85464.6217,144.8880,0.1661,-0.0021,-0.0050,pathgraph
3241.9718,101909.4203,85464.7889,144.8829,0.1642,-0.0022,-0.0049,pathgraph
3242.9718,101910.4071,85464.9511,144.8780,0.1622,-0.0022,-0.0048,pathgraph
3243.9718,101911.3944,85465.1094,144.8732,0.1601,-0.0021,-0.0048,pathgraph
3244.9718,101912.3818,85465.2678,144.8684,0.1580,-0.0020,-0.0047,pathgraph
3245.9718,101913.3692,85465.4261,144.8637,0.1559,-0.0018,-0.0046,pathgraph
3246.9718,101914.3574,85465.5792,144.8591,0.1531,-0.0018,-0.0045,pathgraph
3247.9718,101915.3462,85465.7282,144.8547,0.1497,-0.0020,-0.0044,pathgraph
3248.9718,101916.3351,85465.8772,144.8503,0.1463,-0.0021,-0.0043,pathgraph
3249.9718,101917.3239,85466.0263,144.8459,0.1429,-0.0022,-0.0042,pathgraph
3250.9717,101918.3135,85466.1701,144.8416,0.1403,-0.0017,-0.0041,pathgraph
3251.9717,101919.3036,85466.3100,144.8376,0.1392,-0.0022,-0.0040,pathgraph
3252.9717,101920.2938,85466.4499,144.8335,0.1380,-0.0028,-0.0039,pathgraph
3253.9717,101921.2840,85466.5892,144.8295,0.1367,-0.0033,-0.0038,pathgraph
3254.9717,101922.2754,85466.7203,144.8258,0.1339,-0.0031,-0.0037,pathgraph
3255.9717,101923.2667,85466.8515,144.8221,0.1310,-0.0028,-0.0036,pathgraph
3256.9717,101924.2581,85466.9827,144.8184,0.1282,-0.0025,-0.0035,pathgraph
3257.9717,101925.2501,85467.1088,144.8149,0.1256,-0.0024,-0.0034,pathgraph
3258.9717,101926.2425,85467.2312,144.8116,0.1231,-0.0024,-0.0033,pathgraph
3259.9717,101927.2350,85467.3536,144.8083,0.1206,-0.0025,-0.0032,pathgraph
3260.9716,101928.2276,85467.4753,144.8051,0.1182,-0.0025,-0.0030,pathgraph
3261.9716,101929.2211,85467.5888,144.8022,0.1160,-0.0023,-0.0029,pathgraph
3262.9716,101930.2146,85467.7023,144.7994,0.1138,-0.0022,-0.0028,pathgraph
3263.9716,101931.2082,85467.8158,144.7965,0.1116,-0.0020,-0.0027,pathgraph
3264.9716,101932.2018,85467.9287,144.7937,0.1094,-0.0019,-0.0025,pathgraph
3265.9716,101933.1962,85468.0339,144.7915,0.1076,-0.0019,-0.0024,pathgraph
3266.9716,101934.1907,85468.1391,144.7892,0.1058,-0.0018,-0.0023,pathgraph
3267.9716,101935.1851,85468.2443,144.7869,0.1040,-0.0018,-0.0021,pathgraph
3268.9716,101936.1795,85468.3495,144.7846,0.1022,-0.0017,-0.0020,pathgraph
3269.9716,101937.1744,85468.4502,144.7827,0.1004,-0.0017,-0.0018,pathgraph
3270.9716,101938.1697,85468.5476,144.7810,0.0987,-0.0017,-0.0017,pathgraph
3271.9716,101939.1649,85468.6449,144.7794,0.0970,-0.0017,-0.0016,pathgraph
3272.9715,101940.1602,85468.7423,144.7777,0.0953,-0.0017,-0.0014,pathgraph
3273.9715,101941.1555,85468.8391,144.7761,0.0935,-0.0017,-0.0013,pathgraph
3274.9715,101942.1514,85468.9288,144.7752,0.0918,-0.0017,-0.0011,pathgraph
3275.9715,101943.1474,85469.0184,144.7742,0.0901,-0.0017,-0.0009,pathgraph
3276.9715,101944.1434,85469.1081,144.7732,0.0884,-0.0017,-0.0008,pathgraph
3277.9715,101945.1393,85469.1977,144.7723,0.0866,-0.0018,-0.0006,pathgraph
3278.9715,101946.1357,85469.2830,144.7717,0.0847,-0.0018,-0.0004,pathgraph
3279.9715,101947.1323,85469.3649,144.7715,0.0827,-0.0020,-0.0003,pathgraph
3280.9715,101948.1289,85469.4469,144.7712,0.0807,-0.0021,-0.0001,pathgraph
3281.9715,101949.1256,85469.5288,144.7709,0.0787,-0.0022,0.0001,pathgraph
3282.9715,101950.1226,85469.6058,144.7711,0.0765,-0.0023,0.0002,pathgraph
3283.9714,101951.1199,85469.6790,144.7715,0.0743,-0.0022,0.0004,pathgraph
3284.9714,101952.1172,85469.7522,144.7719,0.0720,-0.0022,0.0006,pathgraph
3285.9714,101953.1145,85469.8254,144.7724,0.0698,-0.0022,0.0008,pathgraph
3286.9714,101954.1122,85469.8936,144.7732,0.0678,-0.0021,0.0010,pathgraph
3287.9714,101955.1101,85469.9579,144.7745,0.0659,-0.0020,0.0012,pathgraph
3288.9714,101956.1080,85470.0223,144.7757,0.0641,-0.0018,0.0014,pathgraph
3289.9714,101957.1059,85470.0866,144.7769,0.0622,-0.0017,0.0015,pathgraph
3290.9714,101958.1039,85470.1505,144.7782,0.0604,-0.0015,0.0017,pathgraph
3291.9714,101959.1022,85470.2072,144.7804,0.0589,-0.0015,0.0019,pathgraph
3292.9714,101960.1006,85470.2640,144.7825,0.0574,-0.0015,0.0022,pathgraph
3293.9714,101961.0990,85470.3207,144.7847,0.0560,-0.0015,0.0024,pathgraph
3294.9714,101962.0974,85470.3775,144.7868,0.0545,-0.0014,0.0026,pathgraph
3295.9713,101963.0958,85470.4337,144.7891,0.0530,-0.0014,0.0028,pathgraph
3296.9713,101964.0946,85470.4834,144.7923,0.0519,-0.0013,0.0030,pathgraph
3297.9713,101965.0933,85470.5331,144.7956,0.0508,-0.0012,0.0032,pathgraph
3298.9713,101966.0921,85470.5828,144.7989,0.0496,-0.0011,0.0034,pathgraph
3299.9713,101967.0908,85470.6325,144.8021,0.0485,-0.0010,0.0037,pathgraph
3300.9713,101968.0896,85470.6822,144.8054,0.0474,-0.0009,0.0039,pathgraph
3301.9713,101969.0885,85470.7287,144.8095,0.0464,-0.0008,0.0042,pathgraph
3302.9713,101970.0875,85470.7729,144.8141,0.0457,-0.0008,0.0044,pathgraph
3303.9713,101971.0865,85470.8170,144.8188,0.0449,-0.0008,0.0046,pathgraph
3304.9713,101972.0855,85470.8611,144.8235,0.0442,-0.0008,0.0048,pathgraph
3305.9713,101973.0846,85470.9053,144.8282,0.0434,-0.0007,0.0050,pathgraph
3306.9713,101974.0836,85470.9494,144.8328,0.0427,-0.0007,0.0052,pathgraph
3307.9713,101975.0826,85470.9935,144.8375,0.0419,-0.0007,0.0054,pathgraph
3308.9712,101976.0817,85471.0350,144.8433,0.0414,-0.0006,0.0057,pathgraph
3309.9712,101977.0809,85471.0745,144.8500,0.0411,-0.0006,0.0060,pathgraph
3310.9712,101978.0802,85471.1140,144.8567,0.0408,-0.0005,0.0063,pathgraph
3311.9712,101979.0794,85471.1535,144.8634,0.0404,-0.0004,0.0065,pathgraph
3312.9712,101980.0786,85471.1929,144.8701,0.0401,-0.0003,0.0068,pathgraph
3313.9712,101981.0778,85471.2324,144.8767,0.0398,-0.0003,0.0070,pathgraph
3314.9712,101982.0770,85471.2719,144.8834,0.0395,-0.0002,0.0072,pathgraph
3315.9712,101983.0762,85471.3114,144.8901,0.0391,-0.0001,0.0074,pathgraph
3316.9712,101984.0754,85471.3508,144.8968,0.0388,-0.0000,0.0077,pathgraph
3317.9712,101985.0746,85471.3902,144.9036,0.0385,0.0000,0.0080,pathgraph
3318.9712,101986.0739,85471.4285,144.9128,0.0384,-0.0000,0.0083,pathgraph
3319.9712,101987.0732,85471.4667,144.9219,0.0383,-0.0000,0.0085,pathgraph
3320.9712,101988.0724,85471.5049,144.9311,0.0382,-0.0001,0.0088,pathgraph
3321.9711,101989.0717,85471.5432,144.9402,0.0381,-0.0001,0.0090,pathgraph
3322.9711,101990.0710,85471.5814,144.9494,0.0380,-0.0001,0.0093,pathgraph
3323.9711,101991.0702,85471.6196,144.9586,0.0379,-0.0001,0.0095,pathgraph
3324.9711,101992.0695,85471.6578,144.9677,0.0378,-0.0002,0.0097,pathgraph
3325.9711,101993.0687,85471.6961,144.9769,0.0377,-0.0002,0.0100,pathgraph
3326.9711,101994.0680,85471.7343,144.9860,0.0376,-0.0002,0.0103,pathgraph
3327.9711,101995.0673,85471.7720,144.9966,0.0376,-0.0002,0.0107,pathgraph
3328.9711,101996.0666,85471.8092,145.0084,0.0376,-0.0001,0.0110,pathgraph
3329.9711,101997.0659,85471.8465,145.0202,0.0376,-0.0001,0.0112,pathgraph
3330.9711,101998.0652,85471.8837,145.0319,0.0376,-0.0001,0.0115,pathgraph
3331.9711,101999.0645,85471.9210,145.0437,0.0376,-0.0000,0.0117,pathgraph
3332.9711,102000.0638,85471.9582,145.0554,0.0376,0.0000,0.0120,pathgraph
3333.9711,102001.0631,85471.9955,145.0672,0.0376,0.0001,0.0122,pathgraph
3334.9710,102002.0624,85472.0327,145.0789,0.0376,0.0001,0.0125,pathgraph
3335.9710,102003.0617,85472.0700,145.0907,0.0376,0.0002,0.0128,pathgraph
3336.9710,102004.0610,85472.1073,145.1026,0.0376,0.0002,0.0131,pathgraph
3337.9710,102005.0602,85472.1453,145.1171,0.0376,0.0002,0.0135,pathgraph
3338.9710,102006.0595,85472.1833,145.1315,0.0377,0.0001,0.0137,pathgraph
3339.9710,102007.0588,85472.2214,145.1459,0.0377,0.0001,0.0140,pathgraph
3340.9710,102008.0580,85472.2594,145.1603,0.0377,0.0001,0.0142,pathgraph
3341.9710,102009.0573,85472.2974,145.1748,0.0377,0.0000,0.0145,pathgraph
3342.9710,102010.0566,85472.3354,145.1892,0.0378,-0.0000,0.0148,pathgraph
3343.9710,102011.0559,85472.3734,145.2036,0.0378,-0.0001,0.0150,pathgraph
3344.9710,102012.0551,85472.4115,145.2180,0.0378,-0.0001,0.0153,pathgraph
3345.9710,102013.0544,85472.4495,145.2324,0.0378,-0.0001,0.0156,pathgraph
3346.9710,102014.0537,85472.4873,145.2484,0.0378,-0.0001,0.0160,pathgraph
3347.9710,102015.0529,85472.5250,145.2655,0.0378,-0.0001,0.0163,pathgraph
3348.9709,102016.0522,85472.5627,145.2825,0.0377,0.0000,0.0165,pathgraph
3349.9709,102017.0515,85472.6004,145.2996,0.0377,0.0001,0.0168,pathgraph
3350.9709,102018.0508,85472.6381,145.3167,0.0377,0.0000,0.0170,pathgraph
3351.9709,102019.0501,85472.6758,145.3338,0.0376,-0.0000,0.0173,pathgraph
3352.9709,102020.0494,85472.7134,145.3509,0.0376,-0.0000,0.0175,pathgraph
3353.9709,102021.0486,85472.7511,145.3679,0.0375,-0.0001,0.0178,pathgraph
3354.9709,102022.0479,85472.7888,145.3850,0.0375,-0.0001,0.0180,pathgraph
3355.9709,102023.0472,85472.8264,145.4023,0.0374,-0.0002,0.0184,pathgraph
3356.9709,102024.0465,85472.8632,145.4219,0.0373,-0.0001,0.0187,pathgraph
3357.9709,102025.0458,85472.9000,145.4416,0.0372,-0.0001,0.0190,pathgraph
3358.9709,102026.0452,85472.9368,145.4612,0.0371,-0.0001,0.0192,pathgraph
3359.9709,102027.0445,85472.9736,145.4809,0.0369,-0.0001,0.0195,pathgraph
3360.9709,102028.0438,85473.0104,145.5006,0.0368,-0.0001,0.0197,pathgraph
3361.9708,102029.0431,85473.0472,145.5202,0.0367,-0.0001,0.0199,pathgraph
3362.9708,102030.0424,85473.0839,145.5399,0.0365,-0.0001,0.0202,pathgraph
3363.9708,102031.0417,85473.1207,145.5595,0.0364,-0.0001,0.0204,pathgraph
3364.9708,102032.0411,85473.1575,145.5792,0.0363,-0.0001,0.0207,pathgraph
3365.9708,102033.0404,85473.1939,145.6002,0.0362,-0.0001,0.0211,pathgraph
3366.9708,102034.0397,85473.2300,145.6223,0.0363,-0.0001,0.0213,pathgraph
3367.9708,102035.0391,85473.2662,145.6444,0.0363,-0.0000,0.0216,pathgraph
3368.9708,102036.0384,85473.3023,145.6665,0.0363,-0.0000,0.0218,pathgraph
3369.9708,102037.0377,85473.3384,145.6886,0.0363,0.0000,0.0220,pathgraph
3370.9708,102038.0371,85473.3745,145.7107,0.0364,0.0001,0.0222,pathgraph
3371.9708,102039.0364,85473.4106,145.7328,0.0364,0.0001,0.0225,pathgraph
3372.9708,102040.0358,85473.4468,145.7549,0.0364,0.0001,0.0227,pathgraph
3373.9708,102041.0351,85473.4829,145.7770,0.0365,0.0001,0.0229,pathgraph
3374.9708,102042.0344,85473.5190,145.7993,0.0365,0.0002,0.0232,pathgraph
3375.9707,102043.0338,85473.5559,145.8236,0.0365,0.0001,0.0235,pathgraph
3376.9707,102044.0331,85473.5928,145.8480,0.0366,0.0001,0.0237,pathgraph
3377.9707,102045.0324,85473.6297,145.8723,0.0366,0.0001,0.0239,pathgraph
3378.9707,102046.0317,85473.6666,145.8967,0.0367,0.0001,0.0242,pathgraph
3379.9707,102047.0310,85473.7035,145.9210,0.0367,0.0000,0.0244,pathgraph
3380.9707,102048.0303,85473.7404,145.9454,0.0367,0.0000,0.0246,pathgraph
3381.9707,102049.0296,85473.7772,145.9697,0.0368,-0.0000,0.0248,pathgraph
3382.9707,102050.0289,85473.8141,145.9941,0.0368,-0.0001,0.0250,pathgraph
3383.9707,102051.0282,85473.8510,146.0184,0.0368,-0.0001,0.0252,pathgraph
3384.9707,102052.0276,85473.8877,146.0439,0.0368,-0.0001,0.0255,pathgraph
3385.9707,102053.0269,85473.9243,146.0703,0.0368,-0.0001,0.0257,pathgraph
3386.9707,102054.0262,85473.9608,146.0967,0.0367,-0.0001,0.0259,pathgraph
3387.9707,102055.0255,85473.9974,146.1231,0.0367,-0.0001,0.0261,pathgraph
3388.9706,102056.0249,85474.0339,146.1494,0.0367,-0.0000,0.0263,pathgraph
3389.9706,102057.0242,85474.0705,146.1758,0.0366,-0.0000,0.0265,pathgraph
3390.9706,102058.0235,85474.1071,146.2022,0.0366,-0.0000,0.0266,pathgraph
3391.9706,102059.0228,85474.1436,146.2286,0.0365,-0.0000,0.0268,pathgraph
3392.9706,102060.0222,85474.1802,146.2550,0.0365,-0.0000,0.0270,pathgraph
3393.9706,102061.0215,85474.2167,146.2815,0.0364,0.0000,0.0273,pathgraph
3394.9706,102062.0208,85474.2536,146.3096,0.0366,0.0000,0.0275,pathgraph
3395.9706,102063.0201,85474.2904,146.3378,0.0367,0.0001,0.0277,pathgraph
3396.9706,102064.0194,85474.3272,146.3660,0.0368,0.0001,0.0278,pathgraph
3397.9706,102065.0187,85474.3641,146.3942,0.0370,0.0001,0.0280,pathgraph
3398.9706,102066.0181,85474.4009,146.4223,0.0371,0.0001,0.0282,pathgraph
3399.9706,102067.0174,85474.4378,146.4505,0.0372,0.0002,0.0283,pathgraph
3400.9706,102068.0167,85474.4746,146.4787,0.0374,0.0002,0.0285,pathgraph
3401.9705,102069.0160,85474.5114,146.5069,0.0375,0.0002,0.0286,pathgraph
3402.9705,102070.0153,85474.5483,146.5350,0.0376,0.0002,0.0288,pathgraph
3403.9705,102071.0146,85474.5859,146.5641,0.0377,0.0002,0.0290,pathgraph
3404.9705,102072.0139,85474.6240,146.5938,0.0377,0.0002,0.0292,pathgraph
3405.9705,102073.0131,85474.6621,146.6235,0.0377,0.0001,0.0294,pathgraph
3406.9705,102074.0124,85474.7003,146.6532,0.0377,0.0001,0.0295,pathgraph
3407.9705,102075.0117,85474.7384,146.6830,0.0378,0.0000,0.0296,pathgraph
3408.9705,102076.0109,85474.7766,146.7127,0.0378,-0.0000,0.0298,pathgraph
3409.9705,102077.0102,85474.8147,146.7424,0.0378,-0.0001,0.0299,pathgraph
3410.9705,102078.0094,85474.8529,146.7721,0.0378,-0.0001,0.0300,pathgraph
3411.9705,102079.0087,85474.8910,146.8018,0.0378,-0.0002,0.0302,pathgraph
3412.9705,102080.0080,85474.9291,146.8316,0.0378,-0.0002,0.0304,pathgraph
3413.9705,102081.0073,85474.9662,146.8627,0.0377,-0.0002,0.0305,pathgraph
3414.9705,102082.0066,85475.0033,146.8937,0.0376,-0.0002,0.0306,pathgraph
3415.9704,102083.0059,85475.0405,146.9247,0.0375,-0.0002,0.0308,pathgraph
3416.9704,102084.0052,85475.0776,146.9557,0.0374,-0.0001,0.0309,pathgraph
3417.9704,102085.0045,85475.1147,146.9867,0.0373,-0.0001,0.0310,pathgraph
3418.9704,102086.0038,85475.1518,147.0177,0.0372,-0.0001,0.0311,pathgraph
3419.9704,102087.0031,85475.1890,147.0487,0.0371,-0.0001,0.0312,pathgraph
3420.9704,102088.0024,85475.2261,147.0798,0.0370,-0.0000,0.0313,pathgraph
3421.9704,102089.0017,85475.2632,147.1108,0.0369,-0.0000,0.0315,pathgraph
3422.9704,102090.0010,85475.2999,147.1424,0.0367,-0.0000,0.0316,pathgraph
3423.9704,102091.0004,85475.3364,147.1745,0.0366,-0.0000,0.0317,pathgraph
3424.9704,102091.9997,85475.3728,147.2065,0.0365,-0.0001,0.0318,pathgraph
3425.9704,102092.9990,85475.4092,147.2386,0.0364,-0.0001,0.0319,pathgraph
3426.9704,102093.9983,85475.4456,147.2707,0.0362,-0.0001,0.0320,pathgraph
3427.9704,102094.9977,85475.4821,147.3028,0.0361,-0.0001,0.0321,pathgraph
3428.9703,102095.9970,85475.5185,147.3349,0.0360,-0.0002,0.0322,pathgraph
3429.9703,102096.9963,85475.5549,147.3669,0.0359,-0.0002,0.0323,pathgraph
3430.9703,102097.9957,85475.5914,147.3990,0.0357,-0.0002,0.0324,pathgraph
3431.9703,102098.9950,85475.6277,147.4312,0.0356,-0.0003,0.0325,pathgraph
3432.9703,102099.9944,85475.6630,147.4641,0.0357,-0.0002,0.0326,pathgraph
3433.9703,102100.9937,85475.6984,147.4970,0.0357,-0.0001,0.0327,pathgraph
3434.9703,102101.9931,85475.7337,147.5300,0.0358,-0.0001,0.0328,pathgraph
3435.9703,102102.9925,85475.7690,147.5629,0.0358,-0.0000,0.0328,pathgraph
3436.9703,102103.9918,85475.8044,147.5958,0.0359,0.0000,0.0329,pathgraph
3437.9703,102104.9912,85475.8397,147.6287,0.0359,0.0001,0.0330,pathgraph
3438.9703,102105.9906,85475.8750,147.6617,0.0360,0.0002,0.0330,pathgraph
3439.9703,102106.9899,85475.9104,147.6946,0.0360,0.0002,0.0331,pathgraph
3440.9703,102107.9893,85475.9457,147.7275,0.0361,0.0003,0.0332,pathgraph
3441.9703,102108.9887,85475.9816,147.7608,0.0362,0.0002,0.0333,pathgraph
3442.9702,102109.9880,85476.0178,147.7944,0.0363,-0.0000,0.0334,pathgraph
3443.9702,102110.9873,85476.0541,147.8280,0.0363,-0.0000,0.0334,pathgraph
3444.9702,102111.9867,85476.0903,147.8615,0.0364,0.0000,0.0335,pathgraph
3445.9702,102112.9860,85476.1266,147.8951,0.0364,0.0000,0.0335,pathgraph
3446.9702,102113.9853,85476.1628,147.9287,0.0364,0.0001,0.0336,pathgraph
3447.9702,102114.9847,85476.1991,147.9622,0.0365,0.0001,0.0336,pathgraph
3448.9702,102115.9840,85476.2353,147.9958,0.0365,0.0001,0.0337,pathgraph
3449.9702,102116.9833,85476.2716,148.0294,0.0365,0.0001,0.0337,pathgraph
3450.9702,102117.9827,85476.3079,148.0630,0.0366,0.0002,0.0338,pathgraph
3451.9702,102118.9820,85476.3452,148.0970,0.0367,0.0002,0.0338,pathgraph
3452.9702,102119.9813,85476.3824,148.1310,0.0369,0.0001,0.0339,pathgraph
3453.9702,102120.9806,85476.4197,148.1651,0.0370,0.0001,0.0339,pathgraph
3454.9702,102121.9799,85476.4570,148.1991,0.0371,0.0001,0.0339,pathgraph
3455.9701,102122.9792,85476.4942,148.2331,0.0373,0.0001,0.0340,pathgraph
3456.9701,102123.9785,85476.5315,148.2671,0.0374,0.0001,0.0340,pathgraph
3457.9701,102124.9777,85476.5688,148.3011,0.0376,0.0001,0.0341,pathgraph
3458.9701,102125.9770,85476.6060,148.3352,0.0377,0.0001,0.0341,pathgraph
3459.9701,102126.9763,85476.6433,148.3692,0.0378,0.0001,0.0341,pathgraph
3460.9701,102127.9756,85476.6812,148.4034,0.0380,0.0001,0.0342,pathgraph
3461.9701,102128.9749,85476.7195,148.4377,0.0380,0.0001,0.0342,pathgraph
3462.9701,102129.9741,85476.7579,148.4719,0.0381,0.0001,0.0342,pathgraph
3463.9701,102130.9734,85476.7962,148.5062,0.0382,0.0001,0.0342,pathgraph
3464.9701,102131.9726,85476.8346,148.5405,0.0383,0.0001,0.0342,pathgraph
3465.9701,102132.9719,85476.8730,148.5748,0.0384,0.0001,0.0343,pathgraph
3466.9701,102133.9712,85476.9113,148.6091,0.0385,0.0001,0.0343,pathgraph
3467.9701,102134.9704,85476.9497,148.6434,0.0385,0.0001,0.0343,pathgraph
3468.9700,102135.9697,85476.9880,148.6777,0.0386,0.0001,0.0343,pathgraph
3469.9700,102136.9689,85477.0263,148.7120,0.0387,0.0000,0.0343,pathgraph
3470.9700,102137.9682,85477.0639,148.7464,0.0383,-0.0000,0.0343,pathgraph
3471.9700,102138.9675,85477.1016,148.7808,0.0379,-0.0001,0.0343,pathgraph
3472.9700,102139.9668,85477.1392,148.8152,0.0376,-0.0002,0.0343,pathgraph
3473.9700,102140.9661,85477.1768,148.8496,0.0372,-0.0003,0.0343,pathgraph
3474.9700,102141.9654,85477.2144,148.8839,0.0368,-0.0004,0.0343,pathgraph
3475.9700,102142.9646,85477.2520,148.9183,0.0365,-0.0005,0.0344,pathgraph
3476.9700,102143.9639,85477.2897,148.9527,0.0361,-0.0006,0.0344,pathgraph
3477.9700,102144.9632,85477.3273,148.9871,0.0357,-0.0007,0.0344,pathgraph
3478.9700,102145.9625,85477.3649,149.0215,0.0354,-0.0007,0.0344,pathgraph
3479.9700,102146.9619,85477.4003,149.0559,0.0352,-0.0007,0.0343,pathgraph
3480.9700,102147.9613,85477.4339,149.0902,0.0351,-0.0006,0.0343,pathgraph
3481.9700,102148.9607,85477.4675,149.1245,0.0350,-0.0004,0.0343,pathgraph
3482.9699,102149.9601,85477.5011,149.1589,0.0349,-0.0003,0.0343,pathgraph
3483.9699,102150.9596,85477.5348,149.1932,0.0348,-0.0001,0.0343,pathgraph
3484.9699,102151.9590,85477.5684,149.2275,0.0347,0.0000,0.0343,pathgraph
3485.9699,102152.9584,85477.6020,149.2619,0.0346,0.0002,0.0343,pathgraph
3486.9699,102153.9578,85477.6357,149.2962,0.0345,0.0003,0.0343,pathgraph
3487.9699,102154.9573,85477.6693,149.3305,0.0344,0.0005,0.0342,pathgraph
3488.9699,102155.9567,85477.7031,149.3649,0.0343,0.0006,0.0342,pathgraph
3489.9699,102156.9560,85477.7396,149.3991,0.0350,0.0006,0.0342,pathgraph
3490.9699,102157.9554,85477.7760,149.4332,0.0356,0.0006,0.0342,pathgraph
3491.9699,102158.9547,85477.8124,149.4674,0.0362,0.0006,0.0342,pathgraph
3492.9699,102159.9540,85477.8489,149.5016,0.0369,0.0007,0.0341,pathgraph
3493.9699,102160.9533,85477.8853,149.5358,0.0375,0.0007,0.0341,pathgraph
3494.9699,102161.9527,85477.9218,149.5699,0.0382,0.0007,0.0341,pathgraph
3495.9698,102162.9520,85477.9585,149.6041,0.0388,0.0007,0.0341,pathgraph
3496.9698,102163.9512,85477.9986,149.6380,0.0389,0.0006,0.0340,pathgraph
3497.9698,102164.9504,85478.0388,149.6720,0.0389,0.0004,0.0340,pathgraph
3498.9698,102165.9495,85478.0790,149.7059,0.0390,0.0003,0.0340,pathgraph
3499.9698,102166.9487,85478.1191,149.7398,0.0391,0.0002,0.0339,pathgraph
3500.9698,102167.9479,85478.1593,149.7738,0.0392,0.0000,0.0339,pathgraph
3501.9698,102168.9471,85478.1995,149.8077,0.0393,-0.0001,0.0339,pathgraph
3502.9698,102169.9463,85478.2396,149.8416,0.0394,-0.0002,0.0338,pathgraph
3503.9698,102170.9455,85478.2798,149.8756,0.0394,-0.0004,0.0338,pathgraph
3504.9698,102171.9447,85478.3199,149.9095,0.0395,-0.0005,0.0338,pathgraph
3505.9698,102172.9439,85478.3584,149.9433,0.0393,-0.0005,0.0337,pathgraph
3506.9698,102173.9432,85478.3956,149.9768,0.0388,-0.0005,0.0337,pathgraph
3507.9698,102174.9425,85478.4329,150.0104,0.0384,-0.0005,0.0337,pathgraph
3508.9697,102175.9418,85478.4701,150.0440,0.0379,-0.0005,0.0336,pathgraph
3509.9697,102176.9411,85478.5073,150.0776,0.0375,-0.0005,0.0336,pathgraph
3510.9697,102177.9404,85478.5445,150.1112,0.0370,-0.0004,0.0335,pathgraph
3511.9697,102178.9397,85478.5817,150.1448,0.0365,-0.0004,0.0335,pathgraph
3512.9697,102179.9390,85478.6189,150.1783,0.0361,-0.0004,0.0335,pathgraph
3513.9697,102180.9383,85478.6561,150.2119,0.0356,-0.0004,0.0334,pathgraph
3514.9697,102181.9376,85478.6931,150.2455,0.0352,-0.0004,0.0334,pathgraph
3515.9697,102182.9370,85478.7267,150.2787,0.0349,-0.0004,0.0333,pathgraph
3516.9697,102183.9365,85478.7603,150.3119,0.0345,-0.0003,0.0333,pathgraph
3517.9697,102184.9359,85478.7938,150.3451,0.0342,-0.0003,0.0333,pathgraph
3518.9697,102185.9353,85478.8274,150.3783,0.0339,-0.0003,0.0332,pathgraph
3519.9697,102186.9348,85478.8610,150.4115,0.0335,-0.0003,0.0332,pathgraph
3520.9697,102187.9342,85478.8946,150.4447,0.0332,-0.0003,0.0332,pathgraph
3521.9697,102188.9336,85478.9282,150.4779,0.0329,-0.0003,0.0331,pathgraph
3522.9696,102189.9330,85478.9618,150.5111,0.0326,-0.0003,0.0331,pathgraph
3523.9696,102190.9325,85478.9953,150.5443,0.0322,-0.0003,0.0330,pathgraph
3524.9696,102191.9319,85479.0278,150.5773,0.0321,-0.0002,0.0330,pathgraph
3525.9696,102192.9314,85479.0595,150.6101,0.0321,-0.0002,0.0330,pathgraph
3526.9696,102193.9309,85479.0912,150.6429,0.0321,-0.0001,0.0329,pathgraph
3527.9696,102194.9304,85479.1229,150.6758,0.0321,-0.0001,0.0329,pathgraph
3528.9696,102195.9299,85479.1546,150.7086,0.0322,0.0000,0.0329,pathgraph
3529.9696,102196.9294,85479.1863,150.7415,0.0322,0.0001,0.0328,pathgraph
3530.9696,102197.9289,85479.2179,150.7743,0.0322,0.0001,0.0328,pathgraph
3531.9696,102198.9284,85479.2496,150.8071,0.0322,0.0002,0.0328,pathgraph
3532.9696,102199.9279,85479.2813,150.8400,0.0322,0.0003,0.0327,pathgraph
3533.9696,102200.9273,85479.3131,150.8728,0.0323,0.0003,0.0327,pathgraph
3534.9696,102201.9268,85479.3470,150.9054,0.0328,0.0004,0.0327,pathgraph
3535.9695,102202.9262,85479.3810,150.9379,0.0334,0.0005,0.0326,pathgraph
3536.9695,102203.9256,85479.4149,150.9705,0.0340,0.0005,0.0326,pathgraph
3537.9695,102204.9250,85479.4488,151.0031,0.0346,0.0006,0.0326,pathgraph
3538.9695,102205.9244,85479.4827,151.0357,0.0351,0.0007,0.0326,pathgraph
3539.9695,102206.9238,85479.5166,151.0682,0.0357,0.0008,0.0326,pathgraph
3540.9695,102207.9233,85479.5508,151.1008,0.0363,0.0008,0.0325,pathgraph
3541.9695,102208.9225,85479.5896,151.1332,0.0367,0.0007,0.0325,pathgraph
3542.9695,102209.9217,85479.6284,151.1656,0.0371,0.0006,0.0325,pathgraph
3543.9695,102210.9210,85479.6672,151.1981,0.0376,0.0006,0.0325,pathgraph
3544.9695,102211.9202,85479.7060,151.2305,0.0380,0.0005,0.0325,pathgraph
3545.9695,102212.9195,85479.7448,151.2629,0.0384,0.0004,0.0324,pathgraph
3546.9695,102213.9187,85479.7836,151.2953,0.0389,0.0003,0.0324,pathgraph
3547.9695,102214.9179,85479.8224,151.3277,0.0393,0.0002,0.0324,pathgraph
3548.9694,102215.9172,85479.8611,151.3601,0.0397,0.0001,0.0324,pathgraph
3549.9694,102216.9164,85479.9001,151.3925,0.0402,0.0000,0.0324,pathgraph
3550.9694,102217.9156,85479.9408,151.4249,0.0403,0.0001,0.0324,pathgraph
3551.9694,102218.9147,85479.9816,151.4573,0.0405,0.0001,0.0324,pathgraph
3552.9694,102219.9139,85480.0223,151.4897,0.0407,0.0001,0.0324,pathgraph
3553.9694,102220.9131,85480.0631,151.5220,0.0409,0.0002,0.0324,pathgraph
3554.9694,102221.9122,85480.1039,151.5544,0.0411,0.0002,0.0324,pathgraph
3555.9694,102222.9114,85480.1446,151.5868,0.0412,0.0002,0.0324,pathgraph
3556.9694,102223.9105,85480.1854,151.6191,0.0414,0.0002,0.0324,pathgraph
3557.9694,102224.9097,85480.2261,151.6515,0.0416,0.0003,0.0324,pathgraph
3558.9694,102225.9089,85480.2669,151.6839,0.0418,0.0003,0.0324,pathgraph
3559.9694,102226.9080,85480.3086,151.7163,0.0419,0.0003,0.0325,pathgraph
3560.9694,102227.9071,85480.3510,151.7488,0.0419,0.0002,0.0325,pathgraph
3561.9694,102228.9062,85480.3934,151.7813,0.0419,0.0002,0.0325,pathgraph
3562.9693,102229.9053,85480.4358,151.8138,0.0419,0.0001,0.0325,pathgraph
3563.9693,102230.9044,85480.4783,151.8463,0.0420,0.0000,0.0325,pathgraph
3564.9693,102231.9034,85480.5207,151.8788,0.0420,-0.0000,0.0326,pathgraph
3565.9693,102232.9025,85480.5631,151.9113,0.0420,-0.0001,0.0326,pathgraph
3566.9693,102233.9016,85480.6055,151.9438,0.0420,-0.0002,0.0326,pathgraph
3567.9693,102234.9007,85480.6479,151.9763,0.0420,-0.0002,0.0326,pathgraph
3568.9693,102235.8998,85480.6902,152.0088,0.0421,-0.0003,0.0327,pathgraph
3569.9693,102236.8990,85480.7312,152.0416,0.0418,-0.0003,0.0327,pathgraph
3570.9693,102237.8981,85480.7721,152.0744,0.0416,-0.0003,0.0328,pathgraph
3571.9693,102238.8973,85480.8130,152.1072,0.0414,-0.0002,0.0328,pathgraph
3572.9693,102239.8964,85480.8539,152.1400,0.0412,-0.0002,0.0328,pathgraph
3573.9693,102240.8956,85480.8948,152.1729,0.0409,-0.0002,0.0329,pathgraph
3574.9693,102241.8948,85480.9358,152.2057,0.0407,-0.0002,0.0329,pathgraph
3575.9692,102242.8939,85480.9767,152.2385,0.0405,-0.0002,0.0329,pathgraph
3576.9692,102243.8931,85481.0176,152.2713,0.0403,-0.0002,0.0330,pathgraph
3577.9692,102244.8922,85481.0585,152.3041,0.0400,-0.0002,0.0330,pathgraph
3578.9692,102245.8914,85481.0998,152.3372,0.0403,-0.0001,0.0331,pathgraph
3579.9692,102246.8905,85481.1413,152.3704,0.0409,-0.0000,0.0331,pathgraph
3580.9692,102247.8896,85481.1829,152.4037,0.0415,0.0001,0.0332,pathgraph
3581.9692,102248.8887,85481.2244,152.4370,0.0421,0.0002,0.0332,pathgraph
3582.9692,102249.8879,85481.2660,152.4703,0.0427,0.0003,0.0333,pathgraph
3583.9692,102250.8870,85481.3075,152.5035,0.0433,0.0003,0.0333,pathgraph
3584.9692,102251.8861,85481.3490,152.5368,0.0440,0.0004,0.0334,pathgraph
3585.9692,102252.8853,85481.3906,152.5701,0.0446,0.0005,0.0334,pathgraph
3586.9692,102253.8844,85481.4321,152.6033,0.0452,0.0006,0.0335,pathgraph
3587.9692,102254.8835,85481.4740,152.6366,0.0458,0.0007,0.0336,pathgraph
3588.9691,102255.8825,85481.5198,152.6705,0.0458,0.0006,0.0336,pathgraph
3589.9691,102256.8814,85481.5656,152.7043,0.0459,0.0005,0.0337,pathgraph
3590.9691,102257.8803,85481.6114,152.7381,0.0459,0.0005,0.0337,pathgraph
3591.9691,102258.8793,85481.6572,152.7720,0.0459,0.0004,0.0338,pathgraph
3592.9691,102259.8782,85481.7030,152.8058,0.0459,0.0003,0.0338,pathgraph
3593.9691,102260.8772,85481.7488,152.8396,0.0459,0.0003,0.0339,pathgraph
3594.9691,102261.8761,85481.7946,152.8734,0.0460,0.0002,0.0340,pathgraph
3595.9691,102262.8751,85481.8404,152.9073,0.0460,0.0002,0.0340,pathgraph
3596.9691,102263.8740,85481.8862,152.9411,0.0460,0.0001,0.0341,pathgraph
3597.9691,102264.8729,85481.9322,152.9753,0.0460,0.0001,0.0342,pathgraph
3598.9691,102265.8719,85481.9783,153.0097,0.0460,0.0000,0.0342,pathgraph
3599.9691,102266.8708,85482.0244,153.0441,0.0460,0.0000,0.0343,pathgraph
3600.9691,102267.8697,85482.0705,153.0785,0.0460,0.0000,0.0343,pathgraph
3601.9691,102268.8686,85482.1166,153.1129,0.0460,-0.0000,0.0344,pathgraph
3602.9690,102269.8676,85482.1627,153.1473,0.0460,-0.0000,0.0344,pathgraph
3603.9690,102270.8665,85482.2088,153.1817,0.0459,-0.0000,0.0345,pathgraph
3604.9690,102271.8654,85482.2548,153.2161,0.0459,-0.0001,0.0345,pathgraph
3605.9690,102272.8644,85482.3009,153.2505,0.0459,-0.0001,0.0346,pathgraph
3606.9690,102273.8633,85482.3470,153.2849,0.0459,-0.0001,0.0347,pathgraph
3607.9690,102274.8622,85482.3927,153.3198,0.0459,-0.0001,0.0347,pathgraph
3608.9690,102275.8612,85482.4384,153.3547,0.0459,-0.0001,0.0348,pathgraph
3609.9690,102276.8601,85482.4841,153.3897,0.0459,-0.0000,0.0348,pathgraph
3610.9690,102277.8591,85482.5298,153.4246,0.0459,-0.0000,0.0349,pathgraph
3611.9690,102278.8580,85482.5755,153.4595,0.0458,-0.0000,0.0349,pathgraph
3612.9690,102279.8570,85482.6211,153.4944,0.0458,0.0000,0.0349,pathgraph
3613.9690,102280.8559,85482.6668,153.5293,0.0458,0.0000,0.0350,pathgraph
3614.9690,102281.8549,85482.7125,153.5643,0.0458,0.0000,0.0350,pathgraph
3615.9689,102282.8538,85482.7582,153.5992,0.0458,0.0001,0.0351,pathgraph
3616.9689,102283.8528,85482.8041,153.6343,0.0458,0.0001,0.0351,pathgraph
3617.9689,102284.8517,85482.8500,153.6696,0.0458,0.0001,0.0352,pathgraph
3618.9689,102285.8506,85482.8960,153.7050,0.0459,0.0000,0.0352,pathgraph
3619.9689,102286.8496,85482.9420,153.7403,0.0459,0.0000,0.0352,pathgraph
3620.9689,102287.8485,85482.9880,153.7756,0.0459,0.0000,0.0353,pathgraph
3621.9689,102288.8474,85483.0339,153.8109,0.0459,0.0000,0.0353,pathgraph
3622.9689,102289.8464,85483.0799,153.8462,0.0460,0.0000,0.0353,pathgraph
3623.9689,102290.8453,85483.1259,153.8816,0.0460,-0.0000,0.0354,pathgraph
3624.9689,102291.8443,85483.1718,153.9169,0.0460,-0.0000,0.0354,pathgraph
3625.9689,102292.8432,85483.2178,153.9522,0.0460,-0.0000,0.0354,pathgraph
3626.9689,102293.8421,85483.2633,153.9878,0.0459,-0.0001,0.0354,pathgraph
3627.9689,102294.8411,85483.3087,154.0233,0.0457,-0.0001,0.0355,pathgraph
3628.9689,102295.8401,85483.3542,154.0589,0.0455,-0.0001,0.0355,pathgraph
3629.9688,102296.8390,85483.3997,154.0944,0.0454,-0.0001,0.0355,pathgraph
3630.9688,102297.8380,85483.4452,154.1300,0.0452,-0.0002,0.0355,pathgraph
3631.9688,102298.8369,85483.4906,154.1656,0.0451,-0.0002,0.0355,pathgraph
3632.9688,102299.8359,85483.5361,154.2011,0.0449,-0.0002,0.0355,pathgraph
3633.9688,102300.8349,85483.5816,154.2367,0.0447,-0.0002,0.0355,pathgraph
3634.9688,102301.8338,85483.6271,154.2722,0.0446,-0.0003,0.0356,pathgraph
3635.9688,102302.8328,85483.6719,154.3078,0.0444,-0.0003,0.0356,pathgraph
3636.9688,102303.8318,85483.7162,154.3434,0.0442,-0.0002,0.0356,pathgraph
3637.9688,102304.8308,85483.7606,154.3790,0.0444,-0.0001,0.0356,pathgraph
3638.9688,102305.8298,85483.8049,154.4146,0.0445,-0.0000,0.0355,pathgraph
3639.9688,102306.8288,85483.8492,154.4502,0.0447,0.0001,0.0355,pathgraph
3640.9688,102307.8278,85483.8935,154.4858,0.0449,0.0002,0.0355,pathgraph
3641.9688,102308.8269,85483.9379,154.5214,0.0450,0.0003,0.0355,pathgraph
3642.9687,102309.8259,85483.9822,154.5569,0.0452,0.0003,0.0355,pathgraph
3643.9687,102310.8249,85484.0265,154.5925,0.0453,0.0004,0.0355,pathgraph
3644.9687,102311.8239,85484.0710,154.6281,0.0455,0.0005,0.0355,pathgraph
3645.9687,102312.8228,85484.1175,154.6635,0.0455,0.0004,0.0355,pathgraph
3646.9687,102313.8217,85484.1640,154.6990,0.0456,0.0003,0.0354,pathgraph
3647.9687,102314.8206,85484.2105,154.7344,0.0457,0.0002,0.0354,pathgraph
3648.9687,102315.8195,85484.2570,154.7698,0.0458,0.0001,0.0354,pathgraph
3649.9687,102316.8184,85484.3035,154.8053,0.0458,0.0000,0.0354,pathgraph
3650.9687,102317.8173,85484.3501,154.8407,0.0459,-0.0001,0.0353,pathgraph
3651.9687,102318.8163,85484.3966,154.8761,0.0460,-0.0001,0.0353,pathgraph
3652.9687,102319.8152,85484.4431,154.9116,0.0460,-0.0002,0.0353,pathgraph
3653.9687,102320.8141,85484.4896,154.9470,0.0461,-0.0003,0.0353,pathgraph
3654.9687,102321.8130,85484.5355,154.9822,0.0461,-0.0003,0.0352,pathgraph
3655.9686,102322.8120,85484.5809,155.0173,0.0461,-0.0003,0.0352,pathgraph
3656.9686,102323.8109,85484.6263,155.0524,0.0460,-0.0002,0.0351,pathgraph
3657.9686,102324.8099,85484.6717,155.0875,0.0460,-0.0001,0.0351,pathgraph
3658.9686,102325.8089,85484.7171,155.1226,0.0460,-0.0001,0.0350,pathgraph
3659.9686,102326.8078,85484.7625,155.1577,0.0459,0.0000,0.0350,pathgraph
3660.9686,102327.8068,85484.8079,155.1927,0.0459,0.0001,0.0350,pathgraph
3661.9686,102328.8057,85484.8533,155.2278,0.0459,0.0002,0.0349,pathgraph
3662.9686,102329.8047,85484.8986,155.2629,0.0458,0.0002,0.0349,pathgraph
3663.9686,102330.8037,85484.9441,155.2980,0.0458,0.0003,0.0348,pathgraph
3664.9686,102331.8026,85484.9902,155.3325,0.0459,0.0002,0.0347,pathgraph
3665.9686,102332.8015,85485.0363,155.3670,0.0461,0.0001,0.0347,pathgraph
3666.9686,102333.8005,85485.0824,155.4016,0.0462,0.0000,0.0346,pathgraph
3667.9686,102334.7994,85485.1285,155.4361,0.0462,-0.0000,0.0345,pathgraph
3668.9686,102335.7983,85485.1746,155.4707,0.0461,-0.0000,0.0345,pathgraph
3669.9685,102336.7972,85485.2207,155.5052,0.0461,-0.0001,0.0344,pathgraph
3670.9685,102337.7962,85485.2668,155.5398,0.0460,-0.0001,0.0344,pathgraph
3671.9685,102338.7951,85485.3129,155.5743,0.0460,-0.0001,0.0343,pathgraph
3672.9685,102339.7940,85485.3590,155.6089,0.0459,-0.0001,0.0342,pathgraph
3673.9685,102340.7930,85485.4046,155.6430,0.0458,-0.0001,0.0341,pathgraph
3674.9685,102341.7919,85485.4500,155.6768,0.0457,-0.0001,0.0340,pathgraph
3675.9685,102342.7909,85485.4953,155.7107,0.0456,-0.0001,0.0339,pathgraph
3676.9685,102343.7899,85485.5406,155.7445,0.0455,-0.0001,0.0339,pathgraph
3677.9685,102344.7888,85485.5859,155.7783,0.0454,-0.0001,0.0338,pathgraph
3678.9685,102345.7878,85485.6313,155.8121,0.0452,-0.0001,0.0337,pathgraph
3679.9685,102346.7868,85485.6766,155.8459,0.0451,-0.0001,0.0336,pathgraph
3680.9685,102347.7857,85485.7219,155.8798,0.0450,-0.0001,0.0335,pathgraph
3681.9685,102348.7847,85485.7672,155.9136,0.0449,-0.0001,0.0335,pathgraph
3682.9684,102349.7837,85485.8125,155.9473,0.0448,-0.0001,0.0333,pathgraph
3683.9684,102350.7827,85485.8573,155.9802,0.0448,-0.0001,0.0332,pathgraph
3684.9684,102351.7816,85485.9020,156.0131,0.0449,-0.0000,0.0331,pathgraph
3685.9684,102352.7806,85485.9467,156.0461,0.0449,-0.0000,0.0330,pathgraph
3686.9684,102353.7796,85485.9914,156.0790,0.0450,0.0000,0.0329,pathgraph
3687.9684,102354.7786,85486.0362,156.1119,0.0450,0.0001,0.0328,pathgraph
3688.9684,102355.7776,85486.0809,156.1448,0.0451,0.0001,0.0327,pathgraph
3689.9684,102356.7766,85486.1256,156.1777,0.0451,0.0001,0.0326,pathgraph
3690.9684,102357.7756,85486.1703,156.2106,0.0452,0.0002,0.0326,pathgraph
3691.9684,102358.7746,85486.2151,156.2435,0.0452,0.0002,0.0324,pathgraph
3692.9684,102359.7735,85486.2605,156.2758,0.0453,0.0002,0.0323,pathgraph
3693.9684,102360.7725,85486.3064,156.3077,0.0454,0.0002,0.0321,pathgraph
3694.9684,102361.7714,85486.3524,156.3395,0.0456,0.0002,0.0320,pathgraph
3695.9684,102362.7704,85486.3984,156.3713,0.0457,0.0001,0.0319,pathgraph
3696.9683,102363.7693,85486.4443,156.4032,0.0458,0.0001,0.0318,pathgraph
3697.9683,102364.7682,85486.4903,156.4350,0.0459,0.0001,0.0317,pathgraph
3698.9683,102365.7672,85486.5363,156.4668,0.0460,0.0001,0.0316,pathgraph
3699.9683,102366.7661,85486.5822,156.4987,0.0461,0.0001,0.0315,pathgraph
3700.9683,102367.7650,85486.6282,156.5305,0.0463,0.0000,0.0314,pathgraph
3701.9683,102368.7640,85486.6742,156.5623,0.0464,0.0000,0.0312,pathgraph
3702.9683,102369.7629,85486.7207,156.5929,0.0464,0.0000,0.0311,pathgraph
3703.9683,102370.7618,85486.7673,156.6236,0.0465,0.0000,0.0309,pathgraph
3704.9683,102371.7607,85486.8138,156.6542,0.0466,0.0000,0.0308,pathgraph
3705.9683,102372.7596,85486.8604,156.6848,0.0466,0.0001,0.0307,pathgraph
3706.9683,102373.7585,85486.9070,156.7155,0.0467,0.0001,0.0306,pathgraph
3707.9683,102374.7574,85486.9535,156.7461,0.0467,0.0001,0.0304,pathgraph
3708.9683,102375.7563,85487.0001,156.7768,0.0468,0.0001,0.0303,pathgraph
3709.9682,102376.7552,85487.0466,156.8074,0.0469,0.0001,0.0302,pathgraph
3710.9682,102377.7541,85487.0932,156.8380,0.0469,0.0001,0.0301,pathgraph
3711.9682,102378.7530,85487.1398,156.8679,0.0469,0.0001,0.0299,pathgraph
3712.9682,102379.7519,85487.1866,156.8973,0.0468,0.0000,0.0297,pathgraph
3713.9682,102380.7508,85487.2333,156.9266,0.0466,-0.0000,0.0296,pathgraph
3714.9682,102381.7497,85487.2800,156.9559,0.0465,-0.0001,0.0294,pathgraph
3715.9682,102382.7486,85487.3268,156.9852,0.0464,-0.0001,0.0293,pathgraph
3716.9682,102383.7475,85487.3735,157.0145,0.0462,-0.0002,0.0292,pathgraph
3717.9682,102384.7464,85487.4202,157.0439,0.0461,-0.0002,0.0291,pathgraph
3718.9682,102385.7453,85487.4669,157.0732,0.0460,-0.0003,0.0289,pathgraph
3719.9682,102386.7442,85487.5137,157.1025,0.0459,-0.0003,0.0288,pathgraph
3720.9682,102387.7432,85487.5603,157.1317,0.0457,-0.0003,0.0286,pathgraph
3721.9682,102388.7421,85487.6058,157.1596,0.0456,-0.0002,0.0284,pathgraph
3722.9681,102389.7411,85487.6512,157.1875,0.0454,-0.0001,0.0283,pathgraph
3723.9681,102390.7400,85487.6966,157.2154,0.0453,-0.0000,0.0281,pathgraph
3724.9681,102391.7390,85487.7420,157.2433,0.0454,0.0000,0.0280,pathgraph
3725.9681,102392.7380,85487.7875,157.2713,0.0455,0.0000,0.0278,pathgraph
3726.9681,102393.7369,85487.8329,157.2992,0.0455,0.0001,0.0277,pathgraph
3727.9681,102394.7359,85487.8783,157.3271,0.0456,0.0001,0.0276,pathgraph
3728.9681,102395.7348,85487.9237,157.3550,0.0456,0.0001,0.0274,pathgraph
3729.9681,102396.7338,85487.9692,157.3829,0.0457,0.0001,0.0273,pathgraph
3730.9681,102397.7327,85488.0148,157.4100,0.0457,0.0001,0.0271,pathgraph
3731.9681,102398.7317,85488.0606,157.4364,0.0458,0.0000,0.0269,pathgraph
3732.9681,102399.7306,85488.1064,157.4628,0.0458,-0.0000,0.0267,pathgraph
3733.9681,102400.7296,85488.1522,157.4893,0.0458,-0.0000,0.0266,pathgraph
3734.9681,102401.7285,85488.1980,157.5157,0.0459,-0.0000,0.0265,pathgraph
3735.9681,102402.7275,85488.2438,157.5421,0.0459,0.0000,0.0263,pathgraph
3736.9680,102403.7264,85488.2896,157.5686,0.0459,0.0000,0.0262,pathgraph
3737.9680,102404.7253,85488.3354,157.5950,0.0459,0.0000,0.0260,pathgraph
3738.9680,102405.7243,85488.3812,157.6214,0.0459,0.0000,0.0259,pathgraph
3739.9680,102406.7232,85488.4270,157.6478,0.0459,0.0000,0.0257,pathgraph
3740.9680,102407.7222,85488.4731,157.6727,0.0459,0.0000,0.0255,pathgraph
3741.9680,102408.7211,85488.5192,157.6976,0.0460,0.0000,0.0253,pathgraph
3742.9680,102409.7200,85488.5653,157.7226,0.0460,0.0000,0.0252,pathgraph
3743.9680,102410.7189,85488.6115,157.7475,0.0461,0.0001,0.0250,pathgraph
3744.9680,102411.7179,85488.6576,157.7724,0.0462,0.0001,0.0249,pathgraph
3745.9680,102412.7168,85488.7037,157.7974,0.0462,0.0001,0.0247,pathgraph
3746.9680,102413.7157,85488.7498,157.8223,0.0463,0.0001,0.0246,pathgraph
3747.9680,102414.7147,85488.7959,157.8472,0.0463,0.0001,0.0245,pathgraph
3748.9680,102415.7136,85488.8420,157.8722,0.0464,0.0001,0.0243,pathgraph
3749.9679,102416.7125,85488.8882,157.8962,0.0463,0.0000,0.0241,pathgraph
3750.9679,102417.7114,85488.9345,157.9197,0.0463,0.0000,0.0239,pathgraph
3751.9679,102418.7104,85488.9807,157.9431,0.0462,-0.0000,0.0237,pathgraph
3752.9679,102419.7093,85489.0270,157.9665,0.0462,-0.0000,0.0236,pathgraph
3753.9679,102420.7082,85489.0733,157.9899,0.0461,-0.0001,0.0234,pathgraph
3754.9679,102421.7071,85489.1196,158.0133,0.0461,-0.0001,0.0233,pathgraph
3755.9679,102422.7060,85489.1658,158.0367,0.0460,-0.0001,0.0232,pathgraph
3756.9679,102423.7050,85489.2121,158.0602,0.0459,-0.0001,0.0230,pathgraph
3757.9679,102424.7039,85489.2584,158.0836,0.0459,-0.0002,0.0229,pathgraph
3758.9679,102425.7028,85489.3046,158.1069,0.0458,-0.0002,0.0227,pathgraph
3759.9679,102426.7018,85489.3496,158.1288,0.0456,-0.0002,0.0225,pathgraph
3760.9679,102427.7008,85489.3946,158.1507,0.0455,-0.0002,0.0223,pathgraph
3761.9679,102428.6998,85489.4396,158.1727,0.0453,-0.0002,0.0222,pathgraph
3762.9679,102429.6987,85489.4846,158.1946,0.0451,-0.0002,0.0220,pathgraph
3763.9678,102430.6977,85489.5296,158.2165,0.0450,-0.0002,0.0219,pathgraph
3764.9678,102431.6967,85489.5746,158.2384,0.0448,-0.0002,0.0217,pathgraph
3765.9678,102432.6957,85489.6196,158.2603,0.0447,-0.0002,0.0216,pathgraph
3766.9678,102433.6946,85489.6646,158.2822,0.0445,-0.0002,0.0215,pathgraph
3767.9678,102434.6936,85489.7096,158.3042,0.0443,-0.0002,0.0213,pathgraph
3768.9678,102435.6926,85489.7543,158.3252,0.0443,-0.0001,0.0211,pathgraph
3769.9678,102436.6916,85489.7987,158.3457,0.0445,-0.0001,0.0209,pathgraph
3770.9678,102437.6906,85489.8431,158.3661,0.0446,0.0000,0.0208,pathgraph
3771.9678,102438.6896,85489.8875,158.3866,0.0447,0.0001,0.0206,pathgraph
3772.9678,102439.6886,85489.9319,158.4070,0.0449,0.0001,0.0205,pathgraph
3773.9678,102440.6877,85489.9763,158.4274,0.0450,0.0002,0.0203,pathgraph
3774.9678,102441.6867,85490.0207,158.4479,0.0451,0.0002,0.0202,pathgraph
3775.9678,102442.6857,85490.0651,158.4683,0.0453,0.0003,0.0201,pathgraph
3776.9677,102443.6847,85490.1096,158.4888,0.0454,0.0004,0.0199,pathgraph
3777.9677,102444.6837,85490.1541,158.5091,0.0455,0.0004,0.0197,pathgraph
3778.9677,102445.6826,85490.2006,158.5281,0.0456,0.0004,0.0195,pathgraph
3779.9677,102446.6815,85490.2472,158.5471,0.0458,0.0003,0.0194,pathgraph
3780.9677,102447.6804,85490.2937,158.5660,0.0459,0.0002,0.0192,pathgraph
3781.9677,102448.6793,85490.3402,158.5850,0.0460,0.0002,0.0191,pathgraph
3782.9677,102449.6782,85490.3868,158.6040,0.0461,0.0001,0.0189,pathgraph
3783.9677,102450.6771,85490.4333,158.6230,0.0462,0.0000,0.0188,pathgraph
3784.9677,102451.6760,85490.4798,158.6420,0.0463,-0.0001,0.0187,pathgraph
3785.9677,102452.6749,85490.5264,158.6609,0.0464,-0.0001,0.0185,pathgraph
3786.9677,102453.6739,85490.5729,158.6799,0.0465,-0.0002,0.0184,pathgraph
3787.9677,102454.6728,85490.6191,158.6981,0.0465,-0.0002,0.0181,pathgraph
3788.9677,102455.6717,85490.6650,158.7156,0.0464,-0.0002,0.0180,pathgraph
3789.9677,102456.6707,85490.7109,158.7332,0.0463,-0.0001,0.0178,pathgraph
3790.9676,102457.6696,85490.7568,158.7507,0.0462,-0.0001,0.0177,pathgraph
3791.9676,102458.6685,85490.8027,158.7682,0.0462,-0.0001,0.0176,pathgraph
3792.9676,102459.6675,85490.8486,158.7858,0.0461,-0.0001,0.0174,pathgraph
3793.9676,102460.6664,85490.8945,158.8033,0.0460,-0.0000,0.0173,pathgraph
3794.9676,102461.6653,85490.9405,158.8209,0.0459,-0.0000,0.0172,pathgraph
3795.9676,102462.6643,85490.9864,158.8384,0.0458,0.0000,0.0170,pathgraph
3796.9676,102463.6632,85491.0322,158.8558,0.0458,0.0001,0.0168,pathgraph
3797.9676,102464.6622,85491.0778,158.8720,0.0456,0.0000,0.0166,pathgraph
3798.9676,102465.6611,85491.1233,158.8881,0.0455,-0.0000,0.0165,pathgraph
3799.9676,102466.6601,85491.1688,158.9042,0.0454,-0.0000,0.0164,pathgraph
3800.9676,102467.6590,85491.2143,158.9204,0.0453,-0.0001,0.0162,pathgraph
3801.9676,102468.6580,85491.2598,158.9365,0.0452,-0.0001,0.0161,pathgraph
3802.9676,102469.6570,85491.3053,158.9526,0.0451,-0.0001,0.0160,pathgraph
3803.9675,102470.6559,85491.3508,158.9688,0.0450,-0.0002,0.0159,pathgraph
3804.9675,102471.6549,85491.3963,158.9849,0.0449,-0.0002,0.0157,pathgraph
3805.9675,102472.6538,85491.4418,159.0010,0.0448,-0.0002,0.0156,pathgraph
3806.9675,102473.6528,85491.4869,159.0164,0.0449,-0.0002,0.0154,pathgraph
3807.9675,102474.6518,85491.5317,159.0312,0.0450,-0.0001,0.0152,pathgraph
3808.9675,102475.6508,85491.5765,159.0460,0.0451,-0.0000,0.0151,pathgraph
3809.9675,102476.6498,85491.6212,159.0608,0.0453,0.0000,0.0150,pathgraph
3810.9675,102477.6488,85491.6660,159.0756,0.0454,0.0001,0.0149,pathgraph
3811.9675,102478.6478,85491.7108,159.0904,0.0455,0.0002,0.0147,pathgraph
3812.9675,102479.6467,85491.7555,159.1052,0.0457,0.0003,0.0146,pathgraph
3813.9675,102480.6457,85491.8003,159.1200,0.0458,0.0004,0.0145,pathgraph
3814.9675,102481.6447,85491.8451,159.1348,0.0460,0.0005,0.0144,pathgraph
3815.9675,102482.6437,85491.8900,159.1495,0.0461,0.0005,0.0142,pathgraph
3816.9674,102483.6426,85491.9372,159.1631,0.0462,0.0004,0.0141,pathgraph
3817.9674,102484.6415,85491.9844,159.1767,0.0463,0.0003,0.0139,pathgraph
3818.9674,102485.6403,85492.0316,159.1903,0.0463,0.0002,0.0138,pathgraph
3819.9674,102486.6392,85492.0788,159.2039,0.0464,0.0002,0.0137,pathgraph
3820.9674,102487.6381,85492.1259,159.2175,0.0465,0.0001,0.0136,pathgraph
3821.9674,102488.6370,85492.1731,159.2311,0.0466,-0.0000,0.0135,pathgraph
3822.9674,102489.6359,85492.2203,159.2447,0.0467,-0.0001,0.0134,pathgraph
3823.9674,102490.6347,85492.2675,159.2583,0.0467,-0.0002,0.0133,pathgraph
3824.9674,102491.6336,85492.3147,159.2719,0.0468,-0.0003,0.0132,pathgraph
3825.9674,102492.6325,85492.3614,159.2850,0.0468,-0.0003,0.0130,pathgraph
3826.9674,102493.6314,85492.4078,159.2975,0.0467,-0.0002,0.0129,pathgraph
3827.9674,102494.6304,85492.4541,159.3101,0.0467,-0.0001,0.0128,pathgraph
3828.9674,102495.6293,85492.5005,159.3227,0.0466,-0.0000,0.0128,pathgraph
3829.9674,102496.6282,85492.5468,159.3353,0.0465,0.0001,0.0127,pathgraph
3830.9673,102497.6271,85492.5932,159.3479,0.0464,0.0002,0.0126,pathgraph
3831.9673,102498.6260,85492.6395,159.3605,0.0463,-0.0000,0.0125,pathgraph
3832.9673,102499.6249,85492.6859,159.3731,0.0461,-0.0002,0.0124,pathgraph
3833.9673,102500.6239,85492.7322,159.3857,0.0459,-0.0003,0.0123,pathgraph
3834.9673,102501.6228,85492.7784,159.3982,0.0458,-0.0005,0.0122,pathgraph
3835.9673,102502.6218,85492.8230,159.4100,0.0457,-0.0004,0.0121,pathgraph
3836.9673,102503.6208,85492.8675,159.4218,0.0455,-0.0003,0.0120,pathgraph
3837.9673,102504.6198,85492.9120,159.4336,0.0454,-0.0003,0.0120,pathgraph
3838.9673,102505.6188,85492.9566,159.4454,0.0453,-0.0002,0.0119,pathgraph
3839.9673,102506.6178,85493.0011,159.4572,0.0452,-0.0001,0.0119,pathgraph
3840.9673,102507.6168,85493.0456,159.4691,0.0450,-0.0000,0.0118,pathgraph
3841.9673,102508.6158,85493.0901,159.4809,0.0449,0.0001,0.0117,pathgraph
3842.9673,102509.6148,85493.1347,159.4927,0.0448,0.0002,0.0117,pathgraph
3843.9672,102510.6138,85493.1792,159.5045,0.0447,0.0002,0.0116,pathgraph
3844.9672,102511.6128,85493.2242,159.5160,0.0447,0.0003,0.0115,pathgraph
3845.9672,102512.6117,85493.2696,159.5273,0.0448,0.0002,0.0115,pathgraph
3846.9672,102513.6107,85493.3150,159.5386,0.0449,0.0002,0.0114,pathgraph
3847.9672,102514.6096,85493.3605,159.5498,0.0450,0.0002,0.0114,pathgraph
3848.9672,102515.6086,85493.4059,159.5611,0.0452,0.0001,0.0113,pathgraph
3849.9672,102516.6076,85493.4513,159.5724,0.0453,0.0001,0.0113,pathgraph
3850.9672,102517.6065,85493.4967,159.5837,0.0454,0.0001,0.0113,pathgraph
3851.9672,102518.6055,85493.5421,159.5950,0.0455,0.0000,0.0112,pathgraph
3852.9672,102519.6045,85493.5875,159.6062,0.0456,-0.0000,0.0112,pathgraph
3853.9672,102520.6034,85493.6330,159.6175,0.0457,-0.0000,0.0111,pathgraph
3854.9672,102521.6024,85493.6783,159.6285,0.0457,-0.0000,0.0111,pathgraph
3855.9672,102522.6013,85493.7237,159.6394,0.0456,-0.0001,0.0111,pathgraph
3856.9672,102523.6003,85493.7691,159.6504,0.0455,-0.0001,0.0110,pathgraph
3857.9671,102524.5993,85493.8145,159.6613,0.0454,-0.0001,0.0110,pathgraph
3858.9671,102525.5982,85493.8599,159.6723,0.0453,-0.0001,0.0110,pathgraph
3859.9671,102526.5972,85493.9053,159.6833,0.0452,-0.0001,0.0110,pathgraph
3860.9671,102527.5961,85493.9507,159.6942,0.0451,-0.0001,0.0109,pathgraph
3861.9671,102528.5951,85493.9961,159.7052,0.0450,-0.0001,0.0109,pathgraph
3862.9671,102529.5941,85494.0415,159.7161,0.0450,-0.0001,0.0109,pathgraph
3863.9671,102530.5930,85494.0866,159.7270,0.0450,-0.0001,0.0109,pathgraph
3864.9671,102531.5920,85494.1315,159.7377,0.0450,-0.0001,0.0108,pathgraph
3865.9671,102532.5910,85494.1764,159.7485,0.0451,-0.0000,0.0108,pathgraph
3866.9671,102533.5900,85494.2213,159.7593,0.0452,0.0000,0.0108,pathgraph
3867.9671,102534.5890,85494.2662,159.7700,0.0452,0.0001,0.0108,pathgraph
3868.9671,102535.5880,85494.3111,159.7808,0.0453,0.0001,0.0108,pathgraph
3869.9671,102536.5869,85494.3560,159.7916,0.0454,0.0001,0.0107,pathgraph
3870.9670,102537.5859,85494.4009,159.8023,0.0454,0.0002,0.0107,pathgraph
3871.9670,102538.5849,85494.4459,159.8131,0.0455,0.0002,0.0107,pathgraph
3872.9670,102539.5839,85494.4908,159.8238,0.0456,0.0003,0.0107,pathgraph
3873.9670,102540.5828,85494.5368,159.8344,0.0456,0.0002,0.0106,pathgraph
3874.9670,102541.5818,85494.5828,159.8450,0.0456,0.0002,0.0106,pathgraph
3875.9670,102542.5807,85494.6288,159.8556,0.0456,0.0001,0.0106,pathgraph
3876.9670,102543.5796,85494.6748,159.8662,0.0456,0.0000,0.0106,pathgraph
3877.9670,102544.5786,85494.7208,159.8768,0.0456,-0.0000,0.0106,pathgraph
3878.9670,102545.5775,85494.7668,159.8873,0.0456,-0.0001,0.0105,pathgraph
3879.9670,102546.5764,85494.8128,159.8979,0.0456,-0.0001,0.0105,pathgraph
3880.9670,102547.5754,85494.8588,159.9085,0.0455,-0.0002,0.0105,pathgraph
3881.9670,102548.5743,85494.9048,159.9191,0.0455,-0.0003,0.0105,pathgraph
3882.9670,102549.5733,85494.9502,159.9295,0.0455,-0.0003,0.0104,pathgraph
3883.9669,102550.5722,85494.9952,159.9399,0.0455,-0.0002,0.0104,pathgraph
3884.9669,102551.5712,85495.0401,159.9502,0.0455,-0.0001,0.0104,pathgraph
3885.9669,102552.5702,85495.0851,159.9606,0.0454,-0.0001,0.0104,pathgraph
3886.9669,102553.5692,85495.1301,159.9709,0.0454,-0.0000,0.0103,pathgraph
3887.9669,102554.5682,85495.1750,159.9812,0.0454,0.0000,0.0103,pathgraph
3888.9669,102555.5671,85495.2200,159.9916,0.0453,0.0001,0.0103,pathgraph
3889.9669,102556.5661,85495.2650,160.0019,0.0453,0.0001,0.0102,pathgraph
3890.9669,102557.5651,85495.3099,160.0123,0.0453,0.0002,0.0102,pathgraph
3891.9669,102558.5641,85495.3549,160.0226,0.0452,0.0002,0.0102,pathgraph
3892.9669,102559.5630,85495.4006,160.0326,0.0453,0.0002,0.0101,pathgraph
3893.9669,102560.5620,85495.4463,160.0426,0.0453,0.0001,0.0101,pathgraph
3894.9669,102561.5609,85495.4920,160.0526,0.0454,0.0001,0.0101,pathgraph
3895.9669,102562.5599,85495.5377,160.0627,0.0454,0.0001,0.0100,pathgraph
3896.9669,102563.5588,85495.5835,160.0727,0.0455,0.0000,0.0100,pathgraph
3897.9668,102564.5578,85495.6292,160.0827,0.0455,-0.0000,0.0100,pathgraph
3898.9668,102565.5567,85495.6749,160.0927,0.0456,-0.0000,0.0099,pathgraph
3899.9668,102566.5557,85495.7206,160.1028,0.0456,-0.0001,0.0099,pathgraph
3900.9668,102567.5546,85495.7663,160.1128,0.0456,-0.0001,0.0099,pathgraph
3901.9668,102568.5536,85495.8118,160.1226,0.0457,-0.0001,0.0098,pathgraph
3902.9668,102569.5525,85495.8573,160.1323,0.0457,-0.0001,0.0098,pathgraph
3903.9668,102570.5515,85495.9027,160.1420,0.0457,-0.0001,0.0097,pathgraph
3904.9668,102571.5505,85495.9482,160.1516,0.0457,-0.0000,0.0097,pathgraph
3905.9668,102572.5494,85495.9936,160.1613,0.0457,-0.0000,0.0097,pathgraph
3906.9668,102573.5484,85496.0391,160.1710,0.0457,0.0000,0.0096,pathgraph
3907.9668,102574.5473,85496.0845,160.1806,0.0457,0.0000,0.0096,pathgraph
3908.9668,102575.5463,85496.1300,160.1903,0.0457,0.0001,0.0096,pathgraph
3909.9668,102576.5452,85496.1754,160.2000,0.0456,0.0001,0.0095,pathgraph
3910.9667,102577.5442,85496.2209,160.2096,0.0456,0.0001,0.0095,pathgraph
3911.9667,102578.5431,85496.2666,160.2189,0.0456,0.0001,0.0095,pathgraph
3912.9667,102579.5421,85496.3124,160.2283,0.0456,0.0001,0.0094,pathgraph
3913.9667,102580.5410,85496.3582,160.2376,0.0456,0.0000,0.0094,pathgraph
3914.9667,102581.5400,85496.4040,160.2469,0.0456,0.0000,0.0094,pathgraph
3915.9667,102582.5389,85496.4498,160.2562,0.0456,-0.0000,0.0093,pathgraph
3916.9667,102583.5379,85496.4956,160.2656,0.0456,-0.0000,0.0093,pathgraph
3917.9667,102584.5368,85496.5413,160.2749,0.0456,-0.0001,0.0093,pathgraph
3918.9667,102585.5358,85496.5871,160.2842,0.0455,-0.0001,0.0092,pathgraph
3919.9667,102586.5347,85496.6329,160.2935,0.0455,-0.0001,0.0092,pathgraph
3920.9667,102587.5337,85496.6784,160.3027,0.0455,-0.0001,0.0091,pathgraph
3921.9667,102588.5326,85496.7237,160.3117,0.0455,-0.0001,0.0091,pathgraph
3922.9667,102589.5316,85496.7690,160.3207,0.0454,-0.0001,0.0091,pathgraph
3923.9667,102590.5306,85496.8143,160.3297,0.0454,-0.0000,0.0090,pathgraph
3924.9666,102591.5295,85496.8596,160.3387,0.0454,0.0000,0.0090,pathgraph
3925.9666,102592.5285,85496.9049,160.3477,0.0453,0.0000,0.0090,pathgraph
3926.9666,102593.5275,85496.9502,160.3567,0.0453,0.0000,0.0090,pathgraph
3927.9666,102594.5264,85496.9954,160.3657,0.0453,-0.0000,0.0089,pathgraph
3928.9666,102595.5254,85497.0407,160.3747,0.0452,-0.0001,0.0089,pathgraph
3929.9666,102596.5244,85497.0860,160.3837,0.0452,-0.0001,0.0089,pathgraph
3930.9666,102597.5233,85497.1313,160.3924,0.0453,-0.0001,0.0088,pathgraph
3931.9666,102598.5223,85497.1765,160.4011,0.0454,-0.0000,0.0088,pathgraph
3932.9666,102599.5213,85497.2218,160.4098,0.0455,0.0000,0.0088,pathgraph
3933.9666,102600.5202,85497.2670,160.4185,0.0456,0.0001,0.0087,pathgraph
3934.9666,102601.5192,85497.3123,160.4273,0.0457,0.0001,0.0087,pathgraph
3935.9666,102602.5182,85497.3575,160.4360,0.0458,0.0002,0.0087,pathgraph
3936.9666,102603.5171,85497.4028,160.4447,0.0459,0.0002,0.0087,pathgraph
3937.9665,102604.5161,85497.4480,160.4534,0.0460,0.0003,0.0086,pathgraph
3938.9665,102605.5151,85497.4932,160.4621,0.0461,0.0003,0.0086,pathgraph
3939.9665,102606.5140,85497.5392,160.4707,0.0461,0.0003,0.0086,pathgraph
3940.9665,102607.5129,85497.5857,160.4791,0.0461,0.0002,0.0085,pathgraph
3941.9665,102608.5118,85497.6322,160.4876,0.0460,0.0001,0.0085,pathgraph
3942.9665,102609.5107,85497.6788,160.4960,0.0459,0.0000,0.0085,pathgraph
3943.9665,102610.5096,85497.7253,160.5045,0.0459,-0.0000,0.0085,pathgraph
3944.9665,102611.5086,85497.7718,160.5129,0.0458,-0.0001,0.0084,pathgraph
3945.9665,102612.5075,85497.8183,160.5213,0.0458,-0.0002,0.0084,pathgraph
3946.9665,102613.5064,85497.8648,160.5298,0.0457,-0.0003,0.0084,pathgraph
3947.9665,102614.5053,85497.9113,160.5382,0.0456,-0.0004,0.0084,pathgraph
3948.9665,102615.5042,85497.9578,160.5467,0.0456,-0.0005,0.0083,pathgraph
3949.9665,102616.5032,85498.0026,160.5549,0.0456,-0.0004,0.0083,pathgraph
3950.9665,102617.5022,85498.0475,160.5631,0.0456,-0.0003,0.0083,pathgraph
3951.9664,102618.5012,85498.0924,160.5713,0.0457,-0.0002,0.0082,pathgraph
3952.9664,102619.5001,85498.1373,160.5795,0.0457,-0.0000,0.0082,pathgraph
3953.9664,102620.4991,85498.1821,160.5876,0.0457,0.0001,0.0082,pathgraph
3954.9664,102621.4981,85498.2270,160.5958,0.0457,0.0002,0.0082,pathgraph
3955.9664,102622.4971,85498.2719,160.6040,0.0458,0.0003,0.0082,pathgraph
3956.9664,102623.4961,85498.3167,160.6122,0.0458,0.0004,0.0081,pathgraph
3957.9664,102624.4951,85498.3616,160.6204,0.0458,0.0005,0.0081,pathgraph
3958.9664,102625.4940,85498.4076,160.6285,0.0460,0.0005,0.0081,pathgraph
3959.9664,102626.4929,85498.4544,160.6365,0.0462,0.0004,0.0080,pathgraph
3960.9664,102627.4918,85498.5012,160.6444,0.0464,0.0003,0.0080,pathgraph
3961.9664,102628.4907,85498.5480,160.6524,0.0466,0.0002,0.0080,pathgraph
3962.9664,102629.4896,85498.5948,160.6604,0.0468,0.0001,0.0080,pathgraph
3963.9664,102630.4885,85498.6416,160.6684,0.0470,-0.0000,0.0080,pathgraph
3964.9663,102631.4874,85498.6884,160.6763,0.0470,-0.0001,0.0080,pathgraph
3965.9663,102632.4863,85498.7353,160.6843,0.0468,-0.0003,0.0079,pathgraph
3966.9663,102633.4852,85498.7821,160.6923,0.0465,-0.0004,0.0079,pathgraph
3967.9663,102634.4841,85498.8288,160.7002,0.0463,-0.0005,0.0079,pathgraph
3968.9663,102635.4830,85498.8740,160.7080,0.0462,-0.0004,0.0079,pathgraph
3969.9663,102636.4820,85498.9192,160.7159,0.0461,-0.0003,0.0079,pathgraph
3970.9663,102637.4810,85498.9644,160.7237,0.0460,-0.0002,0.0079,pathgraph
3971.9663,102638.4800,85499.0096,160.7315,0.0459,-0.0001,0.0078,pathgraph
3972.9663,102639.4789,85499.0548,160.7393,0.0458,-0.0001,0.0078,pathgraph
3973.9663,102640.4779,85499.1000,160.7471,0.0457,0.0000,0.0078,pathgraph
3974.9663,102641.4769,85499.1452,160.7549,0.0456,0.0001,0.0078,pathgraph
3975.9663,102642.4758,85499.1904,160.7627,0.0455,0.0002,0.0078,pathgraph
3976.9663,102643.4748,85499.2356,160.7705,0.0454,0.0003,0.0078,pathgraph
3977.9662,102644.4738,85499.2810,160.7783,0.0454,0.0002,0.0078,pathgraph
3978.9662,102645.4727,85499.3267,160.7861,0.0453,0.0002,0.0078,pathgraph
3979.9662,102646.4717,85499.3724,160.7938,0.0453,0.0001,0.0078,pathgraph
3980.9662,102647.4706,85499.4181,160.8016,0.0452,0.0000,0.0078,pathgraph
3981.9662,102648.4696,85499.4638,160.8093,0.0451,-0.0000,0.0078,pathgraph
3982.9662,102649.4685,85499.5094,160.8170,0.0451,-0.0001,0.0078,pathgraph
3983.9662,102650.4675,85499.5551,160.8248,0.0450,-0.0002,0.0078,pathgraph
3984.9662,102651.4664,85499.6008,160.8325,0.0450,-0.0003,0.0078,pathgraph
3985.9662,102652.4654,85499.6465,160.8403,0.0449,-0.0003,0.0078,pathgraph
3986.9662,102653.4643,85499.6921,160.8480,0.0448,-0.0004,0.0078,pathgraph
3987.9662,102654.4633,85499.7362,160.8558,0.0448,-0.0003,0.0078,pathgraph
3988.9662,102655.4623,85499.7803,160.8636,0.0448,-0.0002,0.0078,pathgraph
3989.9662,102656.4614,85499.8244,160.8713,0.0448,-0.0002,0.0078,pathgraph
3990.9662,102657.4604,85499.8685,160.8791,0.0448,-0.0001,0.0078,pathgraph
3991.9661,102658.4594,85499.9127,160.8869,0.0448,0.0000,0.0078,pathgraph
3992.9661,102659.4584,85499.9568,160.8946,0.0448,0.0001,0.0078,pathgraph
3993.9661,102660.4574,85500.0009,160.9024,0.0447,0.0002,0.0078,pathgraph
3994.9661,102661.4565,85500.0450,160.9102,0.0447,0.0003,0.0078,pathgraph
3995.9661,102662.4555,85500.0892,160.9180,0.0447,0.0003,0.0078,pathgraph
3996.9661,102663.4545,85500.1341,160.9258,0.0447,0.0003,0.0078,pathgraph
3997.9661,102664.4534,85500.1797,160.9337,0.0448,0.0003,0.0079,pathgraph
3998.9661,102665.4524,85500.2253,160.9415,0.0449,0.0002,0.0079,pathgraph
3999.9661,102666.4513,85500.2708,160.9494,0.0450,0.0002,0.0079,pathgraph
4000.9661,102667.4503,85500.3164,160.9573,0.0451,0.0001,0.0079,pathgraph
4001.9661,102668.4492,85500.3620,160.9652,0.0452,0.0000,0.0079,pathgraph
4002.9661,102669.4482,85500.4076,160.9731,0.0453,-0.0000,0.0079,pathgraph
4003.9661,102670.4471,85500.4531,160.9810,0.0454,-0.0001,0.0079,pathgraph
4004.9660,102671.4461,85500.4987,160.9888,0.0455,-0.0001,0.0080,pathgraph
4005.9660,102672.4450,85500.5443,160.9967,0.0456,-0.0002,0.0080,pathgraph
4006.9660,102673.4440,85500.5894,161.0048,0.0455,-0.0002,0.0080,pathgraph
4007.9660,102674.4430,85500.6345,161.0129,0.0455,-0.0001,0.0080,pathgraph
4008.9660,102675.4420,85500.6796,161.0209,0.0454,-0.0001,0.0080,pathgraph
4009.9660,102676.4409,85500.7247,161.0290,0.0454,-0.0001,0.0081,pathgraph
4010.9660,102677.4399,85500.7698,161.0370,0.0454,-0.0000,0.0081,pathgraph
4011.9660,102678.4389,85500.8149,161.0451,0.0453,-0.0000,0.0081,pathgraph
4012.9660,102679.4379,85500.8600,161.0532,0.0453,0.0000,0.0081,pathgraph
4013.9660,102680.4368,85500.9051,161.0612,0.0452,0.0000,0.0082,pathgraph
4014.9660,102681.4358,85500.9502,161.0693,0.0452,0.0001,0.0082,pathgraph
4015.9660,102682.4348,85500.9954,161.0775,0.0452,0.0001,0.0082,pathgraph
4016.9660,102683.4338,85501.0407,161.0858,0.0452,0.0001,0.0082,pathgraph
4017.9660,102684.4327,85501.0860,161.0941,0.0452,0.0001,0.0083,pathgraph
4018.9659,102685.4317,85501.1313,161.1024,0.0452,0.0000,0.0083,pathgraph
4019.9659,102686.4307,85501.1765,161.1106,0.0452,0.0000,0.0083,pathgraph
4020.9659,102687.4296,85501.2218,161.1189,0.0452,0.0000,0.0083,pathgraph
4021.9659,102688.4286,85501.2671,161.1272,0.0452,0.0001,0.0084,pathgraph
4022.9659,102689.4276,85501.3123,161.1355,0.0455,0.0006,0.0084,pathgraph
4023.9659,102690.4265,85501.3590,161.1439,0.0458,0.0007,0.0084,pathgraph
4024.9659,102691.4253,85501.4068,161.1525,0.0460,0.0006,0.0085,pathgraph
4025.9659,102692.4242,85501.4546,161.1610,0.0462,0.0004,0.0085,pathgraph
4026.9659,102693.4230,85501.5024,161.1696,0.0464,0.0003,0.0085,pathgraph
4027.9659,102694.4219,85501.5502,161.1781,0.0466,0.0002,0.0086,pathgraph
4028.9659,102695.4207,85501.5980,161.1867,0.0468,0.0000,0.0086,pathgraph
4029.9659,102696.4196,85501.6458,161.1952,0.0470,-0.0001,0.0086,pathgraph
4030.9659,102697.4184,85501.6936,161.2038,0.0472,-0.0002,0.0087,pathgraph
4031.9658,102698.4173,85501.7414,161.2123,0.0474,-0.0004,0.0087,pathgraph
4032.9658,102699.4161,85501.7891,161.2209,0.0476,-0.0005,0.0087,pathgraph
4033.9658,102700.4150,85501.8352,161.2298,0.0474,-0.0004,0.0088,pathgraph
4034.9658,102701.4140,85501.8814,161.2387,0.0472,-0.0004,0.0088,pathgraph
4035.9658,102702.4129,85501.9275,161.2476,0.0470,-0.0003,0.0088,pathgraph
4036.9658,102703.4118,85501.9736,161.2565,0.0467,-0.0003,0.0089,pathgraph
4037.9658,102704.4108,85502.0197,161.2653,0.0465,-0.0002,0.0089,pathgraph
4038.9658,102705.4097,85502.0658,161.2742,0.0463,-0.0001,0.0089,pathgraph
4039.9658,102706.4086,85502.1119,161.2831,0.0461,-0.0001,0.0090,pathgraph
4040.9658,102707.4075,85502.1580,161.2920,0.0459,-0.0000,0.0090,pathgraph
4041.9658,102708.4065,85502.2041,161.3009,0.0456,0.0000,0.0090,pathgraph
4042.9658,102709.4054,85502.2501,161.3100,0.0456,0.0001,0.0091,pathgraph
4043.9658,102710.4043,85502.2959,161.3192,0.0456,0.0001,0.0091,pathgraph
4044.9657,102711.4033,85502.3417,161.3285,0.0457,0.0001,0.0092,pathgraph
4045.9657,102712.4022,85502.3875,161.3377,0.0457,0.0001,0.0092,pathgraph
4046.9657,102713.4012,85502.4333,161.3469,0.0458,0.0001,0.0092,pathgraph
4047.9657,102714.4001,85502.4791,161.3562,0.0458,0.0000,0.0093,pathgraph
4048.9657,102715.3991,85502.5250,161.3654,0.0459,0.0000,0.0093,pathgraph
4049.9657,102716.3980,85502.5708,161.3747,0.0460,0.0000,0.0093,pathgraph
4050.9657,102717.3969,85502.6166,161.3839,0.0460,0.0000,0.0094,pathgraph
4051.9657,102718.3959,85502.6624,161.3932,0.0461,0.0000,0.0094,pathgraph
4052.9657,102719.3948,85502.7088,161.4027,0.0461,0.0000,0.0095,pathgraph
4053.9657,102720.3937,85502.7551,161.4123,0.0462,0.0001,0.0095,pathgraph
4054.9657,102721.3926,85502.8014,161.4219,0.0463,0.0001,0.0095,pathgraph
4055.9657,102722.3916,85502.8478,161.4315,0.0464,0.0001,0.0096,pathgraph
4056.9657,102723.3905,85502.8941,161.4411,0.0464,0.0001,0.0096,pathgraph
4057.9657,102724.3894,85502.9404,161.4507,0.0465,0.0001,0.0096,pathgraph
4058.9656,102725.3883,85502.9868,161.4603,0.0466,0.0001,0.0097,pathgraph
4059.9656,102726.3872,85503.0331,161.4698,0.0467,0.0001,0.0097,pathgraph
4060.9656,102727.3862,85503.0794,161.4794,0.0467,0.0001,0.0097,pathgraph
4061.9656,102728.3851,85503.1260,161.4892,0.0467,0.0001,0.0098,pathgraph
4062.9656,102729.3840,85503.1727,161.4991,0.0467,0.0001,0.0098,pathgraph
4063.9656,102730.3829,85503.2194,161.5090,0.0466,0.0000,0.0098,pathgraph
4064.9656,102731.3818,85503.2661,161.5189,0.0465,-0.0000,0.0099,pathgraph
4065.9656,102732.3807,85503.3129,161.5289,0.0465,-0.0001,0.0099,pathgraph
4066.9656,102733.3796,85503.3596,161.5388,0.0464,-0.0001,0.0099,pathgraph
4067.9656,102734.3785,85503.4063,161.5487,0.0463,-0.0001,0.0099,pathgraph
4068.9656,102735.3774,85503.4530,161.5586,0.0463,-0.0002,0.0100,pathgraph
4069.9656,102736.3763,85503.4998,161.5685,0.0462,-0.0002,0.0100,pathgraph
4070.9656,102737.3752,85503.5464,161.5784,0.0461,-0.0002,0.0100,pathgraph
4071.9655,102738.3741,85503.5919,161.5886,0.0460,-0.0002,0.0101,pathgraph
4072.9655,102739.3731,85503.6373,161.5988,0.0460,-0.0002,0.0101,pathgraph
4073.9655,102740.3720,85503.6827,161.6090,0.0459,-0.0001,0.0101,pathgraph
4074.9655,102741.3710,85503.7282,161.6192,0.0458,-0.0001,0.0101,pathgraph
4075.9655,102742.3700,85503.7736,161.6294,0.0457,-0.0001,0.0102,pathgraph
4076.9655,102743.3689,85503.8191,161.6395,0.0456,-0.0000,0.0102,pathgraph
4077.9655,102744.3679,85503.8645,161.6497,0.0455,-0.0000,0.0102,pathgraph
4078.9655,102745.3668,85503.9099,161.6599,0.0454,0.0000,0.0102,pathgraph
4079.9655,102746.3658,85503.9554,161.6701,0.0453,0.0000,0.0103,pathgraph
4080.9655,102747.3648,85504.0008,161.6804,0.0453,0.0001,0.0103,pathgraph
4081.9655,102748.3637,85504.0462,161.6908,0.0453,0.0000,0.0103,pathgraph
4082.9655,102749.3627,85504.0916,161.7011,0.0453,0.0000,0.0103,pathgraph
4083.9655,102750.3616,85504.1370,161.7115,0.0453,0.0000,0.0103,pathgraph
4084.9655,102751.3606,85504.1824,161.7219,0.0453,0.0000,0.0103,pathgraph
4085.9654,102752.3596,85504.2278,161.7322,0.0453,0.0000,0.0103,pathgraph
4086.9654,102753.3585,85504.2732,161.7426,0.0453,-0.0000,0.0104,pathgraph
4087.9654,102754.3575,85504.3185,161.7530,0.0454,-0.0000,0.0104,pathgraph
4088.9654,102755.3565,85504.3639,161.7633,0.0454,-0.0000,0.0104,pathgraph
4089.9654,102756.3554,85504.4094,161.7737,0.0454,-0.0000,0.0104,pathgraph
4090.9654,102757.3544,85504.4551,161.7842,0.0455,0.0000,0.0104,pathgraph
4091.9654,102758.3533,85504.5009,161.7946,0.0457,0.0000,0.0104,pathgraph
4092.9654,102759.3523,85504.5467,161.8050,0.0458,0.0001,0.0104,pathgraph
4093.9654,102760.3512,85504.5925,161.8155,0.0460,0.0001,0.0104,pathgraph
4094.9654,102761.3501,85504.6383,161.8259,0.0462,0.0002,0.0104,pathgraph
4095.9654,102762.3491,85504.6840,161.8364,0.0463,0.0002,0.0104,pathgraph
4096.9654,102763.3480,85504.7298,161.8468,0.0465,0.0002,0.0104,pathgraph
4097.9654,102764.3470,85504.7756,161.8572,0.0466,0.0003,0.0104,pathgraph
4098.9653,102765.3459,85504.8214,161.8677,0.0468,0.0003,0.0104,pathgraph
4099.9653,102766.3448,85504.8680,161.8781,0.0468,0.0003,0.0104,pathgraph
4100.9653,102767.3437,85504.9153,161.8885,0.0468,0.0002,0.0104,pathgraph
4101.9653,102768.3426,85504.9626,161.8988,0.0468,0.0001,0.0104,pathgraph
4102.9653,102769.3414,85505.0099,161.9092,0.0468,0.0001,0.0103,pathgraph
4103.9653,102770.3403,85505.0572,161.9196,0.0467,-0.0000,0.0103,pathgraph
4104.9653,102771.3392,85505.1045,161.9299,0.0467,-0.0001,0.0103,pathgraph
4105.9653,102772.3381,85505.1518,161.9403,0.0467,-0.0002,0.0103,pathgraph
4106.9653,102773.3369,85505.1991,161.9507,0.0467,-0.0002,0.0103,pathgraph
4107.9653,102774.3358,85505.2464,161.9610,0.0467,-0.0003,0.0103,pathgraph
4108.9653,102775.3347,85505.2936,161.9714,0.0467,-0.0004,0.0102,pathgraph
4109.9653,102776.3336,85505.3396,161.9815,0.0465,-0.0003,0.0102,pathgraph
4110.9653,102777.3326,85505.3855,161.9917,0.0464,-0.0002,0.0102,pathgraph
4111.9652,102778.3315,85505.4314,162.0018,0.0463,-0.0002,0.0101,pathgraph
4112.9652,102779.3304,85505.4773,162.0119,0.0462,-0.0001,0.0101,pathgraph
4113.9652,102780.3294,85505.5232,162.0221,0.0460,-0.0000,0.0101,pathgraph
4114.9652,102781.3283,85505.5691,162.0322,0.0459,0.0000,0.0101,pathgraph
4115.9652,102782.3272,85505.6150,162.0423,0.0458,0.0001,0.0100,pathgraph
4116.9652,102783.3262,85505.6609,162.0525,0.0459,0.0001,0.0100,pathgraph
4117.9652,102784.3251,85505.7068,162.0626,0.0460,0.0001,0.0100,pathgraph
4118.9652,102785.3240,85505.7531,162.0725,0.0461,0.0001,0.0099,pathgraph
4119.9652,102786.3230,85505.7996,162.0823,0.0462,0.0001,0.0099,pathgraph
4120.9652,102787.3219,85505.8461,162.0920,0.0463,0.0001,0.0098,pathgraph
4121.9652,102788.3208,85505.8926,162.1018,0.0464,0.0001,0.0098,pathgraph
4122.9652,102789.3197,85505.9391,162.1115,0.0465,0.0001,0.0097,pathgraph
4123.9652,102790.3186,85505.9856,162.1213,0.0466,0.0001,0.0097,pathgraph
4124.9652,102791.3175,85506.0321,162.1310,0.0467,0.0001,0.0096,pathgraph
4125.9651,102792.3164,85506.0786,162.1408,0.0469,0.0001,0.0096,pathgraph
4126.9651,102793.3153,85506.1251,162.1506,0.0470,0.0001,0.0096,pathgraph
4127.9651,102794.3142,85506.1716,162.1603,0.0471,0.0001,0.0095,pathgraph
4128.9651,102795.3131,85506.2191,162.1695,0.0471,0.0001,0.0094,pathgraph
4129.9651,102796.3120,85506.2665,162.1788,0.0472,0.0001,0.0094,pathgraph
4130.9651,102797.3108,85506.3140,162.1881,0.0473,0.0001,0.0093,pathgraph
4131.9651,102798.3097,85506.3614,162.1973,0.0473,0.0001,0.0093,pathgraph
4132.9651,102799.3086,85506.4089,162.2066,0.0474,0.0001,0.0092,pathgraph
4133.9651,102800.3074,85506.4563,162.2158,0.0474,0.0000,0.0092,pathgraph
4134.9651,102801.3063,85506.5038,162.2251,0.0475,0.0000,0.0091,pathgraph
4135.9651,102802.3052,85506.5512,162.2344,0.0475,0.0000,0.0091,pathgraph
4136.9651,102803.3040,85506.5987,162.2436,0.0476,-0.0000,0.0090,pathgraph
4137.9651,102804.3029,85506.6460,162.2526,0.0476,-0.0000,0.0089,pathgraph
4138.9650,102805.3018,85506.6931,162.2613,0.0474,-0.0001,0.0089,pathgraph
4139.9650,102806.3007,85506.7403,162.2700,0.0473,-0.0001,0.0088,pathgraph
4140.9650,102807.2996,85506.7875,162.2787,0.0472,-0.0001,0.0088,pathgraph
4141.9650,102808.2984,85506.8347,162.2874,0.0470,-0.0001,0.0087,pathgraph
4142.9650,102809.2973,85506.8819,162.2961,0.0469,-0.0002,0.0087,pathgraph
4143.9650,102810.2962,85506.9290,162.3048,0.0468,-0.0002,0.0086,pathgraph
4144.9650,102811.2951,85506.9762,162.3135,0.0466,-0.0002,0.0085,pathgraph
4145.9650,102812.2939,85507.0234,162.3223,0.0465,-0.0002,0.0085,pathgraph
4146.9650,102813.2928,85507.0705,162.3309,0.0464,-0.0003,0.0084,pathgraph
4147.9650,102814.2918,85507.1161,162.3391,0.0463,-0.0002,0.0083,pathgraph
4148.9650,102815.2907,85507.1617,162.3472,0.0462,-0.0002,0.0083,pathgraph
4149.9650,102816.2897,85507.2073,162.3553,0.0461,-0.0002,0.0082,pathgraph
4150.9650,102817.2886,85507.2530,162.3634,0.0459,-0.0001,0.0082,pathgraph
4151.9650,102818.2876,85507.2986,162.3716,0.0458,-0.0001,0.0081,pathgraph
4152.9649,102819.2865,85507.3442,162.3797,0.0457,-0.0001,0.0080,pathgraph
4153.9649,102820.2855,85507.3898,162.3878,0.0456,-0.0000,0.0080,pathgraph
4154.9649,102821.2844,85507.4355,162.3959,0.0455,-0.0000,0.0079,pathgraph
4155.9649,102822.2834,85507.4811,162.4041,0.0454,0.0000,0.0079,pathgraph
4156.9649,102823.2823,85507.5267,162.4118,0.0454,0.0000,0.0078,pathgraph
4157.9649,102824.2813,85507.5723,162.4194,0.0455,0.0000,0.0077,pathgraph
4158.9649,102825.2802,85507.6178,162.4269,0.0455,0.0000,0.0076,pathgraph
4159.9649,102826.2792,85507.6634,162.4344,0.0455,0.0000,0.0076,pathgraph
4160.9649,102827.2782,85507.7090,162.4419,0.0456,0.0000,0.0075,pathgraph
4161.9649,102828.2771,85507.7546,162.4495,0.0456,0.0000,0.0075,pathgraph
4162.9649,102829.2761,85507.8001,162.4570,0.0457,0.0000,0.0074,pathgraph
4163.9649,102830.2750,85507.8457,162.4645,0.0457,0.0000,0.0074,pathgraph
4164.9649,102831.2740,85507.8913,162.4721,0.0458,0.0000,0.0073,pathgraph
4165.9648,102832.2729,85507.9369,162.4795,0.0458,0.0000,0.0072,pathgraph
4166.9648,102833.2719,85507.9828,162.4864,0.0458,0.0000,0.0071,pathgraph
4167.9648,102834.2708,85508.0286,162.4933,0.0458,0.0000,0.0071,pathgraph
4168.9648,102835.2697,85508.0745,162.5002,0.0458,0.0000,0.0070,pathgraph
4169.9648,102836.2687,85508.1204,162.5071,0.0458,0.0000,0.0069,pathgraph
4170.9648,102837.2676,85508.1663,162.5140,0.0459,-0.0000,0.0069,pathgraph
4171.9648,102838.2666,85508.2121,162.5209,0.0459,-0.0000,0.0068,pathgraph
4172.9648,102839.2655,85508.2580,162.5278,0.0459,-0.0000,0.0068,pathgraph
4173.9648,102840.2644,85508.3039,162.5347,0.0459,0.0000,0.0067,pathgraph
4174.9648,102841.2634,85508.3498,162.5416,0.0459,0.0001,0.0066,pathgraph
4175.9648,102842.2623,85508.3963,162.5482,0.0462,0.0001,0.0065,pathgraph
4176.9648,102843.2612,85508.4434,162.5545,0.0466,0.0002,0.0064,pathgraph
4177.9648,102844.2601,85508.4905,162.5607,0.0471,0.0003,0.0064,pathgraph
4178.9647,102845.2589,85508.5376,162.5670,0.0475,0.0004,0.0063,pathgraph
4179.9647,102846.2578,85508.5847,162.5733,0.0479,0.0005,0.0062,pathgraph
4180.9647,102847.2567,85508.6317,162.5796,0.0484,0.0006,0.0062,pathgraph
4181.9647,102848.2556,85508.6788,162.5859,0.0488,0.0007,0.0061,pathgraph
4182.9647,102849.2545,85508.7262,162.5922,0.0492,0.0008,0.0060,pathgraph
4183.9647,102850.2531,85508.7775,162.5978,0.0495,0.0007,0.0059,pathgraph
4184.9647,102851.2518,85508.8288,162.6035,0.0498,0.0006,0.0058,pathgraph
4185.9647,102852.2505,85508.8801,162.6092,0.0500,0.0005,0.0058,pathgraph
4186.9647,102853.2492,85508.9315,162.6148,0.0503,0.0003,0.0057,pathgraph
4187.9647,102854.2478,85508.9828,162.6205,0.0506,0.0002,0.0056,pathgraph
4188.9647,102855.2465,85509.0341,162.6262,0.0508,0.0001,0.0056,pathgraph
4189.9647,102856.2452,85509.0855,162.6319,0.0511,0.0000,0.0055,pathgraph
4190.9647,102857.2439,85509.1368,162.6375,0.0514,-0.0001,0.0054,pathgraph
4191.9647,102858.2425,85509.1881,162.6432,0.0516,-0.0002,0.0054,pathgraph
4192.9646,102859.2412,85509.2390,162.6485,0.0516,-0.0003,0.0053,pathgraph
4193.9646,102860.2399,85509.2895,162.6534,0.0514,-0.0003,0.0052,pathgraph
4194.9646,102861.2387,85509.3399,162.6584,0.0511,-0.0003,0.0051,pathgraph
4195.9646,102862.2374,85509.3904,162.6634,0.0509,-0.0003,0.0051,pathgraph
4196.9646,102863.2361,85509.4409,162.6684,0.0506,-0.0003,0.0050,pathgraph
4197.9646,102864.2348,85509.4914,162.6733,0.0504,-0.0002,0.0049,pathgraph
4198.9646,102865.2335,85509.5419,162.6783,0.0501,-0.0002,0.0049,pathgraph
4199.9646,102866.2322,85509.5924,162.6833,0.0499,-0.0002,0.0048,pathgraph
4200.9646,102867.2310,85509.6429,162.6882,0.0496,-0.0002,0.0047,pathgraph
4201.9646,102868.2297,85509.6933,162.6932,0.0494,-0.0002,0.0047,pathgraph
4202.9646,102869.2285,85509.7427,162.6975,0.0495,-0.0001,0.0046,pathgraph
4203.9646,102870.2272,85509.7921,162.7019,0.0496,-0.0001,0.0045,pathgraph
4204.9646,102871.2260,85509.8415,162.7062,0.0498,0.0000,0.0045,pathgraph
4205.9645,102872.2248,85509.8910,162.7106,0.0499,0.0001,0.0044,pathgraph
4206.9645,102873.2235,85509.9404,162.7149,0.0501,0.0002,0.0044,pathgraph
4207.9645,102874.2223,85509.9898,162.7193,0.0502,0.0002,0.0043,pathgraph
4208.9645,102875.2211,85510.0392,162.7236,0.0503,0.0003,0.0043,pathgraph
4209.9645,102876.2199,85510.0886,162.7280,0.0505,0.0004,0.0042,pathgraph
4210.9645,102877.2186,85510.1381,162.7323,0.0506,0.0005,0.0041,pathgraph
4211.9645,102878.2173,85510.1890,162.7364,0.0508,0.0005,0.0041,pathgraph
4212.9645,102879.2159,85510.2412,162.7403,0.0511,0.0004,0.0040,pathgraph
4213.9645,102880.2146,85510.2933,162.7441,0.0514,0.0004,0.0040,pathgraph
4214.9645,102881.2132,85510.3455,162.7480,0.0517,0.0003,0.0040,pathgraph
4215.9645,102882.2118,85510.3976,162.7519,0.0519,0.0003,0.0039,pathgraph
4216.9645,102883.2105,85510.4498,162.7558,0.0522,0.0002,0.0039,pathgraph
4217.9645,102884.2091,85510.5019,162.7596,0.0525,0.0002,0.0038,pathgraph
4218.9644,102885.2077,85510.5541,162.7635,0.0528,0.0001,0.0038,pathgraph
4219.9644,102886.2064,85510.6063,162.7674,0.0530,0.0001,0.0038,pathgraph
4220.9644,102887.2049,85510.6595,162.7710,0.0531,0.0001,0.0037,pathgraph
4221.9644,102888.2035,85510.7127,162.7745,0.0531,0.0000,0.0037,pathgraph
4222.9644,102889.2021,85510.7659,162.7781,0.0531,0.0000,0.0037,pathgraph
4223.9644,102890.2007,85510.8191,162.7817,0.0532,0.0000,0.0036,pathgraph
4224.9644,102891.1992,85510.8723,162.7853,0.0532,0.0000,0.0036,pathgraph
4225.9644,102892.1978,85510.9255,162.7888,0.0532,0.0000,0.0036,pathgraph
4226.9644,102893.1964,85510.9787,162.7924,0.0533,0.0000,0.0036,pathgraph
4227.9644,102894.1950,85511.0319,162.7960,0.0533,0.0000,0.0036,pathgraph
4228.9644,102895.1936,85511.0851,162.7996,0.0533,0.0000,0.0036,pathgraph
4229.9644,102896.1922,85511.1374,162.8031,0.0530,-0.0001,0.0035,pathgraph
4230.9644,102897.1908,85511.1890,162.8066,0.0524,-0.0002,0.0035,pathgraph
4231.9644,102898.1895,85511.2405,162.8100,0.0518,-0.0003,0.0035,pathgraph
4232.9643,102899.1882,85511.2921,162.8135,0.0512,-0.0005,0.0035,pathgraph
4233.9643,102900.1868,85511.3437,162.8170,0.0506,-0.0006,0.0035,pathgraph
4234.9643,102901.1855,85511.3952,162.8205,0.0500,-0.0007,0.0035,pathgraph
4235.9643,102902.1841,85511.4468,162.8239,0.0494,-0.0009,0.0035,pathgraph
4236.9643,102903.1828,85511.4984,162.8274,0.0488,-0.0010,0.0035,pathgraph
4237.9643,102904.1815,85511.5499,162.8309,0.0482,-0.0011,0.0035,pathgraph
4238.9643,102905.1803,85511.5981,162.8344,0.0478,-0.0011,0.0036,pathgraph
4239.9643,102906.1793,85511.6435,162.8380,0.0475,-0.0009,0.0036,pathgraph
4240.9643,102907.1782,85511.6890,162.8416,0.0471,-0.0007,0.0036,pathgraph
4241.9643,102908.1772,85511.7344,162.8451,0.0468,-0.0005,0.0036,pathgraph
4242.9643,102909.1761,85511.7799,162.8487,0.0465,-0.0003,0.0036,pathgraph
4243.9643,102910.1751,85511.8253,162.8523,0.0461,-0.0001,0.0036,pathgraph
4244.9643,102911.1741,85511.8708,162.8559,0.0458,0.0001,0.0037,pathgraph
4245.9642,102912.1730,85511.9163,162.8594,0.0455,0.0003,0.0037,pathgraph
4246.9642,102913.1720,85511.9617,162.8630,0.0454,0.0002,0.0037,pathgraph
4247.9642,102914.1709,85512.0078,162.8667,0.0457,0.0002,0.0038,pathgraph
4248.9642,102915.1698,85512.0545,162.8706,0.0461,0.0003,0.0038,pathgraph
4249.9642,102916.1687,85512.1011,162.8744,0.0465,0.0003,0.0038,pathgraph
4250.9642,102917.1676,85512.1477,162.8783,0.0469,0.0004,0.0038,pathgraph
4251.9642,102918.1665,85512.1943,162.8821,0.0472,0.0004,0.0039,pathgraph
4252.9642,102919.1654,85512.2410,162.8860,0.0476,0.0005,0.0039,pathgraph
4253.9642,102920.1643,85512.2876,162.8898,0.0480,0.0006,0.0040,pathgraph
4254.9642,102921.1632,85512.3342,162.8937,0.0484,0.0006,0.0040,pathgraph
4255.9642,102922.1621,85512.3812,162.8976,0.0488,0.0007,0.0040,pathgraph
4256.9642,102923.1608,85512.4326,162.9017,0.0498,0.0008,0.0041,pathgraph
4257.9642,102924.1595,85512.4841,162.9059,0.0508,0.0009,0.0041,pathgraph
4258.9641,102925.1581,85512.5356,162.9101,0.0519,0.0011,0.0042,pathgraph
4259.9641,102926.1568,85512.5871,162.9142,0.0529,0.0012,0.0042,pathgraph
4260.9641,102927.1555,85512.6386,162.9184,0.0539,0.0013,0.0043,pathgraph
4261.9641,102928.1541,85512.6905,162.9226,0.0550,0.0014,0.0043,pathgraph
4262.9641,102929.1524,85512.7491,162.9270,0.0572,0.0018,0.0044,pathgraph
4263.9641,102930.1507,85512.8076,162.9314,0.0593,0.0022,0.0044,pathgraph
4264.9641,102931.1489,85512.8662,162.9358,0.0615,0.0026,0.0045,pathgraph
4265.9641,102932.1472,85512.9254,162.9402,0.0636,0.0029,0.0045,pathgraph
4266.9641,102933.1448,85512.9934,162.9448,0.0655,0.0023,0.0046,pathgraph
4267.9641,102934.1425,85513.0613,162.9494,0.0673,0.0018,0.0046,pathgraph
4268.9641,102935.1402,85513.1293,162.9540,0.0692,0.0012,0.0047,pathgraph
4269.9641,102936.1379,85513.1977,162.9587,0.0710,0.0007,0.0047,pathgraph
4270.9641,102937.1351,85513.2719,162.9636,0.0717,0.0007,0.0048,pathgraph
4271.9640,102938.1323,85513.3462,162.9686,0.0724,0.0007,0.0048,pathgraph
4272.9640,102939.1296,85513.4204,162.9736,0.0732,0.0008,0.0049,pathgraph
4273.9640,102940.1268,85513.4946,162.9785,0.0739,0.0008,0.0049,pathgraph
4274.9640,102941.1240,85513.5689,162.9835,0.0747,0.0008,0.0050,pathgraph
4275.9640,102942.1213,85513.6431,162.9885,0.0754,0.0008,0.0050,pathgraph
4276.9640,102943.1185,85513.7173,162.9934,0.0761,0.0008,0.0051,pathgraph
4277.9640,102944.1157,85513.7916,162.9984,0.0769,0.0008,0.0052,pathgraph
4278.9640,102945.1130,85513.8658,163.0034,0.0776,0.0008,0.0052,pathgraph
4279.9640,102946.1100,85513.9429,163.0085,0.0782,0.0007,0.0053,pathgraph
4280.9640,102947.1068,85514.0223,163.0139,0.0787,0.0006,0.0053,pathgraph
4281.9640,102948.1036,85514.1017,163.0192,0.0793,0.0005,0.0053,pathgraph
4282.9640,102949.1005,85514.1811,163.0246,0.0798,0.0004,0.0054,pathgraph
4283.9640,102950.0973,85514.2605,163.0299,0.0803,0.0003,0.0054,pathgraph
4284.9639,102951.0939,85514.3425,163.0354,0.0812,0.0004,0.0055,pathgraph
4285.9639,102952.0904,85514.4265,163.0411,0.0823,0.0006,0.0055,pathgraph
4286.9639,102953.0868,85514.5105,163.0468,0.0835,0.0008,0.0056,pathgraph
4287.9639,102954.0833,85514.5945,163.0525,0.0847,0.0010,0.0057,pathgraph
4288.9639,102955.0798,85514.6785,163.0582,0.0858,0.0012,0.0057,pathgraph
4289.9639,102956.0762,85514.7625,163.0639,0.0870,0.0015,0.0058,pathgraph
4290.9639,102957.0727,85514.8465,163.0696,0.0882,0.0017,0.0058,pathgraph
4291.9639,102958.0691,85514.9306,163.0753,0.0893,0.0019,0.0059,pathgraph
4292.9639,102959.0655,85515.0152,163.0810,0.0906,0.0021,0.0060,pathgraph
4293.9639,102960.0611,85515.1093,163.0871,0.0928,0.0022,0.0061,pathgraph
4294.9639,102961.0566,85515.2034,163.0931,0.0951,0.0023,0.0061,pathgraph
4295.9639,102962.0522,85515.2975,163.0992,0.0974,0.0024,0.0062,pathgraph
4296.9638,102963.0472,85515.3967,163.1054,0.0991,0.0023,0.0062,pathgraph
4297.9638,102964.0419,85515.4999,163.1117,0.1006,0.0019,0.0063,pathgraph
4298.9638,102965.0366,85515.6030,163.1181,0.1020,0.0015,0.0064,pathgraph
4299.9638,102966.0312,85515.7062,163.1244,0.1034,0.0011,0.0064,pathgraph
4300.9638,102967.0259,85515.8093,163.1308,0.1048,0.0007,0.0065,pathgraph
4301.9638,102968.0205,85515.9128,163.1371,0.1062,0.0003,0.0066,pathgraph
4302.9638,102969.0146,85516.0209,163.1440,0.1069,0.0004,0.0067,pathgraph
4303.9638,102970.0088,85516.1290,163.1509,0.1077,0.0006,0.0068,pathgraph
4304.9638,102971.0029,85516.2371,163.1577,0.1084,0.0007,0.0068,pathgraph
4305.9638,102971.9970,85516.3452,163.1646,0.1092,0.0008,0.0069,pathgraph
4306.9638,102972.9912,85516.4533,163.1715,0.1099,0.0009,0.0070,pathgraph
4307.9638,102973.9853,85516.5614,163.1783,0.1106,0.0010,0.0071,pathgraph
4308.9637,102974.9794,85516.6696,163.1852,0.1114,0.0011,0.0072,pathgraph
4309.9637,102975.9731,85516.7813,163.1924,0.1123,0.0012,0.0073,pathgraph
4310.9637,102976.9665,85516.8960,163.1999,0.1133,0.0011,0.0074,pathgraph
4311.9637,102977.9599,85517.0106,163.2074,0.1143,0.0010,0.0075,pathgraph
4312.9637,102978.9533,85517.1253,163.2149,0.1153,0.0010,0.0076,pathgraph
4313.9637,102979.9467,85517.2400,163.2224,0.1164,0.0009,0.0077,pathgraph
4314.9637,102980.9401,85517.3546,163.2298,0.1174,0.0009,0.0078,pathgraph
4315.9637,102981.9334,85517.4704,163.2377,0.1173,0.0006,0.0079,pathgraph
4316.9637,102982.9266,85517.5870,163.2458,0.1164,0.0001,0.0080,pathgraph
4317.9637,102983.9197,85517.7037,163.2539,0.1155,-0.0004,0.0081,pathgraph
4318.9637,102984.9129,85517.8203,163.2621,0.1146,-0.0009,0.0082,pathgraph
4319.9637,102985.9061,85517.9370,163.2702,0.1137,-0.0014,0.0083,pathgraph
4320.9637,102986.8992,85518.0536,163.2783,0.1127,-0.0020,0.0085,pathgraph
4321.9636,102987.8925,85518.1698,163.2865,0.1118,-0.0024,0.0086,pathgraph
4322.9636,102988.8865,85518.2789,163.2952,0.1111,-0.0017,0.0086,pathgraph
4323.9636,102989.8805,85518.3881,163.3040,0.1103,-0.0010,0.0087,pathgraph
4324.9636,102990.8745,85518.4972,163.3127,0.1096,-0.0003,0.0088,pathgraph
4325.9636,102991.8685,85518.6063,163.3215,0.1089,-0.0011,0.0090,pathgraph
4326.9636,102992.8629,85518.7119,163.3306,0.1084,-0.0015,0.0091,pathgraph
4327.9636,102993.8576,85518.8147,163.3402,0.1081,-0.0011,0.0092,pathgraph
4328.9636,102994.8523,85518.9175,163.3498,0.1078,-0.0007,0.0093,pathgraph
4329.9636,102995.8470,85519.0203,163.3593,0.1075,-0.0003,0.0094,pathgraph
4330.9636,102996.8417,85519.1232,163.3689,0.1073,0.0002,0.0095,pathgraph
4331.9636,102997.8364,85519.2260,163.3784,0.1070,0.0006,0.0097,pathgraph
4332.9636,102998.8311,85519.3288,163.3880,0.1067,0.0010,0.0098,pathgraph
4333.9635,102999.8258,85519.4316,163.3975,0.1064,0.0014,0.0099,pathgraph
4334.9635,103000.8205,85519.5344,163.4071,0.1061,0.0019,0.0101,pathgraph
4335.9635,103001.8151,85519.6376,163.4167,0.1060,0.0022,0.0102,pathgraph
4336.9635,103002.8091,85519.7475,163.4271,0.1071,0.0018,0.0103,pathgraph
4337.9635,103003.8030,85519.8574,163.4376,0.1083,0.0014,0.0104,pathgraph
4338.9635,103004.7969,85519.9673,163.4480,0.1094,0.0010,0.0105,pathgraph
4339.9635,103005.7909,85520.0772,163.4585,0.1106,0.0006,0.0106,pathgraph
4340.9635,103006.7848,85520.1872,163.4689,0.1117,0.0002,0.0107,pathgraph
4341.9635,103007.7786,85520.2980,163.4798,0.1121,0.0000,0.0108,pathgraph
4342.9635,103008.7724,85520.4094,163.4912,0.1120,-0.0000,0.0109,pathgraph
4343.9635,103009.7661,85520.5209,163.5025,0.1118,-0.0001,0.0111,pathgraph
4344.9635,103010.7599,85520.6324,163.5138,0.1116,-0.0001,0.0112,pathgraph
4345.9635,103011.7537,85520.7439,163.5251,0.1114,-0.0002,0.0113,pathgraph
4346.9635,103012.7474,85520.8554,163.5364,0.1112,-0.0002,0.0114,pathgraph
4347.9634,103013.7412,85520.9669,163.5478,0.1111,-0.0002,0.0115,pathgraph
4348.9634,103014.7349,85521.0784,163.5591,0.1109,-0.0003,0.0116,pathgraph
4349.9634,103015.7287,85521.1899,163.5704,0.1107,-0.0003,0.0117,pathgraph
4350.9634,103016.7225,85521.3013,163.5818,0.1106,-0.0004,0.0119,pathgraph
4351.9634,103017.7164,85521.4115,163.5942,0.1107,-0.0003,0.0120,pathgraph
4352.9634,103018.7103,85521.5217,163.6066,0.1109,-0.0002,0.0121,pathgraph
4353.9634,103019.7042,85521.6319,163.6189,0.1110,-0.0000,0.0122,pathgraph
4354.9634,103020.6981,85521.7421,163.6313,0.1112,0.0001,0.0123,pathgraph
4355.9634,103021.6920,85521.8523,163.6437,0.1114,0.0002,0.0124,pathgraph
4356.9634,103022.6859,85521.9625,163.6561,0.1115,0.0003,0.0125,pathgraph
4357.9634,103023.6798,85522.0727,163.6685,0.1117,0.0004,0.0126,pathgraph
4358.9634,103024.6737,85522.1830,163.6809,0.1118,0.0005,0.0127,pathgraph
4359.9634,103025.6676,85522.2932,163.6932,0.1120,0.0007,0.0128,pathgraph
4360.9633,103026.6612,85522.4054,163.7062,0.1122,0.0007,0.0129,pathgraph
4361.9633,103027.6547,85522.5192,163.7196,0.1125,0.0006,0.0131,pathgraph
4362.9633,103028.6482,85522.6330,163.7330,0.1128,0.0005,0.0131,pathgraph
4363.9633,103029.6417,85522.7468,163.7463,0.1131,0.0004,0.0132,pathgraph
4364.9633,103030.6352,85522.8606,163.7597,0.1133,0.0003,0.0133,pathgraph
4365.9633,103031.6287,85522.9745,163.7731,0.1136,0.0002,0.0134,pathgraph
4366.9633,103032.6222,85523.0883,163.7865,0.1139,0.0001,0.0135,pathgraph
4367.9633,103033.6157,85523.2021,163.7999,0.1142,0.0000,0.0136,pathgraph
4368.9633,103034.6092,85523.3159,163.8133,0.1144,-0.0001,0.0137,pathgraph
4369.9633,103035.6027,85523.4296,163.8267,0.1146,-0.0002,0.0138,pathgraph
4370.9633,103036.5964,85523.5415,163.8409,0.1135,-0.0005,0.0139,pathgraph
4371.9633,103037.5901,85523.6533,163.8550,0.1123,-0.0008,0.0140,pathgraph
4372.9633,103038.5839,85523.7652,163.8692,0.1112,-0.0011,0.0141,pathgraph
4373.9632,103039.5776,85523.8771,163.8834,0.1101,-0.0014,0.0142,pathgraph
4374.9632,103040.5713,85523.9889,163.8975,0.1089,-0.0017,0.0143,pathgraph
4375.9632,103041.5650,85524.1008,163.9117,0.1078,-0.0020,0.0144,pathgraph
4376.9632,103042.5592,85524.2083,163.9262,0.1067,-0.0018,0.0145,pathgraph
4377.9632,103043.5538,85524.3122,163.9408,0.1057,-0.0013,0.0146,pathgraph
4378.9632,103044.5483,85524.4162,163.9555,0.1048,-0.0009,0.0147,pathgraph
4379.9632,103045.5429,85524.5202,163.9702,0.1038,-0.0004,0.0148,pathgraph
4380.9632,103046.5375,85524.6242,163.9849,0.1029,0.0001,0.0149,pathgraph
4381.9632,103047.5321,85524.7281,164.0000,0.1037,0.0004,0.0150,pathgraph
4382.9632,103048.5266,85524.8320,164.0150,0.1045,0.0008,0.0150,pathgraph
4383.9632,103049.5212,85524.9358,164.0301,0.1053,0.0011,0.0151,pathgraph
4384.9632,103050.5158,85525.0397,164.0452,0.1061,0.0014,0.0152,pathgraph
4385.9631,103051.5100,85525.1474,164.0606,0.1068,0.0014,0.0153,pathgraph
4386.9631,103052.5038,85525.2580,164.0762,0.1074,0.0012,0.0154,pathgraph
4387.9631,103053.4977,85525.3687,164.0919,0.1080,0.0010,0.0155,pathgraph
4388.9631,103054.4915,85525.4793,164.1075,0.1086,0.0008,0.0156,pathgraph
4389.9631,103055.4854,85525.5899,164.1232,0.1092,0.0006,0.0157,pathgraph
4390.9631,103056.4793,85525.7005,164.1389,0.1098,0.0004,0.0157,pathgraph
4391.9631,103057.4731,85525.8112,164.1545,0.1104,0.0002,0.0158,pathgraph
4392.9631,103058.4670,85525.9218,164.1702,0.1110,0.0000,0.0159,pathgraph
4393.9631,103059.4608,85526.0324,164.1858,0.1116,-0.0002,0.0159,pathgraph
4394.9631,103060.4547,85526.1431,164.2015,0.1121,-0.0004,0.0160,pathgraph
4395.9631,103061.4485,85526.2536,164.2179,0.1119,-0.0003,0.0161,pathgraph
4396.9631,103062.4424,85526.3641,164.2343,0.1116,-0.0003,0.0162,pathgraph
4397.9631,103063.4363,85526.4745,164.2507,0.1113,-0.0003,0.0163,pathgraph
4398.9630,103064.4302,85526.5850,164.2671,0.1111,-0.0003,0.0163,pathgraph
4399.9630,103065.4240,85526.6955,164.2835,0.1108,-0.0003,0.0164,pathgraph
4400.9630,103066.4179,85526.8060,164.2999,0.1105,-0.0002,0.0165,pathgraph
4401.9630,103067.4118,85526.9165,164.3163,0.1103,-0.0002,0.0165,pathgraph
4402.9630,103068.4056,85527.0270,164.3327,0.1100,-0.0002,0.0166,pathgraph
4403.9630,103069.3995,85527.1375,164.3491,0.1097,-0.0002,0.0167,pathgraph
4404.9630,103070.3934,85527.2473,164.3658,0.1096,-0.0001,0.0168,pathgraph
4405.9630,103071.3875,85527.3565,164.3829,0.1096,-0.0001,0.0169,pathgraph
4406.9630,103072.3815,85527.4657,164.4000,0.1096,-0.0000,0.0169,pathgraph
4407.9630,103073.3755,85527.5749,164.4171,0.1096,0.0000,0.0170,pathgraph
4408.9630,103074.3695,85527.6841,164.4342,0.1096,0.0001,0.0171,pathgraph
4409.9630,103075.3635,85527.7933,164.4513,0.1096,0.0001,0.0171,pathgraph
4410.9630,103076.3575,85527.9025,164.4683,0.1096,0.0001,0.0172,pathgraph
4411.9630,103077.3515,85528.0117,164.4854,0.1093,-0.0002,0.0173,pathgraph
4412.9629,103078.3455,85528.1209,164.5025,0.1089,-0.0005,0.0173,pathgraph
4413.9629,103079.3396,85528.2299,164.5196,0.1086,-0.0008,0.0174,pathgraph
4414.9629,103080.3339,85528.3365,164.5374,0.1085,-0.0007,0.0175,pathgraph
4415.9629,103081.3282,85528.4431,164.5552,0.1084,-0.0005,0.0176,pathgraph
4416.9629,103082.3225,85528.5497,164.5729,0.1083,-0.0004,0.0177,pathgraph
4417.9629,103083.3168,85528.6563,164.5907,0.1081,-0.0002,0.0177,pathgraph
4418.9629,103084.3111,85528.7629,164.6085,0.1080,-0.0000,0.0178,pathgraph
4419.9629,103085.3053,85528.8695,164.6262,0.1079,0.0001,0.0179,pathgraph
4420.9629,103086.2996,85528.9760,164.6440,0.1078,0.0003,0.0179,pathgraph
4421.9629,103087.2939,85529.0826,164.6618,0.1077,0.0004,0.0180,pathgraph
4422.9629,103088.2882,85529.1892,164.6795,0.1075,0.0006,0.0181,pathgraph
4423.9629,103089.2824,85529.2973,164.6977,0.1077,0.0006,0.0182,pathgraph
4424.9629,103090.2764,85529.4066,164.7161,0.1080,0.0005,0.0182,pathgraph
4425.9628,103091.2704,85529.5159,164.7346,0.1083,0.0005,0.0183,pathgraph
4426.9628,103092.2644,85529.6252,164.7530,0.1086,0.0004,0.0184,pathgraph
4427.9628,103093.2584,85529.7344,164.7715,0.1088,0.0003,0.0184,pathgraph
4428.9628,103094.2524,85529.8437,164.7899,0.1091,0.0002,0.0185,pathgraph
4429.9628,103095.2464,85529.9530,164.8084,0.1094,0.0002,0.0186,pathgraph
4430.9628,103096.2404,85530.0623,164.8268,0.1097,0.0001,0.0186,pathgraph
4431.9628,103097.2344,85530.1716,164.8453,0.1100,0.0000,0.0187,pathgraph
4432.9628,103098.2284,85530.2809,164.8637,0.1103,-0.0001,0.0188,pathgraph
4433.9628,103099.2224,85530.3902,164.8829,0.1101,-0.0001,0.0189,pathgraph
4434.9628,103100.2164,85530.4995,164.9020,0.1099,-0.0001,0.0189,pathgraph
4435.9628,103101.2104,85530.6089,164.9211,0.1097,-0.0002,0.0190,pathgraph
4436.9628,103102.2044,85530.7182,164.9402,0.1095,-0.0002,0.0191,pathgraph
4437.9628,103103.1984,85530.8276,164.9593,0.1093,-0.0002,0.0191,pathgraph
4438.9627,103104.1924,85530.9369,164.9785,0.1091,-0.0002,0.0192,pathgraph
4439.9627,103105.1864,85531.0463,164.9976,0.1089,-0.0003,0.0193,pathgraph
4440.9627,103106.1804,85531.1556,165.0167,0.1087,-0.0003,0.0193,pathgraph
4441.9627,103107.1744,85531.2649,165.0358,0.1085,-0.0003,0.0199,pathgraph
4442.9627,103108.1684,85531.3736,165.0553,0.1085,-0.0003,0.0210,pathgraph
4443.9627,103109.1626,85531.4818,165.0750,0.1087,-0.0002,0.0220,pathgraph
4444.9627,103110.1567,85531.5900,165.0948,0.1088,-0.0001,0.0231,pathgraph
4445.9627,103111.1508,85531.6982,165.1145,0.1090,0.0000,0.0239,pathgraph
4446.9627,103112.1449,85531.8064,165.1343,0.1092,0.0001,0.0238,pathgraph
4447.9627,103113.1390,85531.9146,165.1540,0.1094,0.0003,0.0228,pathgraph
4448.9627,103114.1332,85532.0228,165.1738,0.1096,0.0004,0.0218,pathgraph
4449.9627,103115.1273,85532.1310,165.1935,0.1097,0.0005,0.0209,pathgraph
4450.9627,103116.1214,85532.2392,165.2133,0.1099,0.0006,0.0202,pathgraph
4451.9627,103117.1155,85532.3476,165.2343,0.1101,0.0007,0.0200,pathgraph
4452.9626,103118.1094,85532.4583,165.2750,0.1103,0.0005,0.0201,pathgraph
4453.9626,103119.1032,85532.5691,165.3157,0.1105,0.0003,0.0201,pathgraph
4454.9626,103120.0970,85532.6799,165.3563,0.1107,0.0001,0.0202,pathgraph
4455.9626,103121.0909,85532.7907,165.3970,0.1109,-0.0001,0.0202,pathgraph
4456.9626,103122.0847,85532.9015,165.4314,0.1111,-0.0002,0.0203,pathgraph
4457.9626,103123.0785,85533.0125,165.4299,0.1114,0.0000,0.0203,pathgraph
4458.9626,103124.0723,85533.1235,165.4285,0.1116,0.0002,0.0204,pathgraph
4459.9626,103125.0661,85533.2345,165.4270,0.1118,0.0004,0.0205,pathgraph
4460.9626,103126.0599,85533.3456,165.4255,0.1121,0.0006,0.0205,pathgraph
4461.9626,103127.0535,85533.4587,165.4365,0.1127,0.0007,0.0205,pathgraph
4462.9626,103128.0469,85533.5734,165.4572,0.1137,0.0008,0.0201,pathgraph
4463.9626,103129.0403,85533.6881,165.4779,0.1146,0.0009,0.0191,pathgraph
4464.9626,103130.0337,85533.8029,165.4987,0.1156,0.0010,0.0182,pathgraph
4465.9625,103131.0271,85533.9176,165.5194,0.1165,0.0011,0.0173,pathgraph
4466.9625,103132.0205,85534.0323,165.5401,0.1175,0.0011,0.0165,pathgraph
4467.9625,103133.0138,85534.1474,165.5608,0.1184,0.0012,0.0167,pathgraph
4468.9625,103134.0064,85534.2687,165.5818,0.1198,0.0013,0.0178,pathgraph
4469.9625,103134.9990,85534.3900,165.6027,0.1211,0.0013,0.0189,pathgraph
4470.9625,103135.9916,85534.5113,165.6237,0.1224,0.0013,0.0199,pathgraph
4471.9625,103136.9842,85534.6326,165.6446,0.1237,0.0014,0.0207,pathgraph
4472.9625,103137.9768,85534.7543,165.6655,0.1250,0.0014,0.0210,pathgraph
4473.9625,103138.9685,85534.8827,165.6866,0.1266,0.0015,0.0210,pathgraph
4474.9625,103139.9602,85535.0110,165.7077,0.1282,0.0015,0.0210,pathgraph
4475.9625,103140.9520,85535.1394,165.7288,0.1297,0.0016,0.0211,pathgraph
4476.9625,103141.9437,85535.2678,165.7499,0.1313,0.0016,0.0211,pathgraph
4477.9625,103142.9353,85535.3966,165.7710,0.1328,0.0017,0.0211,pathgraph
4478.9624,103143.9260,85535.5327,165.7922,0.1348,0.0019,0.0211,pathgraph
4479.9624,103144.9167,85535.6687,165.8133,0.1368,0.0020,0.0211,pathgraph
4480.9624,103145.9074,85535.8048,165.8345,0.1388,0.0021,0.0211,pathgraph
4481.9624,103146.8980,85535.9413,165.8557,0.1408,0.0023,0.0212,pathgraph
4482.9624,103147.8875,85536.0861,165.8769,0.1427,0.0021,0.0212,pathgraph
4483.9624,103148.8770,85536.2308,165.8981,0.1446,0.0019,0.0212,pathgraph
4484.9624,103149.8664,85536.3756,165.9193,0.1465,0.0018,0.0212,pathgraph
4485.9624,103150.8559,85536.5203,165.9405,0.1484,0.0016,0.0212,pathgraph
4486.9624,103151.8447,85536.6694,165.9618,0.1500,0.0015,0.0212,pathgraph
4487.9624,103152.8330,85536.8219,165.9830,0.1513,0.0014,0.0212,pathgraph
4488.9624,103153.8213,85536.9743,166.0042,0.1526,0.0013,0.0212,pathgraph
4489.9624,103154.8096,85537.1268,166.0254,0.1539,0.0012,0.0212,pathgraph
4490.9623,103155.7979,85537.2793,166.0466,0.1552,0.0011,0.0211,pathgraph
4491.9623,103156.7861,85537.4321,166.0678,0.1565,0.0010,0.0211,pathgraph
4492.9623,103157.7735,85537.5906,166.0890,0.1573,0.0010,0.0211,pathgraph
4493.9623,103158.7608,85537.7492,166.1101,0.1582,0.0009,0.0211,pathgraph
4494.9623,103159.7482,85537.9077,166.1312,0.1591,0.0009,0.0211,pathgraph
4495.9623,103160.7355,85538.0663,166.1524,0.1600,0.0008,0.0211,pathgraph
4496.9623,103161.7229,85538.2248,166.1735,0.1609,0.0008,0.0210,pathgraph
4497.9623,103162.7102,85538.3836,166.1946,0.1617,0.0007,0.0210,pathgraph
4498.9623,103163.6967,85538.5474,166.2156,0.1626,0.0008,0.0210,pathgraph
4499.9623,103164.6831,85538.7112,166.2365,0.1634,0.0008,0.0210,pathgraph
4500.9623,103165.6696,85538.8749,166.2575,0.1643,0.0008,0.0209,pathgraph
4501.9623,103166.6561,85539.0387,166.2785,0.1651,0.0009,0.0209,pathgraph
4502.9623,103167.6426,85539.2024,166.2994,0.1660,0.0009,0.0208,pathgraph
4503.9622,103168.6291,85539.3662,166.3204,0.1668,0.0010,0.0208,pathgraph
4504.9622,103169.6155,85539.5303,166.3413,0.1677,0.0010,0.0208,pathgraph
4505.9622,103170.6010,85539.7003,166.3620,0.1694,0.0013,0.0207,pathgraph
4506.9622,103171.5864,85539.8703,166.3827,0.1711,0.0015,0.0207,pathgraph
4507.9622,103172.5719,85540.0403,166.4034,0.1728,0.0018,0.0206,pathgraph
4508.9622,103173.5573,85540.2104,166.4241,0.1744,0.0021,0.0206,pathgraph
4509.9622,103174.5422,85540.3835,166.4447,0.1764,0.0022,0.0205,pathgraph
4510.9622,103175.5260,85540.5625,166.4651,0.1787,0.0023,0.0204,pathgraph
4511.9622,103176.5098,85540.7416,166.4856,0.1810,0.0024,0.0204,pathgraph
4512.9622,103177.4937,85540.9207,166.5060,0.1833,0.0026,0.0203,pathgraph
4513.9622,103178.4765,85541.1048,166.5263,0.1859,0.0027,0.0202,pathgraph
4514.9621,103179.4587,85541.2929,166.5465,0.1888,0.0029,0.0202,pathgraph
4515.9621,103180.4408,85541.4810,166.5667,0.1917,0.0030,0.0201,pathgraph
4516.9621,103181.4229,85541.6697,166.5869,0.1946,0.0032,0.0200,pathgraph
4517.9621,103182.4030,85541.8678,166.6068,0.1982,0.0034,0.0199,pathgraph
4518.9621,103183.3832,85542.0660,166.6268,0.2017,0.0037,0.0198,pathgraph
4519.9621,103184.3632,85542.2649,166.6467,0.2053,0.0039,0.0198,pathgraph
4520.9621,103185.3410,85542.4745,166.6664,0.2095,0.0042,0.0197,pathgraph
4521.9621,103186.3187,85542.6842,166.6861,0.2138,0.0044,0.0196,pathgraph
4522.9621,103187.2964,85542.8945,166.7057,0.2180,0.0046,0.0195,pathgraph
4523.9621,103188.2715,85543.1162,166.7251,0.2226,0.0046,0.0194,pathgraph
4524.9621,103189.2466,85543.3379,166.7445,0.2272,0.0046,0.0193,pathgraph
4525.9620,103190.2202,85543.5658,166.7638,0.2319,0.0046,0.0192,pathgraph
4526.9620,103191.1927,85543.7987,166.7830,0.2365,0.0046,0.0191,pathgraph
4527.9620,103192.1651,85544.0323,166.8021,0.2411,0.0046,0.0190,pathgraph
4528.9620,103193.1348,85544.2765,166.8210,0.2458,0.0047,0.0188,pathgraph
4529.9620,103194.1045,85544.5206,166.8398,0.2505,0.0047,0.0187,pathgraph
4530.9620,103195.0726,85544.7712,166.8585,0.2552,0.0047,0.0186,pathgraph
4531.9620,103196.0394,85545.0267,166.8771,0.2599,0.0047,0.0185,pathgraph
4532.9620,103197.0060,85545.2830,166.8957,0.2646,0.0047,0.0184,pathgraph
4533.9620,103197.9697,85545.5499,166.9140,0.2693,0.0047,0.0183,pathgraph
4534.9619,103198.9334,85545.8169,166.9322,0.2740,0.0047,0.0181,pathgraph
4535.9619,103199.8953,85546.0901,166.9503,0.2786,0.0046,0.0180,pathgraph
4536.9619,103200.8558,85546.3682,166.9683,0.2832,0.0045,0.0179,pathgraph
4537.9619,103201.8162,85546.6470,166.9862,0.2876,0.0043,0.0177,pathgraph
4538.9619,103202.7734,85546.9364,167.0038,0.2917,0.0041,0.0176,pathgraph
4539.9619,103203.7306,85547.2259,167.0214,0.2957,0.0039,0.0175,pathgraph
4540.9619,103204.6875,85547.5160,167.0390,0.2997,0.0037,0.0173,pathgraph
4541.9619,103205.6414,85547.8162,167.0562,0.3033,0.0036,0.0172,pathgraph
4542.9619,103206.5953,85548.1164,167.0733,0.3069,0.0035,0.0171,pathgraph
4543.9619,103207.5489,85548.4173,167.0905,0.3104,0.0034,0.0169,pathgraph
4544.9618,103208.4994,85548.7279,167.1072,0.3135,0.0033,0.0168,pathgraph
4545.9618,103209.4500,85549.0385,167.1239,0.3167,0.0031,0.0166,pathgraph
4546.9618,103210.4005,85549.3492,167.1406,0.3199,0.0030,0.0165,pathgraph
4547.9618,103211.3492,85549.6652,167.1570,0.3228,0.0029,0.0163,pathgraph
4548.9618,103212.2965,85549.9856,167.1732,0.3254,0.0027,0.0162,pathgraph
4549.9618,103213.2438,85550.3060,167.1894,0.3281,0.0025,0.0160,pathgraph
4550.9618,103214.1909,85550.6269,167.2055,0.3308,0.0024,0.0159,pathgraph
4551.9618,103215.1352,85550.9560,167.2212,0.3331,0.0024,0.0157,pathgraph
4552.9618,103216.0795,85551.2850,167.2368,0.3355,0.0024,0.0156,pathgraph
4553.9618,103217.0238,85551.6141,167.2524,0.3378,0.0023,0.0154,pathgraph
4554.9618,103217.9679,85551.9437,167.2680,0.3402,0.0023,0.0153,pathgraph
4555.9617,103218.9092,85552.2813,167.2830,0.3423,0.0022,0.0151,pathgraph
4556.9617,103219.8504,85552.6189,167.2980,0.3444,0.0021,0.0149,pathgraph
4557.9617,103220.7917,85552.9565,167.3130,0.3465,0.0020,0.0148,pathgraph
4558.9617,103221.7328,85553.2946,167.3279,0.3485,0.0019,0.0147,pathgraph
4559.9617,103222.6714,85553.6397,167.3422,0.3499,0.0017,0.0145,pathgraph
4560.9617,103223.6099,85553.9848,167.3565,0.3513,0.0015,0.0144,pathgraph
4561.9617,103224.5485,85554.3300,167.3708,0.3527,0.0013,0.0142,pathgraph
4562.9617,103225.4870,85554.6751,167.3851,0.3541,0.0011,0.0140,pathgraph
4563.9617,103226.4254,85555.0206,167.3994,0.3555,0.0009,0.0139,pathgraph
4564.9617,103227.3620,85555.3712,167.4127,0.3562,0.0009,0.0137,pathgraph
4565.9617,103228.2985,85555.7218,167.4261,0.3570,0.0008,0.0136,pathgraph
4566.9617,103229.2350,85556.0724,167.4394,0.3577,0.0008,0.0134,pathgraph
4567.9617,103230.1715,85556.4230,167.4528,0.3585,0.0007,0.0133,pathgraph
4568.9616,103231.1080,85556.7736,167.4662,0.3592,0.0007,0.0131,pathgraph
4569.9616,103232.0445,85557.1242,167.4795,0.3600,0.0006,0.0130,pathgraph
4570.9616,103232.9809,85557.4751,167.4928,0.3607,0.0006,0.0128,pathgraph
4571.9616,103233.9157,85557.8303,167.5051,0.3615,0.0006,0.0127,pathgraph
4572.9616,103234.8505,85558.1854,167.5174,0.3622,0.0007,0.0125,pathgraph
4573.9616,103235.7853,85558.5406,167.5297,0.3630,0.0007,0.0124,pathgraph
4574.9616,103236.7201,85558.8958,167.5420,0.3637,0.0008,0.0122,pathgraph
4575.9616,103237.6549,85559.2510,167.5543,0.3645,0.0008,0.0121,pathgraph
4576.9616,103238.5897,85559.6062,167.5666,0.3652,0.0009,0.0120,pathgraph
4577.9616,103239.5243,85559.9617,167.5789,0.3660,0.0009,0.0118,pathgraph
4578.9616,103240.4570,85560.3224,167.5903,0.3674,0.0011,0.0117,pathgraph
4579.9616,103241.3897,85560.6831,167.6018,0.3688,0.0013,0.0115,pathgraph
4580.9616,103242.3224,85561.0438,167.6132,0.3702,0.0015,0.0114,pathgraph
4581.9615,103243.2550,85561.4045,167.6246,0.3716,0.0017,0.0112,pathgraph
4582.9615,103244.1875,85561.7656,167.6360,0.3731,0.0019,0.0111,pathgraph
4583.9615,103245.1173,85562.1338,167.6468,0.3757,0.0024,0.0110,pathgraph
4584.9615,103246.0470,85562.5020,167.6577,0.3784,0.0028,0.0109,pathgraph
4585.9615,103246.9768,85562.8702,167.6685,0.3810,0.0032,0.0107,pathgraph
4586.9615,103247.9043,85563.2438,167.6791,0.3842,0.0034,0.0106,pathgraph
4587.9615,103248.8302,85563.6216,167.6895,0.3877,0.0036,0.0104,pathgraph
4588.9615,103249.7561,85563.9993,167.6999,0.3913,0.0037,0.0103,pathgraph
4589.9615,103250.6796,85564.3829,167.7101,0.3950,0.0038,0.0102,pathgraph
4590.9615,103251.6012,85564.7710,167.7201,0.3988,0.0038,0.0101,pathgraph
4591.9614,103252.5228,85565.1591,167.7301,0.4027,0.0039,0.0099,pathgraph
4592.9614,103253.4419,85565.5532,167.7399,0.4066,0.0039,0.0098,pathgraph
4593.9614,103254.3589,85565.9520,167.7495,0.4105,0.0039,0.0097,pathgraph
4594.9614,103255.2759,85566.3509,167.7592,0.4145,0.0040,0.0096,pathgraph
4595.9614,103256.1902,85566.7558,167.7686,0.4184,0.0040,0.0094,pathgraph
4596.9614,103257.1024,85567.1655,167.7779,0.4224,0.0040,0.0093,pathgraph
4597.9614,103258.0146,85567.5752,167.7872,0.4263,0.0039,0.0092,pathgraph
4598.9613,103258.9241,85567.9909,167.7963,0.4302,0.0039,0.0091,pathgraph
4599.9613,103259.8315,85568.4112,167.8052,0.4339,0.0037,0.0090,pathgraph
4600.9613,103260.7389,85568.8315,167.8142,0.4376,0.0036,0.0089,pathgraph
4601.9613,103261.6437,85569.2572,167.8229,0.4412,0.0035,0.0088,pathgraph
4602.9613,103262.5466,85569.6871,167.8316,0.4446,0.0034,0.0087,pathgraph
4603.9613,103263.4494,85570.1171,167.8402,0.4479,0.0033,0.0086,pathgraph
4604.9613,103264.3497,85570.5522,167.8486,0.4511,0.0031,0.0085,pathgraph
4605.9613,103265.2481,85570.9915,167.8569,0.4541,0.0030,0.0084,pathgraph
4606.9613,103266.1464,85571.4308,167.8652,0.4571,0.0029,0.0083,pathgraph
4607.9612,103267.0446,85571.8704,167.8735,0.4601,0.0028,0.0082,pathgraph
4608.9612,103267.9399,85572.3158,167.8815,0.4629,0.0028,0.0081,pathgraph
4609.9612,103268.8332,85572.7653,167.8895,0.4655,0.0027,0.0080,pathgraph
4610.9612,103269.7265,85573.2147,167.8974,0.4682,0.0025,0.0079,pathgraph
4611.9612,103270.6179,85573.6679,167.9052,0.4708,0.0025,0.0078,pathgraph
4612.9612,103271.5077,85574.1242,167.9129,0.4733,0.0025,0.0077,pathgraph
4613.9612,103272.3976,85574.5804,167.9206,0.4758,0.0025,0.0076,pathgraph
4614.9612,103273.2872,85575.0372,167.9282,0.4784,0.0026,0.0075,pathgraph
4615.9612,103274.1727,85575.5017,167.9356,0.4813,0.0028,0.0075,pathgraph
4616.9612,103275.0583,85575.9663,167.9430,0.4843,0.0030,0.0074,pathgraph
4617.9612,103275.9438,85576.4308,167.9503,0.4873,0.0033,0.0073,pathgraph
4618.9611,103276.8265,85576.9008,167.9576,0.4907,0.0036,0.0072,pathgraph
4619.9611,103277.7069,85577.3750,167.9647,0.4946,0.0039,0.0072,pathgraph
4620.9611,103278.5873,85577.8492,167.9719,0.4984,0.0042,0.0071,pathgraph
4621.9611,103279.4646,85578.3291,167.9789,0.5026,0.0044,0.0070,pathgraph
4622.9611,103280.3395,85578.8134,167.9858,0.5070,0.0045,0.0069,pathgraph
4623.9611,103281.2140,85579.2983,167.9927,0.5115,0.0046,0.0069,pathgraph
4624.9611,103282.0834,85579.7925,167.9995,0.5160,0.0045,0.0068,pathgraph
4625.9611,103282.9527,85580.2867,168.0063,0.5205,0.0044,0.0067,pathgraph
4626.9610,103283.8187,85580.7867,168.0129,0.5249,0.0043,0.0067,pathgraph
4627.9610,103284.6820,85581.2914,168.0195,0.5291,0.0043,0.0066,pathgraph
4628.9610,103285.5453,85581.7960,168.0261,0.5334,0.0042,0.0065,pathgraph
4629.9610,103286.4051,85582.3067,168.0326,0.5376,0.0041,0.0065,pathgraph
4630.9610,103287.2620,85582.8221,168.0390,0.5417,0.0041,0.0064,pathgraph
4631.9610,103288.1190,85583.3374,168.0454,0.5458,0.0041,0.0064,pathgraph
4632.9610,103288.9723,85583.8587,168.0517,0.5500,0.0041,0.0063,pathgraph
4633.9610,103289.8228,85584.3847,168.0579,0.5542,0.0042,0.0062,pathgraph
4634.9609,103290.6733,85584.9106,168.0642,0.5584,0.0043,0.0062,pathgraph
4635.9609,103291.5200,85585.4426,168.0703,0.5626,0.0043,0.0061,pathgraph
4636.9609,103292.3638,85585.9794,168.0763,0.5668,0.0042,0.0061,pathgraph
4637.9609,103293.2075,85586.5161,168.0824,0.5709,0.0041,0.0060,pathgraph
4638.9609,103294.0476,85587.0585,168.0884,0.5749,0.0040,0.0060,pathgraph
4639.9609,103294.8848,85587.6054,168.0943,0.5788,0.0038,0.0059,pathgraph
4640.9609,103295.7220,85588.1523,168.1002,0.5826,0.0037,0.0059,pathgraph
4641.9608,103296.5558,85588.7043,168.1060,0.5862,0.0036,0.0058,pathgraph
4642.9608,103297.3869,85589.2604,168.1117,0.5897,0.0035,0.0058,pathgraph
4643.9608,103298.2181,85589.8164,168.1175,0.5932,0.0034,0.0057,pathgraph
4644.9608,103299.0460,85590.3771,168.1231,0.5967,0.0034,0.0057,pathgraph
4645.9608,103299.8715,85590.9416,168.1287,0.6001,0.0034,0.0056,pathgraph
4646.9608,103300.6969,85591.5061,168.1343,0.6035,0.0034,0.0056,pathgraph
4647.9608,103301.5189,85592.0756,168.1398,0.6068,0.0034,0.0055,pathgraph
4648.9608,103302.3381,85592.6491,168.1453,0.6100,0.0033,0.0055,pathgraph
4649.9608,103303.1573,85593.2226,168.1507,0.6132,0.0032,0.0054,pathgraph
4650.9607,103303.9762,85593.7965,168.1562,0.6164,0.0030,0.0054,pathgraph
4651.9607,103304.7893,85594.3786,168.1614,0.6192,0.0029,0.0053,pathgraph
4652.9607,103305.6024,85594.9607,168.1667,0.6220,0.0027,0.0053,pathgraph
4653.9607,103306.4155,85595.5428,168.1720,0.6248,0.0026,0.0052,pathgraph
4654.9607,103307.2254,85596.1293,168.1772,0.6274,0.0025,0.0052,pathgraph
4655.9607,103308.0329,85596.7193,168.1824,0.6299,0.0025,0.0052,pathgraph
4656.9607,103308.8403,85597.3092,168.1875,0.6324,0.0025,0.0051,pathgraph
4657.9607,103309.6477,85597.8992,168.1926,0.6349,0.0025,0.0051,pathgraph
4658.9607,103310.4518,85598.4937,168.1977,0.6378,0.0027,0.0050,pathgraph
4659.9606,103311.2533,85599.0917,168.2027,0.6408,0.0030,0.0050,pathgraph
4660.9606,103312.0547,85599.6897,168.2076,0.6439,0.0033,0.0050,pathgraph
4661.9606,103312.8557,85600.2883,168.2126,0.6470,0.0036,0.0049,pathgraph
4662.9606,103313.6503,85600.8956,168.2175,0.6510,0.0039,0.0049,pathgraph
4663.9606,103314.4448,85601.5028,168.2224,0.6550,0.0041,0.0049,pathgraph
4664.9606,103315.2389,85602.1105,168.2272,0.6590,0.0044,0.0048,pathgraph
4665.9606,103316.0262,85602.7271,168.2320,0.6636,0.0046,0.0048,pathgraph
4666.9606,103316.8136,85603.3436,168.2368,0.6681,0.0048,0.0048,pathgraph
4667.9606,103317.5967,85603.9654,168.2415,0.6730,0.0049,0.0047,pathgraph
4668.9606,103318.3766,85604.5913,168.2462,0.6780,0.0051,0.0047,pathgraph
4669.9605,103319.1559,85605.2179,168.2509,0.6830,0.0052,0.0047,pathgraph
4670.9605,103319.9277,85605.8537,168.2555,0.6882,0.0052,0.0046,pathgraph
4671.9605,103320.6995,85606.4896,168.2601,0.6933,0.0052,0.0046,pathgraph
4672.9605,103321.4667,85607.1309,168.2647,0.6983,0.0050,0.0046,pathgraph
4673.9605,103322.2304,85607.7766,168.2693,0.7032,0.0048,0.0046,pathgraph
4674.9605,103322.9936,85608.4227,168.2738,0.7080,0.0045,0.0045,pathgraph
4675.9605,103323.7492,85609.0777,168.2783,0.7120,0.0042,0.0045,pathgraph
4676.9605,103324.5049,85609.7326,168.2828,0.7161,0.0039,0.0045,pathgraph
4677.9605,103325.2601,85610.3881,168.2873,0.7201,0.0035,0.0045,pathgraph
4678.9605,103326.0081,85611.0518,168.2917,0.7233,0.0034,0.0044,pathgraph
4679.9604,103326.7561,85611.7155,168.2961,0.7266,0.0032,0.0044,pathgraph
4680.9604,103327.5041,85612.3792,168.3005,0.7298,0.0031,0.0044,pathgraph
4681.9604,103328.2482,85613.0472,168.3049,0.7332,0.0031,0.0044,pathgraph
4682.9604,103328.9893,85613.7186,168.3092,0.7365,0.0034,0.0043,pathgraph
4683.9604,103329.7304,85614.3899,168.3135,0.7399,0.0036,0.0043,pathgraph
4684.9604,103330.4672,85615.0660,168.3178,0.7437,0.0039,0.0043,pathgraph
4685.9604,103331.2007,85615.7457,168.3221,0.7479,0.0042,0.0043,pathgraph
4686.9604,103331.9342,85616.4254,168.3264,0.7520,0.0044,0.0043,pathgraph
4687.9603,103332.6630,85617.1101,168.3306,0.7564,0.0046,0.0043,pathgraph
4688.9603,103333.3881,85617.7988,168.3349,0.7611,0.0047,0.0042,pathgraph
4689.9603,103334.1127,85618.4879,168.3391,0.7658,0.0048,0.0042,pathgraph
4690.9603,103334.8296,85619.1851,168.3433,0.7705,0.0047,0.0042,pathgraph
4691.9603,103335.5465,85619.8822,168.3475,0.7752,0.0047,0.0042,pathgraph
4692.9603,103336.2589,85620.5840,168.3517,0.7798,0.0046,0.0042,pathgraph
4693.9603,103336.9677,85621.2894,168.3558,0.7844,0.0045,0.0042,pathgraph
4694.9603,103337.6760,85621.9953,168.3600,0.7889,0.0045,0.0041,pathgraph
4695.9603,103338.3762,85622.7092,168.3641,0.7932,0.0043,0.0041,pathgraph
4696.9602,103339.0764,85623.4232,168.3682,0.7975,0.0042,0.0041,pathgraph
4697.9602,103339.7760,85624.1376,168.3723,0.8017,0.0041,0.0057,pathgraph
4698.9602,103340.4676,85624.8599,168.3764,0.8052,0.0037,0.0076,pathgraph
4699.9602,103341.1592,85625.5822,168.3805,0.8088,0.0033,0.0084,pathgraph
4700.9602,103341.8503,85626.3049,168.3846,0.8123,0.0030,0.0091,pathgraph
4701.9602,103342.5345,85627.0342,168.3886,0.8146,0.0026,0.0093,pathgraph
4702.9602,103343.2188,85627.7634,168.3927,0.8169,0.0023,0.0091,pathgraph
4703.9602,103343.9030,85628.4927,168.3967,0.8192,0.0020,0.0090,pathgraph
4704.9602,103344.5869,85629.2222,168.4008,0.8215,0.0016,0.0087,pathgraph
4705.9602,103345.2663,85629.9560,168.4048,0.8231,0.0016,0.0079,pathgraph
4706.9602,103345.9456,85630.6898,168.4088,0.8247,0.0016,0.0072,pathgraph
4707.9602,103346.6250,85631.4236,168.4129,0.8263,0.0016,0.0069,pathgraph
4708.9546,103347.2788,85632.1730,168.4818,0.8485,0.0043,0.0068,gnss_loop
4709.9516,103347.9415,85632.9178,168.5030,0.8468,0.0039,0.0069,gnss_loop
4710.9490,103348.5999,85633.6670,168.5248,0.8512,0.0036,0.0067,gnss_loop
4711.9460,103349.2560,85634.4177,168.5386,0.8546,0.0025,0.0066,gnss_loop
4712.9421,103349.9083,85635.1705,168.5434,0.8573,0.0011,0.0069,gnss_loop
4713.9361,103350.5585,85635.9223,168.5390,0.8574,0.0011,0.0074,gnss_loop
4714.9296,103351.2089,85636.6734,168.5475,0.8566,0.0019,0.0074,gnss_loop
4715.9235,103351.8602,85637.4241,168.5348,0.8553,0.0025,0.0074,gnss_loop
4716.9213,103352.5153,85638.1767,168.5193,0.8526,0.0034,0.0074,gnss_loop
4717.9257,103353.1778,85638.9317,168.5171,0.8535,0.0044,0.0075,gnss_loop
4718.9326,103353.8375,85639.6924,168.5122,0.8608,0.0054,0.0059,gnss_loop
4719.9397,103354.4905,85640.4591,168.5206,0.8707,0.0061,0.0042,gnss_loop
4720.9465,103355.1351,85641.2324,168.5255,0.8807,0.0066,0.0039,gnss_loop
4721.9506,103355.7706,85642.0099,168.5222,0.8921,0.0070,0.0036,gnss_loop
4722.9532,103356.3948,85642.7944,168.5256,0.9026,0.0066,0.0037,gnss_loop
4723.9532,103357.0113,85643.5818,168.5435,0.9092,0.0059,0.0041,gnss_loop
4724.9543,103357.6243,85644.3733,168.5532,0.9125,0.0051,0.0043,gnss_loop
4725.9547,103358.2358,85645.1651,168.5548,0.9149,0.0043,0.0046,gnss_loop
4726.9542,103358.8439,85645.9582,168.5616,0.9169,0.0035,0.0057,gnss_loop
4727.9512,103359.4502,85646.7497,168.5641,0.9176,0.0031,0.0066,gnss_loop
4728.9491,103360.0563,85647.5424,168.5726,0.9198,0.0029,0.0069,gnss_loop
4729.9480,103360.6603,85648.3381,168.5735,0.9233,0.0029,0.0070,gnss_loop
4730.9465,103361.2612,85649.1356,168.5878,0.9271,0.0031,0.0067,gnss_loop
4731.9479,103361.8606,85649.9378,168.6034,0.9315,0.0033,0.0067,gnss_loop
4732.9524,103362.4580,85650.7453,168.6127,0.9358,0.0034,0.0068,gnss_loop
4733.9570,103363.0523,85651.5552,168.6230,0.9383,0.0033,0.0064,gnss_loop
4734.9604,103363.6450,85652.3648,168.6301,0.9413,0.0030,0.0057,gnss_loop
4735.9619,103364.2327,85653.1759,168.6353,0.9458,0.0023,0.0054,gnss_loop
4736.9592,103364.8145,85653.9859,168.6414,0.9484,0.0015,0.0054,gnss_loop
4737.9518,103365.3927,85654.7926,168.6532,0.9504,0.0007,0.0056,gnss_loop
4738.9442,103365.9685,85655.6008,168.6576,0.9524,0.0001,0.0057,gnss_loop
4739.9354,103366.5426,85656.4089,168.6630,0.9517,-0.0003,0.0058,gnss_loop
4740.9293,103367.1204,85657.2176,168.6630,0.9485,-0.0004,0.0056,gnss_loop
4741.9246,103367.7022,85658.0252,168.6643,0.9450,-0.0001,0.0050,gnss_loop
4742.9230,103368.2882,85658.8335,168.6652,0.9415,0.0004,0.0045,gnss_loop
4743.9221,103368.8779,85659.6400,168.6697,0.9400,0.0010,0.0042,gnss_loop
4744.9228,103369.4676,85660.4485,168.6711,0.9417,0.0019,0.0041,gnss_loop
4745.9246,103370.0561,85661.2592,168.6667,0.9457,0.0029,0.0041,gnss_loop
4746.9278,103370.6409,85662.0744,168.6693,0.9517,0.0035,0.0041,gnss_loop
4747.9298,103371.2197,85662.8922,168.6748,0.9581,0.0037,0.0038,gnss_loop
4748.9327,103371.7938,85663.7146,168.6829,0.9648,0.0033,0.0036,gnss_loop
4749.9339,103372.3612,85664.5394,168.6910,0.9707,0.0024,0.0035,gnss_loop
4750.9336,103372.9237,85665.3659,168.6980,0.9744,0.0013,0.0033,gnss_loop
4751.9318,103373.4834,85666.1925,168.6988,0.9752,0.0002,0.0033,gnss_loop
4752.9313,103374.0444,85667.0197,168.7022,0.9731,-0.0008,0.0033,gnss_loop
4753.9292,103374.6073,85667.8436,168.7024,0.9679,-0.0014,0.0034,gnss_loop
4754.9285,103375.1768,85668.6647,168.7089,0.9623,-0.0018,0.0035,gnss_loop
4755.9291,103375.7505,85669.4846,168.7156,0.9580,-0.0019,0.0037,gnss_loop
4756.9308,103376.3284,85670.3027,168.7236,0.9546,-0.0016,0.0038,gnss_loop
4757.9318,103376.9079,85671.1190,168.7250,0.9539,-0.0010,0.0037,gnss_loop
4758.9332,103377.4868,85671.9361,168.7282,0.9555,-0.0004,0.0036,gnss_loop
4759.9350,103378.0640,85672.7548,168.7332,0.9574,0.0001,0.0035,gnss_loop
4760.9352,103378.6393,85673.5731,168.7329,0.9589,0.0003,0.0034,gnss_loop
4761.9341,103379.2124,85674.3913,168.7314,0.9610,0.0004,0.0034,gnss_loop
4762.9322,103379.7830,85675.2101,168.7324,0.9620,0.0003,0.0034,gnss_loop
4763.9301,103380.3538,85676.0287,168.7355,0.9614,0.0001,0.0033,gnss_loop
4764.9277,103380.9251,85676.8465,168.7401,0.9600,0.0000,0.0031,gnss_loop
4765.9266,103381.4989,85677.6641,168.7459,0.9584,0.0000,0.0029,gnss_loop
4766.9267,103382.0742,85678.4822,168.7476,0.9574,-0.0000,0.0028,gnss_loop
4767.9282,103382.6511,85679.3008,168.7489,0.9570,0.0000,0.0025,gnss_loop
4768.9307,103383.2285,85680.1203,168.7493,0.9575,0.0002,0.0021,gnss_loop
4769.9323,103383.8046,85680.9397,168.7579,0.9592,0.0004,0.0017,gnss_loop
4770.9324,103384.3779,85681.7592,168.7649,0.9608,0.0005,0.0017,gnss_loop
4771.9325,103384.9503,85682.5792,168.7661,0.9618,0.0005,0.0019,gnss_loop
4772.9317,103385.5216,85683.3991,168.7720,0.9624,0.0004,0.0023,gnss_loop
4773.9305,103386.0923,85684.2188,168.7706,0.9628,0.0002,0.0025,gnss_loop
4774.9293,103386.6626,85685.0387,168.7705,0.9629,-0.0001,0.0025,gnss_loop
4775.9283,103387.2332,85685.8587,168.7721,0.9625,-0.0004,0.0024,gnss_loop
4776.9261,103387.8038,85686.6772,168.7760,0.9615,-0.0006,0.0023,gnss_loop
4777.9237,103388.3752,85687.4950,168.7797,0.9607,-0.0008,0.0022,gnss_loop
4778.9216,103388.9472,85688.3127,168.7723,0.9595,-0.0009,0.0023,gnss_loop
4779.9204,103389.5212,85689.1301,168.7685,0.9579,-0.0009,0.0022,gnss_loop
4780.9197,103390.0966,85689.9470,168.7662,0.9568,-0.0007,0.0019,gnss_loop
4781.9201,103390.6734,85690.7645,168.7694,0.9559,-0.0004,0.0018,gnss_loop
4782.9215,103391.2515,85691.5822,168.7754,0.9551,-0.0002,0.0016,gnss_loop
4783.9227,103391.8299,85692.3994,168.7857,0.9545,0.0002,0.0016,gnss_loop
4784.9241,103392.4089,85693.2164,168.7874,0.9549,0.0007,0.0019,gnss_loop
4785.9249,103392.9866,85694.0337,168.7926,0.9563,0.0010,0.0020,gnss_loop
4786.9253,103393.5627,85694.8515,168.7939,0.9579,0.0012,0.0019,gnss_loop
4787.9251,103394.1372,85695.6698,168.7948,0.9594,0.0013,0.0017,gnss_loop
4788.9246,103394.7103,85696.4886,168.7945,0.9620,0.0013,0.0017,gnss_loop
4789.9221,103395.2793,85697.3079,168.7995,0.9645,0.0010,0.0019,gnss_loop
4790.9196,103395.8470,85698.1281,168.7993,0.9660,0.0006,0.0022,gnss_loop
4791.9174,103396.4138,85698.9493,168.8017,0.9667,0.0002,0.0025,gnss_loop
4792.9152,103396.9806,85699.7705,168.8032,0.9666,-0.0001,0.0024,gnss_loop
4793.9130,103397.5476,85700.5915,168.8027,0.9655,-0.0004,0.0021,gnss_loop
4794.9116,103398.1165,85701.4122,168.8093,0.9635,-0.0007,0.0021,gnss_loop
4795.9102,103398.6873,85702.2317,168.8109,0.9613,-0.0008,0.0022,gnss_loop
4796.9086,103399.2597,85703.0497,168.8137,0.9599,-0.0009,0.0022,gnss_loop
4797.9074,103399.8329,85703.8676,168.8128,0.9594,-0.0009,0.0024,gnss_loop
4798.9082,103400.4075,85704.6870,168.8141,0.9591,-0.0008,0.0028,gnss_loop
4799.9111,103400.9835,85705.5080,168.8103,0.9590,-0.0006,0.0030,gnss_loop
4800.9152,103401.5602,85706.3299,168.8106,0.9587,-0.0005,0.0031,gnss_loop
4801.9196,103402.1375,85707.1519,168.8182,0.9583,-0.0004,0.0030,gnss_loop
4802.9246,103402.7155,85707.9741,168.8237,0.9578,-0.0004,0.0028,gnss_loop
4803.9288,103403.2935,85708.7952,168.8232,0.9572,-0.0004,0.0028,gnss_loop
4804.9320,103403.8714,85709.6152,168.8274,0.9566,-0.0004,0.0028,gnss_loop
4805.9344,103404.4494,85710.4343,168.8319,0.9561,-0.0004,0.0028,gnss_loop
4806.9364,103405.0274,85711.2527,168.8383,0.9558,-0.0003,0.0027,gnss_loop
4807.9380,103405.6053,85712.0708,168.8415,0.9554,-0.0001,0.0028,gnss_loop
4808.9388,103406.1833,85712.8879,168.8484,0.9549,0.0000,0.0030,gnss_loop
4809.9389,103406.7612,85713.7040,168.8575,0.9547,0.0002,0.0034,gnss_loop
4810.9392,103407.3392,85714.5204,168.8632,0.9550,0.0004,0.0038,gnss_loop
4811.9403,103407.9172,85715.3378,168.8658,0.9557,0.0006,0.0039,gnss_loop
4812.9417,103408.4948,85716.1559,168.8622,0.9566,0.0008,0.0037,gnss_loop
4813.9435,103409.0716,85716.9749,168.8619,0.9579,0.0009,0.0038,gnss_loop
4814.9457,103409.6476,85717.7951,168.8639,0.9593,0.0010,0.0041,gnss_loop
4815.9476,103410.2222,85718.6159,168.8665,0.9608,0.0010,0.0043,gnss_loop
4816.9485,103410.7950,85719.4367,168.8698,0.9618,0.0008,0.0044,gnss_loop
4817.9488,103411.3670,85720.2572,168.8705,0.9623,0.0006,0.0046,gnss_loop
4818.9481,103411.9381,85721.0773,168.8740,0.9635,0.0003,0.0046,gnss_loop
4819.9494,103412.5087,85721.9001,168.8801,0.9646,-0.0001,0.0043,gnss_loop
4820.9527,103413.0802,85722.7247,168.8883,0.9638,-0.0004,0.0038,gnss_loop
4821.9567,103413.6537,85723.5488,168.8935,0.9625,-0.0005,0.0038,gnss_loop
4822.9611,103414.2279,85724.3728,168.8986,0.9619,-0.0005,0.0041,gnss_loop
4823.9664,103414.8032,85725.1973,168.8985,0.9602,-0.0006,0.0041,gnss_loop
4824.9696,103415.3795,85726.0185,168.9092,0.9582,-0.0006,0.0042,gnss_loop
4825.9710,103415.9557,85726.8375,168.9160,0.9579,-0.0005,0.0044,gnss_loop
4826.9723,103416.5316,85727.6566,168.9231,0.9579,-0.0003,0.0045,gnss_loop
4827.9735,103417.1076,85728.4755,168.9334,0.9580,-0.0000,0.0046,gnss_loop
4828.9740,103417.6829,85729.2940,168.9411,0.9584,0.0003,0.0045,gnss_loop
4829.9742,103418.2577,85730.1126,168.9424,0.9585,0.0006,0.0045,gnss_loop
4830.9740,103418.8323,85730.9308,168.9431,0.9587,0.0008,0.0041,gnss_loop
4831.9728,103419.4060,85731.7484,168.9367,0.9599,0.0008,0.0035,gnss_loop
4832.9708,103419.9777,85732.5664,168.9514,0.9613,0.0008,0.0028,gnss_loop
4833.9694,103420.5490,85733.3855,168.9475,0.9625,0.0007,0.0024,gnss_loop
4834.9687,103421.1194,85734.2060,168.9503,0.9641,0.0006,0.0021,gnss_loop
4835.9679,103421.6884,85735.0273,168.9531,0.9654,0.0005,0.0017,gnss_loop
4836.9682,103422.2573,85735.8500,168.9607,0.9656,0.0003,0.0014,gnss_loop
4837.9692,103422.8271,85736.6731,168.9666,0.9651,-0.0000,0.0012,gnss_loop
4838.9695,103423.3968,85737.4954,168.9653,0.9647,-0.0003,0.0010,gnss_loop
4839.9702,103423.9670,85738.3176,168.9698,0.9642,-0.0006,0.0008,gnss_loop
4840.9720,103424.5383,85739.1406,168.9712,0.9638,-0.0007,0.0003,gnss_loop
4841.9739,103425.1100,85739.9634,168.9713,0.9627,-0.0006,-0.0002,gnss_loop
4842.9756,103425.6830,85740.7850,168.9588,0.9611,-0.0004,-0.0010,gnss_loop
4843.9779,103426.2575,85741.6064,168.9514,0.9597,-0.0002,-0.0018,gnss_loop
4844.9786,103426.8322,85742.4255,168.9468,0.9590,-0.0002,-0.0022,gnss_loop
4845.9787,103427.4067,85743.2442,168.9501,0.9596,-0.0002,-0.0026,gnss_loop
4846.9781,103427.9796,85744.0631,168.9477,0.9609,-0.0001,-0.0031,gnss_loop
4847.9777,103428.5517,85744.8828,168.9513,0.9619,-0.0000,-0.0037,gnss_loop
4848.9771,103429.1229,85745.7028,168.9561,0.9626,0.0001,-0.0037,gnss_loop
4849.9768,103429.6939,85746.5234,168.9598,0.9625,0.0002,-0.0039,gnss_loop
4850.9767,103430.2657,85747.3437,168.9560,0.9610,0.0002,-0.0043,gnss_loop
4851.9775,103430.8397,85748.1635,168.9406,0.9602,0.0002,-0.0046,gnss_loop
4852.9784,103431.4134,85748.9837,168.9320,0.9602,0.0002,-0.0049,gnss_loop
4853.9783,103431.9868,85749.8028,168.9149,0.9604,0.0001,-0.0048,gnss_loop
4854.9781,103432.5596,85750.6223,168.9069,0.9612,0.0001,-0.0048,gnss_loop
4855.9778,103433.1316,85751.4422,168.8994,0.9624,0.0001,-0.0049,gnss_loop
4856.9764,103433.7018,85752.2620,168.8962,0.9633,-0.0001,-0.0051,gnss_loop
4857.9750,103434.2716,85753.0821,168.8863,0.9639,-0.0003,-0.0054,gnss_loop
4858.9754,103434.8419,85753.9039,168.8871,0.9636,-0.0006,-0.0057,gnss_loop
4859.9763,103435.4135,85754.7256,168.8884,0.9621,-0.0008,-0.0058,gnss_loop
4860.9773,103435.9866,85755.5463,168.8814,0.9603,-0.0009,-0.0056,gnss_loop
4861.9787,103436.5613,85756.3663,168.8798,0.9585,-0.0010,-0.0052,gnss_loop
4862.9800,103437.1376,85757.1852,168.8693,0.9565,-0.0009,-0.0049,gnss_loop
4863.9809,103437.7154,85758.0025,168.8553,0.9548,-0.0007,-0.0046,gnss_loop
4864.9810,103438.2937,85758.8184,168.8523,0.9542,-0.0004,-0.0042,gnss_loop
4865.9821,103438.8726,85759.6352,168.8458,0.9545,-0.0001,-0.0040,gnss_loop
4866.9818,103439.4502,85760.4511,168.8457,0.9553,0.0002,-0.0040,gnss_loop
4867.9804,103440.0263,85761.2668,168.8379,0.9564,0.0005,-0.0041,gnss_loop
4868.9792,103440.6016,85762.0833,168.8323,0.9572,0.0008,-0.0041,gnss_loop
4869.9784,103441.1768,85762.9003,168.8336,0.9581,0.0009,-0.0043,gnss_loop
4870.9766,103441.7502,85763.7174,168.8379,0.9593,0.0009,-0.0045,gnss_loop
4871.9767,103442.3241,85764.5365,168.8405,0.9597,0.0006,-0.0049,gnss_loop
4872.9777,103442.8983,85765.3563,168.8380,0.9603,0.0004,-0.0052,gnss_loop
4873.9768,103443.4707,85766.1753,168.8289,0.9623,0.0002,-0.0051,gnss_loop
4874.9751,103444.0402,85766.9952,168.8254,0.9632,-0.0001,-0.0052,gnss_loop
4875.9735,103444.6106,85767.8146,168.8211,0.9622,-0.0003,-0.0052,gnss_loop
4876.9721,103445.1819,85768.6337,168.8173,0.9608,-0.0004,-0.0054,gnss_loop
4877.9721,103445.7555,85769.4528,168.8089,0.9597,-0.0004,-0.0055,gnss_loop
4878.9722,103446.3295,85770.2717,168.8032,0.9585,-0.0005,-0.0054,gnss_loop
4879.9728,103446.9054,85771.0899,168.7990,0.9571,-0.0004,-0.0057,gnss_loop
4880.9746,103447.4826,85771.9088,168.7949,0.9564,-0.0000,-0.0061,gnss_loop
4881.9765,103448.0604,85772.7273,168.7860,0.9570,0.0003,-0.0067,gnss_loop
4882.9768,103448.6359,85773.5455,168.7699,0.9580,0.0004,-0.0071,gnss_loop
4883.9782,103449.2118,85774.3648,168.7623,0.9584,0.0005,-0.0073,gnss_loop
4884.9797,103449.7871,85775.1845,168.7489,0.9601,0.0005,-0.0074,gnss_loop
4885.9792,103450.3592,85776.0041,168.7405,0.9628,0.0005,-0.0076,gnss_loop
4886.9781,103450.9287,85776.8247,168.7391,0.9636,0.0003,-0.0079,gnss_loop
4887.9764,103451.4988,85777.6443,168.7260,0.9622,0.0002,-0.0079,gnss_loop
4888.9745,103452.0701,85778.4627,168.7252,0.9615,0.0002,-0.0079,gnss_loop
4889.9734,103452.6416,85779.2820,168.7170,0.9616,-0.0001,-0.0078,gnss_loop
4890.9728,103453.2136,85780.1014,168.7081,0.9605,-0.0003,-0.0080,gnss_loop
4891.9732,103453.7878,85780.9207,168.7053,0.9600,-0.0003,-0.0082,gnss_loop
4892.9748,103454.3618,85781.7415,168.6931,0.9608,-0.0001,-0.0082,gnss_loop
4893.9766,103454.9354,85782.5627,168.6852,0.9610,-0.0000,-0.0086,gnss_loop
4894.9775,103455.5088,85783.3831,168.6760,0.9604,0.0000,-0.0089,gnss_loop
4895.9784,103456.0827,85784.2031,168.6677,0.9604,0.0001,-0.0090,gnss_loop
4896.9790,103456.6561,85785.0232,168.6586,0.9606,0.0001,-0.0092,gnss_loop
4897.9796,103457.2295,85785.8432,168.6501,0.9609,-0.0000,-0.0094,gnss_loop
4898.9803,103457.8024,85786.6636,168.6429,0.9614,-0.0001,-0.0094,gnss_loop
4899.9808,103458.3749,85787.4841,168.6399,0.9614,-0.0002,-0.0097,gnss_loop
4900.9809,103458.9476,85788.3040,168.6354,0.9611,-0.0002,-0.0098,gnss_loop
4901.9809,103459.5202,85789.1239,168.6218,0.9610,-0.0002,-0.0101,gnss_loop
4902.9814,103460.0932,85789.9440,168.6159,0.9602,-0.0002,-0.0103,gnss_loop
4903.9815,103460.6673,85790.7629,168.5960,0.9591,-0.0001,-0.0105,gnss_loop
4904.9818,103461.2420,85791.5817,168.5751,0.9586,-0.0000,-0.0108,gnss_loop
4905.9829,103461.8174,85792.4009,168.5605,0.9584,0.0001,-0.0110,gnss_loop
4906.9826,103462.3921,85793.2189,168.5497,0.9592,0.0001,-0.0116,gnss_loop
4907.9812,103462.9649,85794.0369,168.5413,0.9603,0.0002,-0.0121,gnss_loop
4908.9805,103463.5375,85794.8559,168.5296,0.9605,0.0004,-0.0125,gnss_loop
4909.9811,103464.1110,85795.6758,168.5267,0.9614,0.0006,-0.0127,gnss_loop
4910.9796,103464.6818,85796.4951,168.5091,0.9620,0.0007,-0.0129,gnss_loop
4911.9789,103465.2535,85797.3147,168.5031,0.9613,0.0007,-0.0131,gnss_loop
4912.9784,103465.8261,85798.1339,168.4868,0.9614,0.0006,-0.0132,gnss_loop
4913.9775,103466.3974,85798.9536,168.4786,0.9632,0.0004,-0.0135,gnss_loop
4914.9755,103466.9661,85799.7736,168.4569,0.9646,0.0002,-0.0133,gnss_loop
4915.9742,103467.5349,85800.5945,168.4516,0.9653,0.0000,-0.0131,gnss_loop
4916.9738,103468.1035,85801.4167,168.4293,0.9661,0.0000,-0.0132,gnss_loop
4917.9739,103468.6718,85802.2396,168.4104,0.9657,-0.0001,-0.0135,gnss_loop
4918.9739,103469.2412,85803.0617,168.3920,0.9642,-0.0002,-0.0137,gnss_loop
4919.9747,103469.8124,85803.8834,168.3770,0.9624,-0.0003,-0.0140,gnss_loop
4920.9767,103470.3859,85804.7052,168.3728,0.9616,-0.0004,-0.0143,gnss_loop
4921.9780,103470.9587,85805.5264,168.3597,0.9616,-0.0005,-0.0144,gnss_loop
4922.9783,103471.5313,85806.3466,168.3466,0.9617,-0.0004,-0.0144,gnss_loop
4923.9784,103472.1032,85807.1670,168.3371,0.9620,-0.0002,-0.0143,gnss_loop
4924.9780,103472.6749,85807.9871,168.3099,0.9621,-0.0001,-0.0142,gnss_loop
4925.9768,103473.2460,85808.8065,168.3016,0.9618,-0.0000,-0.0141,gnss_loop
4926.9751,103473.8173,85809.6251,168.2827,0.9613,0.0000,-0.0141,gnss_loop
4927.9748,103474.3898,85810.4447,168.2721,0.9612,0.0000,-0.0138,gnss_loop
4928.9750,103474.9623,85811.2648,168.2517,0.9616,0.0001,-0.0135,gnss_loop
4929.9757,103475.5347,85812.0856,168.2434,0.9615,0.0002,-0.0135,gnss_loop
4930.9758,103476.1073,85812.9056,168.2248,0.9615,0.0005,-0.0140,gnss_loop
4931.9769,103476.6799,85813.7267,168.2076,0.9619,0.0007,-0.0145,gnss_loop
4932.9765,103477.2517,85814.5467,168.1988,0.9625,0.0007,-0.0145,gnss_loop
4933.9763,103477.8225,85815.3675,168.1877,0.9633,0.0005,-0.0148,gnss_loop
4934.9759,103478.3929,85816.1884,168.1767,0.9649,0.0003,-0.0145,gnss_loop
4935.9756,103478.9610,85817.0110,168.1629,0.9669,-0.0000,-0.0141,gnss_loop
4936.9746,103479.5278,85817.8337,168.1553,0.9676,-0.0003,-0.0141,gnss_loop
4937.9743,103480.0948,85818.6570,168.1353,0.9671,-0.0004,-0.0141,gnss_loop
4938.9738,103480.6627,85819.4795,168.1256,0.9658,-0.0005,-0.0143,gnss_loop
4939.9738,103481.2320,85820.3016,168.1096,0.9630,-0.0008,-0.0146,gnss_loop
4940.9735,103481.8046,85821.1211,168.0917,0.9602,-0.0009,-0.0146,gnss_loop
4941.9748,103482.3793,85821.9411,168.0688,0.9594,-0.0009,-0.0141,gnss_loop
4942.9760,103482.9540,85822.7608,168.0562,0.9594,-0.0008,-0.0140,gnss_loop
4943.9771,103483.5285,85823.5806,168.0404,0.9591,-0.0007,-0.0142,gnss_loop
4944.9776,103484.1034,85824.3995,168.0227,0.9592,-0.0003,-0.0145,gnss_loop
4945.9801,103484.6787,85825.2205,168.0148,0.9596,-0.0000,-0.0149,gnss_loop
4946.9808,103485.2530,85826.0400,168.0030,0.9592,0.0000,-0.0153,gnss_loop
4947.9816,103485.8278,85826.8593,167.9914,0.9585,-0.0001,-0.0154,gnss_loop
4948.9808,103486.4025,85827.6767,167.9705,0.9583,-0.0001,-0.0153,gnss_loop
4949.9803,103486.9769,85828.4946,167.9524,0.9596,-0.0001,-0.0155,gnss_loop
4950.9779,103487.5486,85829.3122,167.9314,0.9600,-0.0002,-0.0155,gnss_loop
4951.9758,103488.1213,85830.1294,167.9230,0.9590,-0.0001,-0.0153,gnss_loop
4952.9733,103488.6946,85830.9457,167.9145,0.9585,0.0000,-0.0148,gnss_loop
4953.9720,103489.2686,85831.7629,167.9027,0.9589,0.0000,-0.0144,gnss_loop
4954.9704,103489.8418,85832.5804,167.8858,0.9581,-0.0001,-0.0143,gnss_loop
4955.9683,103490.4166,85833.3961,167.8681,0.9574,-0.0001,-0.0144,gnss_loop
4956.9666,103490.9909,85834.2127,167.8468,0.9580,0.0001,-0.0146,gnss_loop
4957.9672,103491.5664,85835.0312,167.8300,0.9591,0.0001,-0.0145,gnss_loop
4958.9687,103492.1407,85835.8517,167.8147,0.9591,0.0000,-0.0143,gnss_loop
4959.9671,103492.7149,85836.6686,167.8034,0.9585,0.0002,-0.0144,gnss_loop
4960.9666,103493.2889,85837.4867,167.7829,0.9595,0.0003,-0.0142,gnss_loop
4961.9660,103493.8620,85838.3055,167.7679,0.9600,0.0003,-0.0141,gnss_loop
4962.9648,103494.4349,85839.1236,167.7529,0.9591,0.0003,-0.0145,gnss_loop
4963.9632,103495.0089,85839.9405,167.7533,0.9588,0.0002,-0.0149,gnss_loop
4964.9626,103495.5827,85840.7588,167.7393,0.9596,0.0002,-0.0153,gnss_loop
4965.9635,103496.1568,85841.5786,167.7256,0.9606,-0.0001,-0.0144,gnss_loop
4966.9634,103496.7292,85842.3985,167.7102,0.9617,-0.0003,-0.0134,gnss_loop
4967.9624,103497.3004,85843.2181,167.6948,0.9611,-0.0002,-0.0135,gnss_loop
4968.9627,103497.8740,85844.0376,167.6901,0.9608,0.0001,-0.0136,gnss_loop
4969.9659,103498.4482,85844.8603,167.6703,0.9607,0.0000,-0.0136,gnss_loop
4970.9666,103499.0222,85845.6799,167.6499,0.9576,0.0001,-0.0135,gnss_loop
4971.9689,103499.6008,85846.4984,167.6390,0.9562,0.0006,-0.0132,gnss_loop
4972.9688,103500.1768,85847.3157,167.6252,0.9589,0.0009,-0.0133,gnss_loop
4973.9667,103500.7485,85848.1336,167.6060,0.9607,0.0007,-0.0137,gnss_loop
4974.9658,103501.3210,85848.9524,167.5861,0.9596,0.0008,-0.0141,gnss_loop
4975.9628,103501.8940,85849.7683,167.5616,0.9646,0.0008,-0.0143,gnss_loop
4976.9598,103502.4571,85850.5910,167.5856,0.9698,0.0001,-0.0142,gnss_loop
4977.9591,103503.0228,85851.4148,167.5647,0.9677,-0.0006,-0.0143,gnss_loop
4978.9600,103503.5916,85852.2384,167.5446,0.9658,-0.0008,-0.0148,gnss_loop
4979.9590,103504.1602,85853.0598,167.5279,0.9664,-0.0011,-0.0148,gnss_loop
4980.9598,103504.7280,85853.8840,167.5163,0.9617,-0.0017,-0.0145,gnss_loop
4981.9617,103505.3061,85854.7023,167.5036,0.9552,-0.0017,-0.0146,gnss_loop
4982.9650,103505.8859,85855.5210,167.4911,0.9536,-0.0013,-0.0152,gnss_loop
4983.9670,103506.4667,85856.3376,167.4711,0.9524,-0.0008,-0.0155,gnss_loop
4984.9693,103507.0478,85857.1542,167.4597,0.9518,-0.0002,-0.0157,gnss_loop
4985.9727,103507.6304,85857.9712,167.4440,0.9527,0.0005,-0.0158,gnss_loop
4986.9746,103508.2099,85858.7884,167.4204,0.9535,0.0011,-0.0167,gnss_loop
4987.9747,103508.7893,85859.6037,167.4182,0.9563,0.0016,-0.0176,gnss_loop
4988.9747,103509.3631,85860.4226,167.3873,0.9614,0.0018,-0.0173,gnss_loop
4989.9740,103509.9336,85861.2430,167.3747,0.9637,0.0018,-0.0171,gnss_loop
4990.9739,103510.5036,85862.0645,167.3625,0.9630,0.0019,-0.0171,gnss_loop
4991.9736,103511.0755,85862.8846,167.3498,0.9660,0.0017,-0.0174,gnss_loop
4992.9727,103511.6401,85863.7089,167.3244,0.9692,0.0009,-0.0180,gnss_loop
4993.9713,103512.2060,85864.5316,167.3009,0.9681,0.0001,-0.0188,gnss_loop
4994.9695,103512.7719,85865.3538,167.2774,0.9689,-0.0004,-0.0192,gnss_loop
4995.9668,103513.3358,85866.1764,167.2539,0.9707,-0.0009,-0.0191,gnss_loop
4996.9638,103513.8982,85866.9997,167.2304,0.9689,-0.0015,-0.0184,gnss_loop
4997.9606,103514.4648,85867.8198,167.2132,0.9650,-0.0018,-0.0181,gnss_loop
4998.9579,103515.0336,85868.6390,167.1993,0.9614,-0.0017,-0.0177,gnss_loop
4999.9571,103515.6076,85869.4569,167.1845,0.9576,-0.0016,-0.0172,gnss_loop
5000.9552,103516.1831,85870.2723,167.1708,0.9555,-0.0013,-0.0172,gnss_loop
5001.9530,103516.7595,85871.0868,167.1534,0.9532,-0.0008,-0.0175,gnss_loop
5002.9522,103517.3394,85871.9004,167.1370,0.9521,-0.0002,-0.0176,gnss_loop
5003.9507,103517.9181,85872.7142,167.1008,0.9542,0.0003,-0.0175,gnss_loop
5004.9493,103518.4943,85873.5299,167.0710,0.9572,0.0006,-0.0173,gnss_loop
5005.9485,103519.0685,85874.3476,167.0545,0.9591,0.0008,-0.0169,gnss_loop
5006.9477,103519.6418,85875.1659,167.0496,0.9611,0.0011,-0.0167,gnss_loop
5007.9468,103520.2129,85875.9857,167.0451,0.9625,0.0011,-0.0167,gnss_loop
5008.9468,103520.7842,85876.8065,167.0352,0.9624,0.0008,-0.0167,gnss_loop
5009.9458,103521.3553,85877.6261,167.0264,0.9615,0.0005,-0.0164,gnss_loop
5010.9455,103521.9279,85878.4455,167.0151,0.9619,0.0003,-0.0161,gnss_loop
5011.9444,103522.4985,85879.2655,166.9999,0.9630,-0.0000,-0.0159,gnss_loop
5012.9429,103523.0685,85880.0853,166.9776,0.9632,-0.0002,-0.0157,gnss_loop
5013.9417,103523.6387,85880.9053,166.9574,0.9624,-0.0002,-0.0150,gnss_loop
5014.9389,103524.2094,85881.7230,166.9328,0.9625,-0.0001,-0.0140,gnss_loop
5015.9377,103524.7793,85882.5433,166.9198,0.9625,-0.0000,-0.0136,gnss_loop
5016.9379,103525.3518,85883.3635,166.9007,0.9610,0.0001,-0.0139,gnss_loop
5017.9385,103525.9251,85884.1835,166.8812,0.9600,0.0002,-0.0146,gnss_loop
5018.9385,103526.4991,85885.0024,166.8620,0.9606,0.0002,-0.0151,gnss_loop
5019.9398,103527.0719,85885.8237,166.8501,0.9616,-0.0001,-0.0155,gnss_loop
5020.9383,103527.6435,85886.6424,166.8468,0.9628,-0.0004,-0.0160,gnss_loop
5021.9352,103528.2117,85887.4615,166.8348,0.9645,-0.0007,-0.0163,gnss_loop
5022.9332,103528.7803,85888.2818,166.8215,0.9646,-0.0012,-0.0162,gnss_loop
5023.9321,103529.3493,85889.1027,166.8099,0.9636,-0.0015,-0.0157,gnss_loop
5024.9310,103529.9201,85889.9224,166.8002,0.9605,-0.0015,-0.0150,gnss_loop
5025.9298,103530.4943,85890.7397,166.7829,0.9566,-0.0016,-0.0149,gnss_loop
5026.9308,103531.0725,85891.5568,166.7720,0.9511,-0.0013,-0.0151,gnss_loop
5027.9274,103531.6544,85892.3659,166.7492,0.9471,-0.0007,-0.0151,gnss_loop
5028.9202,103532.2344,85893.1717,166.7311,0.9479,-0.0005,-0.0148,gnss_loop
5029.9150,103532.8139,85893.9802,166.7167,0.9497,-0.0000,-0.0146,gnss_loop
5030.9136,103533.3945,85894.7928,166.6950,0.9497,0.0009,-0.0150,gnss_loop
5031.9165,103533.9787,85895.6079,166.6743,0.9562,0.0013,-0.0152,gnss_loop
5032.9196,103534.5511,85896.4316,166.6590,0.9587,0.0015,-0.0150,gnss_loop
5033.9219,103535.1310,85897.2491,166.6412,0.9559,0.0016,-0.0150,gnss_loop
5034.9193,103535.7047,85898.0651,166.6346,0.9607,0.0014,-0.0147,gnss_loop
5035.9193,103536.2754,85898.8861,166.6260,0.9629,0.0007,-0.0145,gnss_loop
5036.9106,103536.8419,85899.6996,166.6012,0.9594,0.0003,-0.0144,gnss_loop
5037.9063,103537.4160,85900.5132,166.5839,0.9623,0.0003,-0.0141,gnss_loop
5038.9075,103537.9834,85901.3381,166.5689,0.9644,0.0002,-0.0134,gnss_loop
5039.9131,103538.5597,85902.1622,166.5559,0.9594,-0.0001,-0.0128,gnss_loop
5040.9143,103539.1353,85902.9814,166.5439,0.9592,-0.0001,-0.0121,gnss_loop
5041.9189,103539.7113,85903.8045,166.5225,0.9603,-0.0001,-0.0110,gnss_loop
5042.9216,103540.2860,85904.6261,166.5190,0.9599,-0.0003,-0.0103,gnss_loop
5043.9243,103540.8617,85905.4471,166.5047,0.9609,-0.0003,-0.0092,gnss_loop
5044.9265,103541.4344,85906.2696,166.4988,0.9611,-0.0000,-0.0086,gnss_loop
5045.9275,103542.0087,85907.0894,166.4957,0.9598,-0.0000,-0.0088,gnss_loop
5046.9288,103542.5830,85907.9096,166.4794,0.9606,0.0000,-0.0077,gnss_loop
5047.9311,103543.1568,85908.7314,166.4749,0.9601,0.0000,-0.0065,gnss_loop
5048.9311,103543.7312,85909.5500,166.4569,0.9588,0.0001,-0.0059,gnss_loop
5049.9289,103544.3046,85910.3666,166.4582,0.9591,0.0003,-0.0052,gnss_loop
5050.9290,103544.8785,85911.1856,166.4493,0.9604,0.0002,-0.0042,gnss_loop
5051.9289,103545.4511,85912.0054,166.4541,0.9603,-0.0002,-0.0033,gnss_loop
5052.9302,103546.0257,85912.8254,166.4504,0.9606,-0.0006,-0.0027,gnss_loop
5053.9290,103546.5971,85913.6446,166.4504,0.9623,-0.0008,-0.0023,gnss_loop
5054.9281,103547.1677,85914.4647,166.4645,0.9632,-0.0013,-0.0019,gnss_loop
5055.9230,103547.7354,85915.2817,166.4478,0.9613,-0.0014,-0.0015,gnss_loop
5056.9139,103548.3045,85916.0929,166.4431,0.9559,-0.0010,-0.0008,gnss_loop
5057.8973,103548.8743,85916.8944,166.4581,0.9528,-0.0005,-0.0003,gnss_loop
5058.8821,103549.4449,85917.6971,166.4552,0.9501,0.0001,0.0005,gnss_loop
5059.8683,103550.0207,85918.4978,166.4515,0.9472,0.0011,0.0012,gnss_loop
5060.8580,103550.5988,85919.3010,166.4571,0.9495,0.0019,0.0015,gnss_loop
5061.8515,103551.1751,85920.1103,166.4644,0.9543,0.0026,0.0020,gnss_loop
5062.8533,103551.7525,85920.9290,166.4628,0.9594,0.0030,0.0021,gnss_loop
5063.8587,103552.3272,85921.7539,166.4644,0.9686,0.0028,0.0019,gnss_loop
5064.8674,103552.8933,85922.5888,166.4643,0.9755,0.0020,0.0016,gnss_loop
5065.8816,103553.4615,85923.4289,166.4598,0.9771,0.0012,0.0017,gnss_loop
5066.8927,103554.0262,85924.2676,166.4716,0.9794,0.0004,0.0022,gnss_loop
5067.9007,103554.5872,85925.1050,166.4723,0.9779,-0.0008,0.0022,gnss_loop
5068.9061,103555.1513,85925.9373,166.4715,0.9694,-0.0018,0.0027,gnss_loop
5069.9102,103555.7242,85926.7619,166.4817,0.9635,-0.0022,0.0036,gnss_loop
5070.9057,103556.2923,85927.5794,166.4836,0.9617,-0.0024,0.0038,gnss_loop
5071.9101,103556.8684,85928.4021,166.4866,0.9587,-0.0024,0.0036,gnss_loop
5072.9153,103557.4470,85929.2242,166.5000,0.9557,-0.0015,0.0035,gnss_loop
5073.9236,103558.0302,85930.0467,166.4929,0.9555,-0.0005,0.0040,gnss_loop
5074.9289,103558.6092,85930.8685,166.4877,0.9565,0.0001,0.0044,gnss_loop
5075.9394,103559.1921,85931.6940,166.4969,0.9568,0.0007,0.0049,gnss_loop
5076.9448,103559.7707,85932.5162,166.4878,0.9579,0.0013,0.0055,gnss_loop
5077.9474,103560.3471,85933.3364,166.4945,0.9617,0.0016,0.0058,gnss_loop
5078.9472,103560.9162,85934.1585,166.4983,0.9629,0.0020,0.0058,gnss_loop
5079.9440,103561.4874,85934.9754,166.5276,0.9648,0.0024,0.0058,gnss_loop
5080.9349,103562.0483,85935.7923,166.5297,0.9682,0.0021,0.0059,gnss_loop
5081.9271,103562.6113,85936.6093,166.5391,0.9693,0.0013,0.0067,gnss_loop
5082.9171,103563.1700,85937.4265,166.5336,0.9703,0.0007,0.0069,gnss_loop
5083.9064,103563.7298,85938.2423,166.5433,0.9768,0.0002,0.0069,gnss_loop
5084.8908,103564.2747,85939.0621,166.5544,0.9791,-0.0004,0.0075,gnss_loop
5085.8770,103564.8288,85939.8779,166.5614,0.9730,-0.0007,0.0072,gnss_loop
5086.8607,103565.3833,85940.6904,166.5715,0.9698,-0.0004,0.0071,gnss_loop
5087.8472,103565.9429,85941.5029,166.5918,0.9679,-0.0003,0.0068,gnss_loop
5088.8357,103566.5032,85942.3172,166.5950,0.9643,-0.0008,0.0060,gnss_loop
5089.8359,103567.0764,85943.1369,166.5902,0.9610,-0.0007,0.0052,gnss_loop
5090.8346,103567.6479,85943.9558,166.6064,0.9634,-0.0001,0.0042,gnss_loop
5091.8342,103568.2168,85944.7778,166.6059,0.9694,0.0003,0.0032,gnss_loop
5092.8308,103568.7774,85945.6018,166.6420,0.9716,0.0010,0.0026,gnss_loop
5093.8265,103569.3403,85946.4230,166.6294,0.9696,0.0027,0.0028,gnss_loop
5094.8196,103569.9023,85947.2419,166.6477,0.9704,0.0047,0.0024,gnss_loop
5095.8173,103570.4652,85948.0657,166.6431,0.9717,0.0066,0.0015,gnss_loop
5096.8138,103571.0268,85948.8888,166.6403,0.9713,0.0090,0.0013,gnss_loop
5097.8174,103571.5937,85949.7169,166.6377,0.9787,0.0121,0.0011,gnss_loop
5098.8340,103572.1543,85950.5651,166.6247,0.9948,0.0157,-0.0001,gnss_loop
5099.8474,103572.6993,85951.4194,166.6183,1.0143,0.0195,-0.0004,gnss_loop
5100.8589,103573.2237,85952.2843,166.6266,1.0386,0.0235,0.0007,gnss_loop
5101.8734,103573.7273,85953.1650,166.6059,1.0660,0.0272,0.0024,gnss_loop
5102.8878,103574.2048,85954.0601,166.5972,1.0964,0.0297,0.0021,gnss_loop
5103.8912,103574.6491,85954.9597,166.5835,1.1295,0.0310,0.0016,gnss_loop
5104.8994,103575.0638,85955.8787,166.6105,1.1667,0.0317,0.0026,gnss_loop
5105.9115,103575.4433,85956.8169,166.5891,1.2039,0.0322,0.0026,gnss_loop
5106.9298,103575.7919,85957.7736,166.5907,1.2406,0.0329,0.0033,gnss_loop
5107.9499,103576.1040,85958.7448,166.5989,1.2733,0.0335,0.0041,gnss_loop
5108.9583,103576.3865,85959.7129,166.6103,1.3014,0.0339,0.0053,gnss_loop
5109.9475,103576.6357,85960.6702,166.5723,1.3293,0.0339,0.0062,gnss_loop
5110.9324,103576.8587,85961.6295,166.5973,1.3606,0.0335,0.0066,gnss_loop
5111.9105,103577.0452,85962.5897,166.6277,1.3961,0.0323,0.0071,gnss_loop
5112.8837,103577.1977,85963.5508,166.6874,1.4330,0.0304,0.0079,gnss_loop
5113.8666,103577.3139,85964.5268,166.6490,1.4716,0.0281,0.0084,gnss_loop
5114.8738,103577.3949,85965.5308,166.6920,1.5071,0.0250,0.0073,gnss_loop
5115.8804,103577.4420,85966.5363,166.6946,1.5365,0.0209,0.0062,gnss_loop
5116.8870,103577.4639,85967.5427,166.7061,1.5539,0.0165,0.0026,gnss_loop
5117.8942,103577.4761,85968.5498,166.7170,1.5629,0.0124,-0.0022,gnss_loop
5118.9016,103577.4799,85969.5572,166.7355,1.5690,0.0082,-0.0043,gnss_loop
5119.9011,103577.4797,85970.5566,166.7497,1.5673,0.0042,-0.0055,gnss_loop
5120.9005,103577.4869,85971.5560,166.7504,1.5623,0.0012,-0.0062,gnss_loop
5121.8999,103577.4968,85972.5554,166.7657,1.5633,-0.0010,-0.0069,gnss_loop
5122.8993,103577.5018,85973.5548,166.7575,1.5658,-0.0030,-0.0071,gnss_loop
5123.8987,103577.5067,85974.5542,166.7689,1.5621,-0.0047,-0.0073,gnss_loop
5124.8983,103577.5192,85975.5536,166.7638,1.5580,-0.0061,-0.0096,gnss_loop
5125.8979,103577.5324,85976.5532,166.7410,1.5537,-0.0078,-0.0130,gnss_loop
5126.8975,103577.5533,85977.5526,166.7217,1.5447,-0.0100,-0.0144,gnss_loop
5127.8973,103577.5846,85978.5519,166.5685,1.5332,-0.0119,-0.0154,gnss_loop
5128.8974,103577.6284,85979.5510,166.5289,1.5181,-0.0135,-0.0166,gnss_loop
5129.8978,103577.6899,85980.5495,166.4973,1.5012,-0.0157,-0.0178,gnss_loop
5130.8993,103577.7676,85981.5480,166.4563,1.4834,-0.0179,-0.0186,gnss_loop
5131.9025,103577.8648,85982.5465,166.4529,1.4653,-0.0199,-0.0193,gnss_loop
5132.9076,103577.9791,85983.5451,166.4811,1.4479,-0.0229,-0.0206,gnss_loop
5133.9096,103578.1107,85984.5384,166.5376,1.4280,-0.0259,-0.0218,gnss_loop
5134.8936,103578.2618,85985.5107,166.4927,1.4011,-0.0274,-0.0228,gnss_loop
5135.8648,103578.4409,85986.4653,166.4455,1.3771,-0.0281,-0.0236,gnss_loop
5136.8279,103578.6341,85987.4088,166.3968,1.3463,-0.0284,-0.0239,gnss_loop
5137.7458,103578.8596,85988.2985,166.3980,1.3017,-0.0276,-0.0204,gnss_loop
5138.6715,103579.1243,85989.1856,166.3795,1.2672,-0.0260,-0.0159,gnss_loop
5139.6171,103579.4190,85990.0842,166.3737,1.2445,-0.0245,-0.0150,gnss_loop
5140.5750,103579.7344,85990.9886,166.3628,1.2211,-0.0230,-0.0138,gnss_loop
5141.5413,103580.0781,85991.8917,166.3543,1.2055,-0.0208,-0.0133,gnss_loop
5142.5503,103580.4400,85992.8335,166.3469,1.1982,-0.0187,-0.0146,gnss_loop
5143.5546,103580.8111,85993.7668,166.3067,1.1866,-0.0183,-0.0171,gnss_loop
5144.5553,103581.1915,85994.6924,166.3128,1.1736,-0.0188,-0.0181,gnss_loop
5145.5521,103581.5837,85995.6088,166.2838,1.1559,-0.0197,-0.0166,gnss_loop
5146.5484,103581.9948,85996.5163,166.2634,1.1331,-0.0212,-0.0147,gnss_loop
5147.5448,103582.4282,85997.4135,166.2557,1.1077,-0.0226,-0.0143,gnss_loop
5148.5429,103582.8857,85998.3006,166.2461,1.0800,-0.0235,-0.0146,gnss_loop
5149.5445,103583.3705,85999.1770,166.2277,1.0503,-0.0239,-0.0151,gnss_loop
5150.5501,103583.8839,86000.0418,166.1998,1.0223,-0.0237,-0.0161,gnss_loop
5151.5586,103584.4207,86000.8955,166.1970,0.9992,-0.0231,-0.0166,gnss_loop
5152.5676,103584.9752,86001.7384,166.1607,0.9785,-0.0223,-0.0170,gnss_loop
5153.5774,103585.5476,86002.5703,166.1548,0.9586,-0.0212,-0.0163,gnss_loop
5154.5863,103586.1352,86003.3905,166.1439,0.9403,-0.0202,-0.0158,gnss_loop
5155.5957,103586.7375,86004.2005,166.1252,0.9212,-0.0193,-0.0157,gnss_loop
5156.6035,103587.3552,86004.9968,166.1195,0.9017,-0.0184,-0.0149,gnss_loop
5157.6087,103587.9861,86005.7793,166.1070,0.8825,-0.0170,-0.0145,gnss_loop
5158.6138,103588.6322,86006.5493,166.0901,0.8628,-0.0157,-0.0148,gnss_loop
5159.6173,103589.2922,86007.3051,166.0763,0.8435,-0.0143,-0.0151,gnss_loop
5160.6202,103589.9661,86008.0479,166.0391,0.8275,-0.0123,-0.0150,gnss_loop
5161.6224,103590.6492,86008.7813,166.0177,0.8171,-0.0101,-0.0158,gnss_loop
5162.6254,103591.3383,86009.5100,165.9957,0.8115,-0.0083,-0.0160,gnss_loop
5163.6256,103592.0282,86010.2342,165.9867,0.8037,-0.0062,-0.0164,gnss_loop
5164.6147,103592.7189,86010.9422,165.9766,0.7990,-0.0041,-0.0176,gnss_loop
5165.6012,103593.4061,86011.6501,165.9748,0.8011,-0.0032,-0.0180,gnss_loop
5166.5875,103594.0918,86012.3590,165.9578,0.7998,-0.0038,-0.0185,gnss_loop
5167.5713,103594.7790,86013.0631,165.9594,0.7965,-0.0050,-0.0186,gnss_loop
5168.5519,103595.4654,86013.7633,165.9464,0.7985,-0.0068,-0.0182,gnss_loop
5169.5389,103596.1519,86014.4724,165.9296,0.7984,-0.0093,-0.0180,gnss_loop
5170.5238,103596.8414,86015.1757,165.9093,0.7881,-0.0120,-0.0177,gnss_loop
5171.5096,103597.5416,86015.8696,165.8851,0.7725,-0.0140,-0.0172,gnss_loop
5172.4983,103598.2555,86016.5537,165.8479,0.7529,-0.0155,-0.0168,gnss_loop
5173.4897,103598.9864,86017.2234,165.8374,0.7295,-0.0164,-0.0162,gnss_loop
5174.4857,103599.7369,86017.8782,165.7940,0.7053,-0.0160,-0.0164,gnss_loop
5175.4844,103600.5051,86018.5164,165.7754,0.6816,-0.0142,-0.0166,gnss_loop
5176.4846,103601.2890,86019.1375,165.7466,0.6639,-0.0121,-0.0157,gnss_loop
5177.4853,103602.0810,86019.7494,165.7333,0.6544,-0.0098,-0.0157,gnss_loop
5178.4867,103602.8776,86020.3561,165.7265,0.6498,-0.0070,-0.0157,gnss_loop
5179.4889,103603.6763,86020.9615,165.7182,0.6513,-0.0042,-0.0156,gnss_loop
5180.5004,103604.4791,86021.5768,165.7013,0.6545,-0.0015,-0.0159,gnss_loop
5181.5086,103605.2786,86022.1911,165.6827,0.6536,0.0008,-0.0153,gnss_loop
5182.5190,103606.0817,86022.8042,165.6602,0.6534,0.0022,-0.0144,gnss_loop
5183.5343,103606.8870,86023.4225,165.6527,0.6553,0.0024,-0.0143,gnss_loop
5184.5498,103607.6919,86024.0417,165.6523,0.6566,0.0018,-0.0134,gnss_loop
5185.5642,103608.4948,86024.6617,165.6233,0.6622,0.0016,-0.0117,gnss_loop
5186.5793,103609.2925,86025.2894,165.6314,0.6706,0.0023,-0.0112,gnss_loop
5187.5904,103610.0823,86025.9208,165.6412,0.6737,0.0028,-0.0114,gnss_loop
5188.5937,103610.8667,86026.5463,165.6177,0.6718,0.0031,-0.0113,gnss_loop
5189.5938,103611.6503,86027.1676,165.6257,0.6675,0.0030,-0.0110,gnss_loop
5190.5858,103612.4313,86027.7794,165.5918,0.6704,0.0019,-0.0115,gnss_loop
5191.5892,103613.2139,86028.4073,165.5745,0.6784,0.0007,-0.0121,gnss_loop
5192.5968,103613.9970,86029.0413,165.5722,0.6819,0.0004,-0.0122,gnss_loop
5193.6085,103614.7817,86029.6800,165.5494,0.6856,0.0008,-0.0118,gnss_loop
5194.6252,103615.5671,86030.3256,165.5263,0.6870,0.0012,-0.0118,gnss_loop
5195.6480,103616.3585,86030.9735,165.5353,0.6803,0.0016,-0.0115,gnss_loop
5196.6536,103617.1439,86031.6015,165.5356,0.6757,0.0020,-0.0112,gnss_loop
5197.6411,103617.9137,86032.2201,165.5092,0.6766,0.0025,-0.0121,gnss_loop
5198.6198,103618.6769,86032.8326,165.4892,0.6761,0.0039,-0.0122,gnss_loop
5199.6003,103619.4419,86033.4460,165.4938,0.6828,0.0064,-0.0118,gnss_loop
5200.5830,103620.2000,86034.0714,165.4902,0.6939,0.0090,-0.0115,gnss_loop
5201.5819,103620.9652,86034.7133,165.4482,0.7005,0.0109,-0.0105,gnss_loop
5202.5958,103621.7388,86035.3688,165.4241,0.7113,0.0127,-0.0097,gnss_loop
5203.6174,103622.5070,86036.0421,165.4032,0.7316,0.0148,-0.0086,gnss_loop
5204.6381,103623.2583,86036.7331,165.4089,0.7524,0.0170,-0.0077,gnss_loop
5205.6560,103623.9953,86037.4353,165.3917,0.7676,0.0203,-0.0077,gnss_loop
5206.6802,103624.7277,86038.1511,165.3916,0.7825,0.0242,-0.0080,gnss_loop
5207.7168,103625.4567,86038.8882,165.3957,0.8025,0.0272,-0.0072,gnss_loop
5208.7488,103626.1652,86039.6386,165.3775,0.8274,0.0293,-0.0062,gnss_loop
5209.7767,103626.8507,86040.4045,165.3802,0.8627,0.0307,-0.0061,gnss_loop
5210.7953,103627.4959,86041.1927,165.3776,0.9067,0.0310,-0.0064,gnss_loop
5211.8024,103628.0989,86041.9993,165.3614,0.9502,0.0307,-0.0060,gnss_loop
5212.7999,103628.6613,86042.8231,165.3613,0.9915,0.0301,-0.0048,gnss_loop
5213.8013,103629.1930,86043.6717,165.3692,1.0287,0.0280,-0.0044,gnss_loop
5214.7846,103629.6851,86044.5231,165.3816,1.0514,0.0252,-0.0052,gnss_loop
5215.7721,103630.1712,86045.3826,165.3644,1.0627,0.0241,-0.0056,gnss_loop
5216.7649,103630.6485,86046.2531,165.3685,1.0798,0.0252,-0.0060,gnss_loop
5217.7432,103631.1005,86047.1207,165.3546,1.0947,0.0270,-0.0071,gnss_loop
5218.6806,103631.5264,86047.9558,165.3777,1.1009,0.0294,-0.0070,gnss_loop
5219.5943,103631.9387,86048.7712,165.3522,1.1197,0.0332,-0.0068,gnss_loop
5220.4838,103632.3124,86049.5784,165.3689,1.1594,0.0365,-0.0069,gnss_loop
5221.3583,103632.6439,86050.3876,165.3436,1.2114,0.0379,-0.0065,gnss_loop
5222.2226,103632.9237,86051.2054,165.3426,1.2567,0.0393,-0.0059,gnss_loop
5223.1327,103633.1920,86052.0751,165.3287,1.3034,0.0421,-0.0059,gnss_loop
5224.0833,103633.4151,86052.9991,165.3138,1.3518,0.0439,-0.0062,gnss_loop
5225.0515,103633.6089,86053.9477,165.2826,1.3879,0.0436,-0.0062,gnss_loop
5225.9569,103633.7558,86054.8411,165.2839,1.4070,0.0429,-0.0069,gnss_loop
5226.6821,103633.8747,86055.5565,165.2503,1.4247,0.0426,-0.0087,gnss_loop
5227.2064,103633.9376,86056.0770,165.2509,1.4506,0.0424,-0.0094,gnss_loop
