s,x,y,z,heading,curvature,grade,source
-589.4535,103633.5778,86054.8109,165.2987,1.3864,0.0487,-0.0058,gnss_loop
-588.8478,103633.6889,86055.4063,165.3002,1.4055,0.0525,-0.0051,gnss_loop
-588.0518,103633.8084,86056.1932,165.2656,1.4350,0.0538,-0.0039,gnss_loop
-587.1264,103633.9218,86057.1117,165.2317,1.4692,0.0535,-0.0049,gnss_loop
-586.4935,103633.9664,86057.7430,165.2638,1.5571,0.0531,-0.0050,gnss_loop
-585.6172,103633.9426,86058.6190,165.2466,1.6239,0.0529,-0.0040,gnss_loop
-584.7406,103633.8734,86059.4929,165.2498,1.6713,0.0529,-0.0037,gnss_loop
-583.8543,103633.7657,86060.3726,165.2399,1.7001,0.0536,-0.0032,gnss_loop
-582.9016,103633.6364,86061.3165,165.2387,1.7250,0.0480,-0.0033,gnss_loop
-581.9172,103633.4682,86062.2864,165.2341,1.7541,0.0398,-0.0033,gnss_loop
-580.9357,103633.2781,86063.2494,165.2350,1.7827,0.0364,-0.0034,gnss_loop
-579.9605,103633.0568,86064.1991,165.2254,1.8203,0.0355,-0.0041,gnss_loop
-578.9854,103632.7967,86065.1389,165.2290,1.8676,0.0361,-0.0037,gnss_loop
-578.0074,103632.4858,86066.0661,165.2282,1.9111,0.0367,-0.0021,gnss_loop
-577.0163,103632.1395,86066.9948,165.2230,1.9453,0.0371,-0.0023,gnss_loop
-576.0248,103631.7607,86067.9110,165.2265,1.9798,0.0371,-0.0027,gnss_loop
-575.0272,103631.3485,86068.8195,165.2219,2.0148,0.0364,-0.0021,gnss_loop
-574.0291,103630.9036,86069.7129,165.2393,2.0487,0.0359,-0.0019,gnss_loop
-573.0306,103630.4304,86070.5922,165.2347,2.0810,0.0365,-0.0016,gnss_loop
-572.0320,103629.9284,86071.4555,165.2278,2.1141,0.0378,-0.0011,gnss_loop
-571.0333,103629.3979,86072.3017,165.2333,2.1487,0.0390,-0.0006,gnss_loop
-570.0345,103628.8374,86073.1283,165.2256,2.1885,0.0396,-0.0000,gnss_loop
-569.0448,103628.2466,86073.9224,165.2039,2.2326,0.0390,0.0004,gnss_loop
-568.0712,103627.6312,86074.6767,165.2089,2.2771,0.0377,0.0007,gnss_loop
-567.1090,103626.9905,86075.3946,165.2020,2.3218,0.0359,0.0010,gnss_loop
-566.1516,103626.3216,86076.0796,165.1972,2.3651,0.0339,0.0010,gnss_loop
-565.1932,103625.6241,86076.7369,165.2025,2.3980,0.0325,0.0012,gnss_loop
-564.2242,103624.9031,86077.3842,165.2071,2.4198,0.0320,0.0010,gnss_loop
-563.2337,103624.1533,86078.0315,165.2046,2.4387,0.0318,-0.0001,gnss_loop
-562.2216,103623.3751,86078.6788,165.2088,2.4554,0.0328,-0.0006,gnss_loop
-561.1905,103622.5726,86079.3260,165.2192,2.4784,0.0352,-0.0010,gnss_loop
-560.1588,103621.7499,86079.9485,165.2267,2.5164,0.0375,-0.0016,gnss_loop
-559.1335,103620.9051,86080.5296,165.2333,2.5605,0.0391,-0.0013,gnss_loop
-558.1129,103620.0401,86081.0715,165.2388,2.6086,0.0407,-0.0016,gnss_loop
-557.1060,103619.1595,86081.5596,165.2481,2.6715,0.0420,-0.0025,gnss_loop
-556.1190,103618.2637,86081.9740,165.2439,2.7307,0.0417,-0.0030,gnss_loop
-555.1330,103617.3512,86082.3474,165.2463,2.7685,0.0406,-0.0030,gnss_loop
-554.1440,103616.4248,86082.6939,165.2495,2.7993,0.0400,-0.0031,gnss_loop
-553.1541,103615.4873,86083.0115,165.2517,2.8330,0.0386,-0.0029,gnss_loop
-552.1612,103614.5360,86083.2959,165.2153,2.8608,0.0358,-0.0027,gnss_loop
-551.1614,103613.5727,86083.5637,165.2236,2.8855,0.0339,-0.0026,gnss_loop
-550.1605,103612.6008,86083.8026,165.1960,2.9214,0.0328,-0.0028,gnss_loop
-549.1609,103611.6209,86084.0006,165.1949,2.9652,0.0311,-0.0034,gnss_loop
-548.1610,103610.6328,86084.1534,165.1808,3.0051,0.0292,-0.0036,gnss_loop
-547.1607,103609.6396,86084.2727,165.1646,3.0384,0.0275,-0.0038,gnss_loop
-546.1602,103608.6429,86084.3594,165.1402,3.0680,0.0253,-0.0042,gnss_loop
-545.1600,103607.6446,86084.4199,165.1343,3.0885,0.0217,-0.0044,gnss_loop
-544.1599,103606.6455,86084.4657,165.1396,3.1030,0.0177,-0.0048,gnss_loop
-543.1600,103605.6460,86084.4971,165.1413,3.1155,0.0140,-0.0054,gnss_loop
-542.1603,103604.6466,86084.5179,165.1506,3.1262,0.0105,-0.0047,gnss_loop
-541.1608,103603.6471,86084.5279,165.1501,3.1357,0.0077,-0.0040,gnss_loop
-540.1745,103602.6609,86084.5296,165.1673,-3.1410,0.0062,-0.0030,gnss_loop
-539.1923,103601.6786,86084.5267,165.1613,-3.1364,0.0056,-0.0019,gnss_loop
-538.2100,103600.6964,86084.5194,165.1569,-3.1348,0.0059,-0.0014,gnss_loop
-537.2277,103599.7141,86084.5133,165.1632,-3.1365,0.0071,-0.0004,gnss_loop
-536.2453,103598.7318,86084.5094,165.1636,-3.1350,0.0094,0.0013,gnss_loop
-535.2494,103597.7359,86084.5002,165.1532,-3.1283,0.0128,0.0027,gnss_loop
-534.2495,103596.7361,86084.4829,165.1533,-3.1185,0.0167,0.0031,gnss_loop
-533.2505,103595.7375,86084.4541,165.1403,-3.1005,0.0211,0.0027,gnss_loop
-532.2602,103594.7487,86084.4013,165.1357,-3.0761,0.0259,0.0021,gnss_loop
-531.2781,103593.7695,86084.3250,165.1330,-3.0446,0.0297,0.0019,gnss_loop
-530.3006,103592.7986,86084.2115,165.1409,-3.0056,0.0322,0.0016,gnss_loop
-529.3032,103591.8132,86084.0573,165.1528,-2.9689,0.0339,0.0013,gnss_loop
-528.3054,103590.8334,86083.8688,165.1583,-2.9268,0.0346,0.0016,gnss_loop
-527.2969,103589.8536,86083.6299,165.1594,-2.8823,0.0344,0.0017,gnss_loop
-526.2960,103588.8915,86083.3536,165.1675,-2.8490,0.0341,0.0019,gnss_loop
-525.2873,103587.9295,86083.0503,165.1900,-2.8206,0.0346,0.0023,gnss_loop
-524.2990,103586.9969,86082.7236,165.1989,-2.7906,0.0355,0.0026,gnss_loop
-523.3127,103586.0755,86082.3715,165.2071,-2.7665,0.0359,0.0034,gnss_loop
-522.3303,103585.1651,86082.0023,165.1880,-2.7391,0.0364,0.0045,gnss_loop
-521.3299,103584.2515,86081.5948,165.1891,-2.6998,0.0376,0.0060,gnss_loop
-520.3334,103583.3604,86081.1487,165.1880,-2.6537,0.0389,0.0068,gnss_loop
-519.3329,103582.4880,86080.6590,165.1941,-2.6049,0.0404,0.0067,gnss_loop
-518.3268,103581.6365,86080.1231,165.1907,-2.5590,0.0420,0.0064,gnss_loop
-517.3201,103580.8075,86079.5519,165.1934,-2.5178,0.0428,0.0063,gnss_loop
-516.3157,103580.0045,86078.9486,165.1980,-2.4764,0.0425,0.0066,gnss_loop
-515.3120,103579.2279,86078.3128,165.2100,-2.4358,0.0416,0.0065,gnss_loop
-514.3101,103578.4782,86077.6480,165.2018,-2.3943,0.0410,0.0060,gnss_loop
-513.3095,103577.7593,86076.9521,165.2128,-2.3531,0.0414,0.0057,gnss_loop
-512.3112,103577.0694,86076.2305,165.2194,-2.3133,0.0418,0.0066,gnss_loop
-511.3139,103576.4102,86075.4821,165.2428,-2.2736,0.0417,0.0071,gnss_loop
-510.3191,103575.7820,86074.7109,165.2762,-2.2350,0.0412,0.0075,gnss_loop
-509.3242,103575.1840,86073.9157,165.2822,-2.1895,0.0399,0.0080,gnss_loop
-508.3410,103574.6350,86073.1000,165.2945,-2.1431,0.0380,0.0081,gnss_loop
-507.3549,103574.1177,86072.2604,165.2882,-2.1022,0.0368,0.0078,gnss_loop
-506.3657,103573.6344,86071.3974,165.2972,-2.0635,0.0363,0.0077,gnss_loop
-505.3706,103573.1793,86070.5125,165.3072,-2.0291,0.0356,0.0072,gnss_loop
-504.3785,103572.7552,86069.6156,165.3259,-2.0060,0.0346,0.0063,gnss_loop
-503.3767,103572.3386,86068.7045,165.3147,-1.9815,0.0339,0.0065,gnss_loop
-502.3719,103571.9541,86067.7762,165.3320,-1.9478,0.0338,0.0073,gnss_loop
-501.3648,103571.5981,86066.8341,165.3405,-1.9126,0.0338,0.0068,gnss_loop
-500.3580,103571.2793,86065.8791,165.3342,-1.8754,0.0345,0.0047,gnss_loop
-499.3532,103570.9949,86064.9154,165.3566,-1.8372,0.0361,0.0043,gnss_loop
-498.3471,103570.7500,86063.9396,165.3591,-1.7974,0.0372,0.0045,gnss_loop
-497.3458,103570.5439,86062.9597,165.3587,-1.7589,0.0370,0.0045,gnss_loop
-496.3525,103570.3770,86061.9805,165.3491,-1.7240,0.0358,0.0046,gnss_loop
-495.3640,103570.2415,86061.0014,165.3639,-1.6886,0.0339,0.0055,gnss_loop
-494.3689,103570.1439,86060.0111,165.3445,-1.6481,0.0311,0.0080,gnss_loop
-493.3755,103570.0880,86059.0192,165.3328,-1.6115,0.0272,0.0100,gnss_loop
-492.3814,103570.0631,86058.0254,165.3554,-1.5843,0.0233,0.0099,gnss_loop
-491.3847,103570.0612,86057.0287,165.3869,-1.5614,0.0197,0.0101,gnss_loop
-490.3858,103570.0818,86056.0301,165.3644,-1.5425,0.0155,0.0111,gnss_loop
-489.3865,103570.1176,86055.0314,165.3538,-1.5350,0.0109,0.0098,gnss_loop
-488.3873,103570.1532,86054.0328,165.3874,-1.5340,0.0071,0.0098,gnss_loop
-487.3877,103570.1911,86053.0340,165.3807,-1.5312,0.0044,0.0115,gnss_loop
-486.3882,103570.2324,86052.0353,165.3898,-1.5287,0.0023,0.0134,gnss_loop
-485.3887,103570.2753,86051.0367,165.3863,-1.5303,0.0013,0.0147,gnss_loop
-484.3893,103570.3132,86050.0381,165.4481,-1.5333,0.0013,0.0153,gnss_loop
-483.3917,103570.3502,86049.0411,165.5171,-1.5341,0.0013,0.0165,gnss_loop
-482.3952,103570.3863,86048.0453,165.5393,-1.5323,0.0010,0.0149,gnss_loop
-481.3990,103570.4269,86047.0499,165.5201,-1.5299,0.0007,0.0118,gnss_loop
-480.4035,103570.4677,86046.0552,165.5771,-1.5248,0.0007,0.0116,gnss_loop
-479.4079,103570.5184,86045.0609,165.5633,-1.5215,0.0010,0.0130,gnss_loop
-478.4119,103570.5658,86044.0660,165.5401,-1.5208,0.0008,0.0126,gnss_loop
-477.4146,103570.6180,86043.0701,165.5886,-1.5214,0.0005,0.0118,gnss_loop
-476.4174,103570.6642,86042.0740,165.6127,-1.5256,0.0004,0.0121,gnss_loop
-475.4198,103570.7081,86041.0773,165.6585,-1.5251,0.0001,0.0143,gnss_loop
-474.4218,103570.7554,86040.0804,165.6718,-1.5249,0.0000,0.0160,gnss_loop
-473.4228,103570.7997,86039.0825,165.6761,-1.5267,0.0005,0.0139,gnss_loop
-472.4237,103570.8434,86038.0843,165.6923,-1.5261,0.0012,0.0117,gnss_loop
-471.4244,103570.8890,86037.0860,165.6213,-1.5219,0.0014,0.0119,gnss_loop
-470.4246,103570.9411,86036.0877,165.6126,-1.5221,0.0013,0.0118,gnss_loop
-469.4263,103570.9863,86035.0904,165.6241,-1.5196,0.0015,0.0111,gnss_loop
-468.4274,103571.0434,86034.0931,165.6374,-1.5135,0.0019,0.0123,gnss_loop
-467.4286,103571.1007,86033.0959,165.6291,-1.5126,0.0019,0.0121,gnss_loop
-466.4297,103571.1596,86032.0988,165.6345,-1.5129,0.0018,0.0130,gnss_loop
-465.4319,103571.2162,86031.1026,165.6447,-1.5140,0.0017,0.0143,gnss_loop
-464.4356,103571.2729,86030.1079,165.7320,-1.5109,0.0007,0.0137,gnss_loop
-463.4390,103571.3355,86029.1133,165.7741,-1.5080,-0.0004,0.0138,gnss_loop
-462.4574,103571.3971,86028.1336,165.7742,-1.5065,-0.0010,0.0144,gnss_loop
-461.4879,103571.4609,86027.1662,165.7717,-1.5050,-0.0014,0.0166,gnss_loop
-460.5186,103571.5246,86026.1990,165.7890,-1.5068,-0.0018,0.0190,gnss_loop
-459.5478,103571.5850,86025.2300,165.8014,-1.5134,-0.0023,0.0198,gnss_loop
-458.5773,103571.6360,86024.2609,165.8048,-1.5188,-0.0030,0.0203,gnss_loop
-457.5920,103571.6866,86023.2769,165.8151,-1.5233,-0.0033,0.0209,gnss_loop
-456.5946,103571.7303,86022.2804,165.8201,-1.5275,-0.0031,0.0220,gnss_loop
-455.5959,103571.7729,86021.2827,165.9245,-1.5281,-0.0025,0.0226,gnss_loop
-454.5966,103571.8156,86020.2843,165.9474,-1.5318,-0.0015,0.0195,gnss_loop
-453.5975,103571.8508,86019.2858,165.9546,-1.5358,-0.0005,0.0182,gnss_loop
-452.5983,103571.8855,86018.2872,165.9665,-1.5340,-0.0001,0.0199,gnss_loop
-451.5989,103571.9243,86017.2886,165.9908,-1.5320,-0.0003,0.0201,gnss_loop
-450.5995,103571.9631,86016.2900,165.9993,-1.5318,-0.0005,0.0204,gnss_loop
-449.6002,103572.0022,86015.2914,166.0084,-1.5276,0.0000,0.0205,gnss_loop
-448.6004,103572.0493,86014.2927,166.0361,-1.5240,0.0006,0.0206,gnss_loop
-447.6008,103572.0957,86013.2942,166.0602,-1.5279,0.0008,0.0207,gnss_loop
-446.6030,103572.1349,86012.2972,166.0774,-1.5337,0.0011,0.0209,gnss_loop
-445.6071,103572.1696,86011.3018,166.1076,-1.5353,0.0012,0.0188,gnss_loop
-444.6127,103572.2055,86010.3081,166.1208,-1.5315,0.0008,0.0165,gnss_loop
-443.6183,103572.2477,86009.3146,166.0748,-1.5278,0.0006,0.0165,gnss_loop
-442.6368,103572.2905,86008.3340,166.1952,-1.5245,0.0011,0.0165,gnss_loop
-441.6535,103572.3387,86007.3519,166.1869,-1.5202,0.0017,0.0163,gnss_loop
-440.6685,103572.3901,86006.3683,166.2033,-1.5183,0.0018,0.0162,gnss_loop
-439.6820,103572.4422,86005.3831,166.2143,-1.5200,0.0015,0.0165,gnss_loop
-438.6957,103572.4902,86004.3980,166.2381,-1.5218,0.0011,0.0166,gnss_loop
-437.6965,103572.5393,86003.4000,166.2338,-1.5201,0.0006,0.0154,gnss_loop
-436.6974,103572.5915,86002.4023,166.2537,-1.5179,0.0002,0.0144,gnss_loop
-435.6982,103572.6450,86001.4045,166.2572,-1.5167,0.0001,0.0138,gnss_loop
-434.6989,103572.6996,86000.4067,166.2716,-1.5163,0.0001,0.0133,gnss_loop
-433.6998,103572.7539,85999.4091,166.2915,-1.5164,-0.0002,0.0142,gnss_loop
-432.7007,103572.8083,85998.4114,166.2939,-1.5169,-0.0006,0.0126,gnss_loop
-431.7256,103572.8603,85997.4378,166.3062,-1.5175,-0.0008,0.0104,gnss_loop
-430.7504,103572.9123,85996.4639,166.3256,-1.5185,-0.0008,0.0107,gnss_loop
-429.7750,103572.9622,85995.4898,166.3334,-1.5212,-0.0008,0.0106,gnss_loop
-428.7994,103573.0090,85994.5153,166.3561,-1.5240,-0.0007,0.0101,gnss_loop
-427.8238,103573.0535,85993.5408,166.3787,-1.5246,-0.0006,0.0096,gnss_loop
-426.8243,103573.1002,85992.5424,166.3656,-1.5238,-0.0005,0.0094,gnss_loop
-425.8249,103573.1473,85991.5440,166.3746,-1.5239,-0.0004,0.0093,gnss_loop
-424.8256,103573.1939,85990.5458,166.3902,-1.5235,-0.0001,0.0087,gnss_loop
-423.8262,103573.2418,85989.5475,166.3956,-1.5227,0.0001,0.0080,gnss_loop
-422.8267,103573.2900,85988.5492,166.3961,-1.5221,-0.0002,0.0079,gnss_loop
-421.8269,103573.3391,85987.5506,166.3995,-1.5227,-0.0004,0.0081,gnss_loop
-420.8271,103573.3861,85986.5520,166.4071,-1.5232,-0.0006,0.0078,gnss_loop
-419.8276,103573.4342,85985.5536,166.4217,-1.5232,-0.0009,0.0080,gnss_loop
-418.8278,103573.4814,85984.5550,166.4310,-1.5244,-0.0012,0.0079,gnss_loop
-417.8282,103573.5269,85983.5564,166.4344,-1.5269,-0.0015,0.0072,gnss_loop
-416.8285,103573.5690,85982.5575,166.4338,-1.5288,-0.0020,0.0070,gnss_loop
-415.8285,103573.6108,85981.5584,166.4499,-1.5300,-0.0026,0.0069,gnss_loop
-414.8282,103573.6505,85980.5590,166.4512,-1.5319,-0.0031,0.0062,gnss_loop
-413.8283,103573.6886,85979.5597,166.4448,-1.5342,-0.0036,0.0055,gnss_loop
-412.8282,103573.7238,85978.5602,166.4544,-1.5380,-0.0042,0.0053,gnss_loop
-411.8282,103573.7542,85977.5607,166.4630,-1.5434,-0.0051,0.0055,gnss_loop
-410.8282,103573.7786,85976.5611,166.4757,-1.5489,-0.0063,0.0057,gnss_loop
-409.8284,103573.7979,85975.5614,166.4838,-1.5544,-0.0076,0.0054,gnss_loop
-408.8284,103573.8113,85974.5615,166.5117,-1.5615,-0.0090,0.0051,gnss_loop
-407.8285,103573.8165,85973.5616,166.5107,-1.5704,-0.0102,0.0053,gnss_loop
-406.8287,103573.8121,85972.5618,166.5261,-1.5806,-0.0115,0.0056,gnss_loop
-405.8291,103573.7968,85971.5623,166.5141,-1.5940,-0.0129,0.0058,gnss_loop
-404.8294,103573.7657,85970.5632,166.5179,-1.6096,-0.0148,0.0058,gnss_loop
-403.8297,103573.7192,85969.5645,166.5077,-1.6244,-0.0176,0.0060,gnss_loop
-402.8298,103573.6584,85968.5665,166.5075,-1.6405,-0.0206,0.0063,gnss_loop
-401.8297,103573.5799,85967.5695,166.5067,-1.6582,-0.0222,0.0062,gnss_loop
-400.8298,103573.4838,85966.5741,166.5209,-1.6767,-0.0224,0.0057,gnss_loop
-399.8297,103573.3684,85965.5807,166.5251,-1.7063,-0.0228,0.0054,gnss_loop
-398.8457,103573.2159,85964.6086,166.5292,-1.7424,-0.0236,0.0045,gnss_loop
-397.8585,103573.0318,85963.6387,166.5377,-1.7769,-0.0240,0.0036,gnss_loop
-396.8670,103572.8110,85962.6722,166.5487,-1.7951,-0.0255,0.0032,gnss_loop
-395.8790,103572.5915,85961.7089,166.5564,-1.8096,-0.0275,0.0036,gnss_loop
-394.8885,103572.3430,85960.7500,166.5709,-1.8327,-0.0278,0.0045,gnss_loop
-393.8807,103572.0742,85959.7788,166.5756,-1.8531,-0.0270,0.0043,gnss_loop
-392.8756,103571.7824,85958.8169,166.5736,-1.8754,-0.0277,0.0034,gnss_loop
-391.8748,103571.4725,85957.8653,166.5893,-1.9153,-0.0299,0.0032,gnss_loop
-390.8650,103571.1037,85956.9253,166.5866,-1.9601,-0.0319,0.0031,gnss_loop
-389.8557,103570.7063,85955.9975,166.5925,-1.9876,-0.0332,0.0026,gnss_loop
-388.8474,103570.2869,85955.0806,166.5920,-2.0181,-0.0335,0.0019,gnss_loop
-387.8346,103569.8323,85954.1755,166.5900,-2.0543,-0.0300,0.0008,gnss_loop
-386.8214,103569.3451,85953.2871,166.5808,-2.0921,-0.0229,0.0006,gnss_loop
-385.8060,103568.8222,85952.4167,166.5897,-2.1292,-0.0168,0.0005,gnss_loop
-384.7927,103568.2705,85951.5669,166.5985,-2.1603,-0.0126,-0.0007,gnss_loop
-383.7823,103567.6973,85950.7347,166.6217,-2.1770,-0.0089,-0.0012,gnss_loop
-382.7732,103567.1198,85949.9071,166.5865,-2.1603,-0.0070,-0.0015,gnss_loop
-381.7857,103566.5876,85949.0754,166.5717,-2.1338,-0.0066,-0.0024,gnss_loop
-380.8044,103566.0691,85948.2423,166.5763,-2.1219,-0.0052,-0.0034,gnss_loop
-379.8231,103565.5599,85947.4034,166.5828,-2.1157,-0.0034,-0.0040,gnss_loop
-378.8406,103565.0512,85946.5629,166.5729,-2.1209,-0.0034,-0.0043,gnss_loop
-377.8661,103564.5369,85945.7351,166.5626,-2.1535,-0.0051,-0.0046,gnss_loop
-376.8718,103563.9681,85944.9196,166.5371,-2.1864,-0.0064,-0.0047,gnss_loop
-375.8755,103563.3874,85944.1100,166.5738,-2.1969,-0.0068,-0.0048,gnss_loop
-374.8807,103562.8015,85943.3061,166.5532,-2.2003,-0.0063,-0.0049,gnss_loop
-373.8861,103562.2161,85942.5020,166.5445,-2.1962,-0.0038,-0.0056,gnss_loop
-372.8888,103561.6354,85941.6912,166.5529,-2.1882,-0.0004,-0.0055,gnss_loop
-371.8932,103561.0624,85940.8770,166.5348,-2.1815,0.0016,-0.0042,gnss_loop
-370.8949,103560.4920,85940.0577,166.5296,-2.1760,0.0019,-0.0040,gnss_loop
-369.8898,103559.9227,85939.2294,166.5076,-2.1708,0.0014,-0.0042,gnss_loop
-368.8823,103559.3555,85938.3967,166.5081,-2.1712,0.0003,-0.0044,gnss_loop
-367.8742,103558.7839,85937.5663,166.5017,-2.1760,-0.0005,-0.0044,gnss_loop
-366.8645,103558.2076,85936.7372,166.4888,-2.1794,-0.0009,-0.0038,gnss_loop
-365.8569,103557.6305,85935.9113,166.4843,-2.1831,-0.0013,-0.0037,gnss_loop
-364.8524,103557.0511,85935.0907,166.4873,-2.1886,-0.0015,-0.0037,gnss_loop
-363.8492,103556.4675,85934.2747,166.4982,-2.1906,-0.0011,-0.0026,gnss_loop
-362.8472,103555.8863,85933.4585,166.4858,-2.1878,-0.0006,-0.0021,gnss_loop
-361.8460,103555.3084,85932.6409,166.4919,-2.1860,-0.0001,-0.0013,gnss_loop
-360.8452,103554.7309,85931.8235,166.4906,-2.1853,0.0007,-0.0002,gnss_loop
-359.8463,103554.1555,85931.0071,166.4910,-2.1839,0.0017,0.0005,gnss_loop
-358.8483,103553.5819,85930.1903,166.4893,-2.1828,0.0023,0.0005,gnss_loop
-357.8505,103553.0089,85929.3735,166.4810,-2.1830,0.0028,0.0006,gnss_loop
-356.8527,103552.4351,85928.5571,166.4664,-2.1816,0.0031,0.0010,gnss_loop
-355.8508,103551.8620,85927.7354,166.4712,-2.1776,0.0027,0.0011,gnss_loop
-354.8516,103551.2941,85926.9132,166.4844,-2.1717,0.0018,0.0033,gnss_loop
-353.8574,103550.7350,85926.0912,166.4874,-2.1649,0.0009,0.0051,gnss_loop
-352.8672,103550.1833,85925.2688,166.4988,-2.1582,-0.0000,0.0057,gnss_loop
-351.8817,103549.6401,85924.4466,166.5102,-2.1574,-0.0009,0.0064,gnss_loop
-350.8977,103549.0931,85923.6287,166.5215,-2.1637,-0.0014,0.0064,gnss_loop
-349.9081,103548.5373,85922.8099,166.5329,-2.1712,-0.0019,0.0063,gnss_loop
-348.9126,103547.9716,85921.9908,166.5266,-2.1787,-0.0026,0.0069,gnss_loop
-347.9100,103547.3961,85921.1697,166.5093,-2.1861,-0.0028,0.0080,gnss_loop
-346.9012,103546.8107,85920.3482,166.5269,-2.1883,-0.0024,0.0090,gnss_loop
-345.8932,103546.2283,85919.5254,166.5062,-2.1861,-0.0015,0.0101,gnss_loop
-344.8891,103545.6492,85918.7051,166.5152,-2.1850,-0.0006,0.0101,gnss_loop
-343.8873,103545.0723,85917.8862,166.5929,-2.1839,0.0002,0.0102,gnss_loop
-342.8873,103544.4974,85917.0679,166.6045,-2.1825,0.0006,0.0108,gnss_loop
-341.8892,103543.9248,85916.2504,166.6160,-2.1815,0.0005,0.0108,gnss_loop
-340.8919,103543.3532,85915.4333,166.6265,-2.1807,0.0002,0.0103,gnss_loop
-339.8931,103542.7815,85914.6142,166.6216,-2.1799,0.0001,0.0096,gnss_loop
-338.8935,103542.2098,85913.7941,166.6210,-2.1806,-0.0001,0.0094,gnss_loop
-337.8935,103541.6364,85912.9749,166.6490,-2.1821,-0.0003,0.0084,gnss_loop
-336.8917,103541.0609,85912.1549,166.6574,-2.1832,-0.0004,0.0067,gnss_loop
-335.8884,103540.4838,85911.3342,166.6728,-2.1838,-0.0006,0.0067,gnss_loop
-334.8837,103539.9056,85910.5126,166.6904,-2.1842,-0.0007,0.0070,gnss_loop
-333.8773,103539.3262,85909.6897,166.6922,-2.1842,-0.0007,0.0057,gnss_loop
-332.8708,103538.7468,85908.8667,166.7086,-2.1846,-0.0004,0.0044,gnss_loop
-331.8652,103538.1673,85908.0448,166.7289,-2.1856,-0.0002,0.0041,gnss_loop
-330.8613,103537.5877,85907.2251,166.7330,-2.1866,0.0000,0.0039,gnss_loop
-329.8585,103537.0082,85906.4068,166.7304,-2.1873,0.0001,0.0051,gnss_loop
-328.8563,103536.4285,85905.5892,166.7250,-2.1872,0.0002,0.0063,gnss_loop
-327.8542,103535.8494,85904.7713,166.7304,-2.1860,0.0004,0.0064,gnss_loop
-326.8514,103535.2714,85903.9519,166.6569,-2.1844,0.0005,0.0064,gnss_loop
-325.8483,103534.6945,85903.1314,166.6631,-2.1835,0.0006,0.0068,gnss_loop
-324.8463,103534.1183,85902.3115,166.6508,-2.1827,0.0006,0.0069,gnss_loop
-323.8448,103533.5436,85901.4914,166.6677,-2.1820,0.0005,0.0071,gnss_loop
-322.8445,103532.9696,85900.6721,166.6834,-2.1818,0.0005,0.0069,gnss_loop
-321.8445,103532.3961,85899.8530,166.6996,-2.1814,0.0009,0.0069,gnss_loop
-320.8449,103531.8231,85899.0338,166.6919,-2.1813,0.0017,0.0075,gnss_loop
-319.8450,103531.2498,85898.2146,166.7137,-2.1819,0.0019,0.0082,gnss_loop
-318.8452,103530.6759,85897.3960,166.7474,-2.1819,0.0019,0.0094,gnss_loop
-317.8424,103530.1008,85896.5745,166.7600,-2.1802,0.0022,0.0099,gnss_loop
-316.8352,103529.5254,85895.7478,166.7784,-2.1718,0.0019,0.0119,gnss_loop
-315.8380,103528.9674,85894.9213,166.7985,-2.1639,0.0012,0.0143,gnss_loop
-314.8408,103528.4106,85894.0940,166.8159,-2.1657,0.0012,0.0154,gnss_loop
-313.8552,103527.8563,85893.2791,166.8378,-2.1632,0.0012,0.0160,gnss_loop
-312.8797,103527.3156,85892.4672,166.8444,-2.1596,0.0003,0.0158,gnss_loop
-311.9102,103526.7761,85891.6617,166.8451,-2.1680,-0.0009,0.0157,gnss_loop
-310.9296,103526.2190,85890.8546,166.8835,-2.1735,-0.0014,0.0164,gnss_loop
-309.9498,103525.6648,85890.0466,166.8933,-2.1689,-0.0017,0.0169,gnss_loop
-308.9572,103525.1085,85889.2247,166.9162,-2.1706,-0.0023,0.0161,gnss_loop
-307.9575,103524.5403,85888.4021,166.9361,-2.1752,-0.0022,0.0154,gnss_loop
-306.9557,103523.9711,85887.5777,166.9363,-2.1761,-0.0014,0.0150,gnss_loop
-305.9544,103523.4005,85886.7548,166.9496,-2.1785,-0.0013,0.0144,gnss_loop
-304.9520,103522.8270,85885.9328,166.9706,-2.1808,-0.0014,0.0137,gnss_loop
-303.9509,103522.2529,85885.1126,166.9854,-2.1825,-0.0010,0.0134,gnss_loop
-302.9520,103521.6785,85884.2955,166.9925,-2.1837,-0.0006,0.0138,gnss_loop
-301.9557,103521.1052,85883.4805,167.0046,-2.1835,-0.0004,0.0150,gnss_loop
-300.9604,103520.5332,85882.6661,167.0234,-2.1830,-0.0001,0.0155,gnss_loop
-299.9648,103519.9611,85881.8512,167.0436,-2.1825,0.0001,0.0156,gnss_loop
-298.9694,103519.3898,85881.0361,167.0619,-2.1815,0.0003,0.0160,gnss_loop
-297.9724,103518.8185,85880.2190,167.0734,-2.1809,0.0004,0.0163,gnss_loop
-296.9752,103518.2471,85879.4017,167.0818,-2.1808,0.0004,0.0171,gnss_loop
-295.9777,103517.6758,85878.5840,167.0892,-2.1806,0.0004,0.0177,gnss_loop
-294.9801,103517.1046,85877.7663,167.0934,-2.1805,0.0003,0.0177,gnss_loop
-293.9825,103516.5333,85876.9484,167.0991,-2.1801,0.0001,0.0173,gnss_loop
-292.9835,103515.9620,85876.1289,167.1173,-2.1795,0.0001,0.0172,gnss_loop
-291.9843,103515.3907,85875.3090,167.1415,-2.1792,0.0000,0.0174,gnss_loop
-290.9846,103514.8194,85874.4887,167.1743,-2.1795,0.0000,0.0170,gnss_loop
-289.9860,103514.2481,85873.6696,167.2028,-2.1800,0.0000,0.0170,gnss_loop
-288.9877,103513.6768,85872.8510,167.2276,-2.1803,-0.0000,0.0173,gnss_loop
-287.9901,103513.1056,85872.0331,167.2507,-2.1805,-0.0001,0.0174,gnss_loop
-286.9923,103512.5343,85871.2150,167.2833,-2.1803,-0.0001,0.0179,gnss_loop
-285.9941,103511.9630,85870.3965,167.3054,-2.1802,0.0000,0.0187,gnss_loop
-284.9962,103511.3917,85869.5783,167.3231,-2.1799,0.0001,0.0189,gnss_loop
-283.9971,103510.8204,85868.7586,167.3394,-2.1799,0.0002,0.0192,gnss_loop
-282.9992,103510.2491,85867.9405,167.3428,-2.1800,0.0001,0.0196,gnss_loop
-282.0003,103509.6778,85867.1211,167.3588,-2.1799,0.0000,0.0193,gnss_loop
-281.0022,103509.1066,85866.3026,167.3677,-2.1794,-0.0002,0.0185,gnss_loop
-280.0018,103508.5353,85865.4814,167.3751,-2.1789,-0.0004,0.0177,gnss_loop
-279.0023,103507.9640,85864.6612,167.4065,-2.1789,-0.0005,0.0172,gnss_loop
-278.0020,103507.3927,85863.8401,167.4244,-2.1793,-0.0005,0.0167,gnss_loop
-277.0035,103506.8214,85863.0212,167.4408,-2.1807,-0.0006,0.0161,gnss_loop
-276.0058,103506.2493,85862.2039,167.4664,-2.1827,-0.0007,0.0153,gnss_loop
-275.0086,103505.6755,85861.3883,167.4869,-2.1837,-0.0008,0.0151,gnss_loop
-274.0098,103505.1011,85860.5712,167.4896,-2.1844,-0.0009,0.0151,gnss_loop
-273.0072,103504.5231,85859.7519,167.5084,-2.1853,-0.0008,0.0155,gnss_loop
-271.9981,103503.9412,85858.9275,167.5293,-2.1855,-0.0006,0.0160,gnss_loop
-270.9890,103503.3592,85858.1031,167.5386,-2.1853,-0.0004,0.0163,gnss_loop
-269.9821,103502.7788,85857.2804,167.5521,-2.1861,-0.0003,0.0166,gnss_loop
-268.9788,103502.1989,85856.4616,167.5668,-2.1874,-0.0002,0.0164,gnss_loop
-267.9827,103501.6226,85855.6493,167.5846,-2.1874,-0.0001,0.0151,gnss_loop
-266.9921,103501.0500,85854.8408,167.5961,-2.1867,-0.0001,0.0140,gnss_loop
-266.0004,103500.4773,85854.0312,167.6122,-2.1866,-0.0000,0.0129,gnss_loop
-265.0059,103499.9028,85853.2194,167.6190,-2.1868,0.0001,0.0122,gnss_loop
-264.0087,103499.3266,85852.4056,167.6409,-2.1863,0.0002,0.0130,gnss_loop
-263.0071,103498.7487,85851.5875,167.6580,-2.1860,0.0002,0.0133,gnss_loop
-262.0035,103498.1694,85850.7680,167.6776,-2.1859,0.0004,0.0130,gnss_loop
-260.9992,103497.5900,85849.9476,167.7032,-2.1857,0.0007,0.0130,gnss_loop
-259.9953,103497.0109,85849.1276,167.7119,-2.1855,0.0010,0.0129,gnss_loop
-258.9918,103496.4323,85848.3077,167.7313,-2.1856,0.0012,0.0129,gnss_loop
-257.9873,103495.8526,85847.4874,167.7375,-2.1846,0.0013,0.0131,gnss_loop
-256.9865,103495.2773,85846.6684,167.7240,-2.1817,0.0012,0.0134,gnss_loop
-255.9893,103494.7066,85845.8507,167.7239,-2.1786,0.0009,0.0131,gnss_loop
-254.9959,103494.1405,85845.0344,167.7212,-2.1765,0.0007,0.0132,gnss_loop
-254.0038,103493.5763,85844.2183,167.7437,-2.1746,0.0005,0.0132,gnss_loop
-253.0137,103493.0150,85843.4027,167.7766,-2.1740,0.0002,0.0128,gnss_loop
-252.0229,103492.4525,85842.5871,167.7816,-2.1757,-0.0000,0.0125,gnss_loop
-251.0293,103491.8865,85841.7704,167.8050,-2.1784,-0.0002,0.0119,gnss_loop
-250.0323,103491.3160,85840.9527,167.8101,-2.1807,-0.0002,0.0119,gnss_loop
-249.0345,103490.7440,85840.1352,167.8253,-2.1813,0.0000,0.0122,gnss_loop
-248.0365,103490.1719,85839.3174,167.8368,-2.1809,0.0005,0.0128,gnss_loop
-247.0353,103489.5985,85838.4967,167.8651,-2.1797,0.0008,0.0138,gnss_loop
-246.0321,103489.0254,85837.6734,167.8770,-2.1780,0.0011,0.0144,gnss_loop
-245.0267,103488.4524,85836.8472,167.8791,-2.1761,0.0012,0.0148,gnss_loop
-244.0185,103487.8796,85836.0175,167.9024,-2.1721,0.0010,0.0149,gnss_loop
-243.0111,103487.3122,85835.1851,167.9058,-2.1693,0.0005,0.0142,gnss_loop
-242.0035,103486.7444,85834.3528,167.9270,-2.1696,0.0001,0.0139,gnss_loop
-240.9958,103486.1764,85833.5204,167.9311,-2.1696,-0.0003,0.0139,gnss_loop
-239.9902,103485.6096,85832.6897,167.9455,-2.1701,-0.0007,0.0143,gnss_loop
-238.9872,103485.0435,85831.8618,167.9689,-2.1736,-0.0010,0.0147,gnss_loop
-237.9833,103484.4718,85831.0366,167.9876,-2.1774,-0.0010,0.0146,gnss_loop
-236.9817,103483.9001,85830.2141,168.0174,-2.1789,-0.0007,0.0145,gnss_loop
-235.9822,103483.3285,85829.3943,168.0253,-2.1800,-0.0003,0.0147,gnss_loop
-234.9836,103482.7568,85828.5755,168.0317,-2.1803,0.0000,0.0154,gnss_loop
-233.9850,103482.1851,85827.7567,168.0377,-2.1795,0.0004,0.0157,gnss_loop
-232.9874,103481.6153,85826.9379,168.0567,-2.1772,0.0005,0.0151,gnss_loop
-231.9920,103481.0492,85826.1191,168.0631,-2.1741,0.0003,0.0148,gnss_loop
-230.9987,103480.4869,85825.3003,168.0823,-2.1719,0.0000,0.0150,gnss_loop
-230.0062,103479.9263,85824.4813,168.0931,-2.1716,-0.0002,0.0146,gnss_loop
-229.0122,103479.3639,85823.6617,168.1238,-2.1729,-0.0005,0.0137,gnss_loop
-228.0159,103478.7990,85822.8410,168.1308,-2.1750,-0.0010,0.0131,gnss_loop
-227.0173,103478.2306,85822.0199,168.1448,-2.1783,-0.0014,0.0124,gnss_loop
-226.0161,103477.6575,85821.1990,168.1679,-2.1813,-0.0016,0.0126,gnss_loop
-225.0132,103477.0816,85820.3779,168.1920,-2.1823,-0.0015,0.0135,gnss_loop
-224.0111,103476.5064,85819.5573,168.2121,-2.1834,-0.0013,0.0144,gnss_loop
-223.0089,103475.9291,85818.7381,168.2278,-2.1853,-0.0008,0.0145,gnss_loop
-222.0065,103475.3505,85817.9195,168.2144,-2.1858,-0.0003,0.0142,gnss_loop
-221.0055,103474.7732,85817.1018,168.2369,-2.1856,0.0000,0.0141,gnss_loop
-220.0063,103474.1969,85816.2856,168.2475,-2.1859,0.0002,0.0138,gnss_loop
-219.0063,103473.6195,85815.4691,168.2391,-2.1849,0.0005,0.0129,gnss_loop
-218.0071,103473.0449,85814.6516,168.2497,-2.1829,0.0006,0.0127,gnss_loop
-217.0079,103472.4712,85813.8335,168.2552,-2.1820,0.0005,0.0132,gnss_loop
-216.0074,103471.8974,85813.0139,168.2725,-2.1812,0.0003,0.0130,gnss_loop
-215.0057,103471.3235,85812.1929,168.3000,-2.1803,0.0002,0.0125,gnss_loop
-214.0063,103470.7519,85811.3731,168.3270,-2.1801,-0.0001,0.0118,gnss_loop
-213.0079,103470.1802,85810.5546,168.3476,-2.1809,-0.0003,0.0116,gnss_loop
-212.0108,103469.6085,85809.7377,168.3556,-2.1821,-0.0004,0.0121,gnss_loop
-211.0142,103469.0360,85808.9219,168.3630,-2.1835,-0.0004,0.0124,gnss_loop
-210.0178,103468.4625,85808.1072,168.3751,-2.1845,-0.0002,0.0122,gnss_loop
-209.0214,103467.8883,85807.2928,168.3811,-2.1850,-0.0001,0.0125,gnss_loop
-208.0247,103467.3138,85806.4784,168.3784,-2.1853,0.0001,0.0130,gnss_loop
-207.0267,103466.7383,85805.6630,168.4080,-2.1848,0.0003,0.0132,gnss_loop
-206.0287,103466.1638,85804.8470,168.4201,-2.1832,0.0004,0.0134,gnss_loop
-205.0310,103465.5911,85804.0300,168.4411,-2.1815,0.0003,0.0132,gnss_loop
-204.0323,103465.0189,85803.2114,168.4432,-2.1807,0.0002,0.0128,gnss_loop
-203.0321,103464.4462,85802.3914,168.4557,-2.1800,0.0001,0.0125,gnss_loop
-202.0319,103463.8743,85801.5708,168.4720,-2.1798,-0.0000,0.0123,gnss_loop
-201.0302,103463.3010,85800.7495,168.4789,-2.1811,-0.0002,0.0123,gnss_loop
-200.0269,103462.7252,85799.9278,168.4910,-2.1826,-0.0000,0.0124,gnss_loop
-199.0227,103462.1479,85799.1061,168.5022,-2.1834,0.0001,0.0123,gnss_loop
-198.0186,103461.5704,85798.2848,168.5066,-2.1842,0.0003,0.0123,gnss_loop
-197.0158,103460.9926,85797.4651,168.5256,-2.1846,0.0004,0.0118,gnss_loop
-196.0134,103460.4154,85796.6455,168.5331,-2.1829,0.0005,0.0110,gnss_loop
-195.0113,103459.8409,85795.8245,168.5560,-2.1801,0.0005,0.0104,gnss_loop
-194.0097,103459.2687,85795.0025,168.5694,-2.1780,0.0003,0.0103,gnss_loop
-193.0081,103458.6979,85794.1794,168.5957,-2.1767,0.0002,0.0102,gnss_loop
-192.0055,103458.1274,85793.3551,168.6056,-2.1765,0.0000,0.0097,gnss_loop
-191.0031,103457.5564,85792.5312,168.6136,-2.1779,-0.0002,0.0093,gnss_loop
-190.0015,103456.9841,85791.7091,168.6247,-2.1799,-0.0005,0.0088,gnss_loop
-189.0002,103456.4104,85790.8885,168.6359,-2.1819,-0.0007,0.0084,gnss_loop
-187.9991,103455.8352,85790.0692,168.6381,-2.1834,-0.0008,0.0082,gnss_loop
-186.9975,103455.2589,85789.2499,168.6387,-2.1833,-0.0008,0.0083,gnss_loop
-185.9964,103454.6837,85788.4306,168.6434,-2.1832,-0.0007,0.0086,gnss_loop
-184.9950,103454.1079,85787.6113,168.6468,-2.1836,-0.0005,0.0083,gnss_loop
-183.9934,103453.5317,85786.7920,168.6540,-2.1837,-0.0003,0.0079,gnss_loop
-182.9918,103452.9555,85785.9727,168.6618,-2.1838,-0.0001,0.0073,gnss_loop
-181.9901,103452.3791,85785.1534,168.6677,-2.1845,-0.0000,0.0069,gnss_loop
-180.9874,103451.8012,85784.3341,168.6699,-2.1853,0.0001,0.0069,gnss_loop
-179.9846,103451.2228,85783.5148,168.6733,-2.1853,0.0003,0.0065,gnss_loop
-178.9819,103450.6448,85782.6955,168.6687,-2.1848,0.0004,0.0060,gnss_loop
-177.9798,103450.0678,85781.8762,168.6765,-2.1842,0.0005,0.0061,gnss_loop
-176.9781,103449.4913,85781.0569,168.6781,-2.1831,0.0006,0.0067,gnss_loop
-175.9775,103448.9170,85780.2376,168.7036,-2.1814,0.0006,0.0071,gnss_loop
-174.9781,103448.3447,85779.4184,168.7151,-2.1803,0.0005,0.0076,gnss_loop
-173.9790,103447.7729,85778.5991,168.7224,-2.1799,0.0004,0.0080,gnss_loop
-172.9802,103447.2015,85777.7798,168.7355,-2.1794,0.0002,0.0079,gnss_loop
-171.9818,103446.6310,85776.9605,168.7375,-2.1793,-0.0000,0.0075,gnss_loop
-170.9831,103446.0599,85776.1412,168.7522,-2.1800,-0.0003,0.0074,gnss_loop
-169.9838,103445.4878,85775.3219,168.7569,-2.1807,-0.0005,0.0075,gnss_loop
-168.9841,103444.9149,85774.5026,168.7567,-2.1813,-0.0005,0.0073,gnss_loop
-167.9839,103444.3412,85773.6833,168.7562,-2.1820,-0.0001,0.0068,gnss_loop
-166.9832,103443.7666,85772.8640,168.7750,-2.1832,0.0009,0.0062,gnss_loop
-165.9815,103443.1902,85772.0447,168.7853,-2.1844,0.0017,0.0056,gnss_loop
-164.9791,103442.6126,85771.2254,168.7960,-2.1846,0.0021,0.0053,gnss_loop
-163.9769,103442.0356,85770.4061,168.8122,-2.1838,0.0021,0.0055,gnss_loop
-162.9757,103441.4600,85769.5868,168.8239,-2.1768,0.0015,0.0058,gnss_loop
-161.9833,103440.9001,85768.7675,168.8213,-2.1670,0.0006,0.0059,gnss_loop
-160.9955,103440.3481,85767.9482,168.8234,-2.1628,-0.0002,0.0061,gnss_loop
-160.0087,103439.7982,85767.1289,168.8263,-2.1615,-0.0005,0.0056,gnss_loop
-159.0226,103439.2494,85766.3097,168.8301,-2.1641,-0.0008,0.0052,gnss_loop
-158.0439,103438.6998,85765.4999,168.8179,-2.1735,-0.0013,0.0054,gnss_loop
-157.0567,103438.1350,85764.6902,168.8119,-2.1836,-0.0019,0.0051,gnss_loop
-156.0666,103437.5625,85763.8824,168.8037,-2.1880,-0.0021,0.0045,gnss_loop
-155.0765,103436.9890,85763.0753,168.8154,-2.1885,-0.0020,0.0038,gnss_loop
-154.0863,103436.4156,85762.2680,168.8260,-2.1851,-0.0013,0.0031,gnss_loop
-153.0880,103435.8428,85761.4504,168.8430,-2.1818,-0.0002,0.0026,gnss_loop
-152.0891,103435.2698,85760.6321,168.8585,-2.1816,0.0007,0.0027,gnss_loop
-151.0887,103434.6961,85759.8126,168.8604,-2.1806,0.0010,0.0033,gnss_loop
-150.0892,103434.1245,85758.9927,168.8807,-2.1798,0.0007,0.0038,gnss_loop
-149.0892,103433.5523,85758.1726,168.8609,-2.1802,0.0001,0.0039,gnss_loop
-148.0876,103432.9789,85757.3513,168.8678,-2.1802,-0.0001,0.0044,gnss_loop
-147.0861,103432.4058,85756.5301,168.8689,-2.1792,-0.0001,0.0048,gnss_loop
-146.0852,103431.8344,85755.7082,168.8723,-2.1795,-0.0002,0.0051,gnss_loop
-145.0836,103431.2606,85754.8873,168.8736,-2.1816,-0.0003,0.0050,gnss_loop
-144.0832,103430.6862,85754.0683,168.8667,-2.1828,-0.0003,0.0046,gnss_loop
-143.0859,103430.1129,85753.2522,168.8704,-2.1826,-0.0004,0.0041,gnss_loop
-142.0892,103429.5409,85752.4359,168.8766,-2.1818,-0.0003,0.0035,gnss_loop
-141.0925,103428.9694,85751.6195,168.8817,-2.1827,-0.0000,0.0033,gnss_loop
-140.0951,103428.3954,85750.8037,168.9001,-2.1832,0.0003,0.0030,gnss_loop
-139.0967,103427.8221,85749.9863,168.9077,-2.1829,0.0005,0.0033,gnss_loop
-138.0974,103427.2475,85749.1688,168.9146,-2.1830,0.0006,0.0034,gnss_loop
-137.1001,103426.6748,85748.3522,168.9165,-2.1819,0.0006,0.0032,gnss_loop
-136.1031,103426.1032,85747.5354,168.9152,-2.1799,0.0007,0.0035,gnss_loop
-135.1044,103425.5330,85746.7156,168.9156,-2.1785,0.0007,0.0038,gnss_loop
-134.1048,103424.9621,85745.8949,168.9131,-2.1773,0.0006,0.0040,gnss_loop
-133.1041,103424.3928,85745.0720,168.9197,-2.1763,0.0004,0.0036,gnss_loop
-132.1023,103423.8224,85744.2484,168.9207,-2.1769,0.0001,0.0031,gnss_loop
-131.0998,103423.2510,85743.4247,168.9285,-2.1770,-0.0001,0.0027,gnss_loop
-130.0985,103422.6807,85742.6018,168.9286,-2.1767,-0.0002,0.0022,gnss_loop
-129.0983,103422.1111,85741.7794,168.9374,-2.1776,-0.0003,0.0014,gnss_loop
-128.0982,103421.5400,85740.9585,168.9411,-2.1793,-0.0002,0.0007,gnss_loop
-127.0978,103420.9675,85740.1381,168.9309,-2.1803,-0.0001,0.0002,gnss_loop
-126.0978,103420.3948,85739.3183,168.9404,-2.1803,-0.0001,0.0000,gnss_loop
-125.0981,103419.8227,85738.4985,168.9484,-2.1797,-0.0001,-0.0001,gnss_loop
-124.0988,103419.2514,85737.6786,168.9578,-2.1788,-0.0001,-0.0001,gnss_loop
-123.1002,103418.6816,85736.8585,168.9490,-2.1781,0.0001,0.0000,gnss_loop
-122.1014,103418.1116,85736.0384,168.9383,-2.1774,0.0001,0.0001,gnss_loop
-121.1033,103417.5432,85735.2180,168.9376,-2.1777,0.0001,0.0001,gnss_loop
-120.1052,103416.9731,85734.3987,168.9359,-2.1791,0.0000,0.0002,gnss_loop
-119.1076,103416.4026,85733.5803,168.9369,-2.1794,-0.0001,-0.0002,gnss_loop
-118.1095,103415.8321,85732.7613,168.9278,-2.1789,-0.0004,-0.0009,gnss_loop
-117.1115,103415.2622,85731.9420,168.9235,-2.1790,-0.0006,-0.0011,gnss_loop
-116.1130,103414.6913,85731.1228,168.9180,-2.1791,-0.0006,-0.0017,gnss_loop
-115.1151,103414.1213,85730.3038,168.9138,-2.1790,-0.0005,-0.0024,gnss_loop
-114.1156,103413.5501,85729.4836,168.9116,-2.1804,-0.0005,-0.0029,gnss_loop
-113.1173,103412.9774,85728.6658,168.9145,-2.1826,-0.0004,-0.0032,gnss_loop
-112.1189,103412.4034,85727.8491,168.9185,-2.1837,-0.0003,-0.0031,gnss_loop
-111.1197,103411.8284,85727.0319,168.9243,-2.1838,-0.0003,-0.0031,gnss_loop
-110.1201,103411.2534,85726.2141,168.9291,-2.1837,-0.0002,-0.0033,gnss_loop
-109.1207,103410.6784,85725.3967,168.9352,-2.1832,0.0000,-0.0034,gnss_loop
-108.1195,103410.1034,85724.5771,168.9239,-2.1822,0.0002,-0.0035,gnss_loop
-107.1173,103409.5284,85723.7563,168.9188,-2.1818,0.0001,-0.0036,gnss_loop
-106.1149,103408.9534,85722.9351,168.9060,-2.1815,-0.0000,-0.0035,gnss_loop
-105.1119,103408.3784,85722.1133,168.8948,-2.1812,-0.0001,-0.0032,gnss_loop
-104.1087,103407.8034,85721.2913,168.8919,-2.1812,-0.0002,-0.0032,gnss_loop
-103.1055,103407.2284,85720.4693,168.8917,-2.1821,-0.0002,-0.0034,gnss_loop
-102.1018,103406.6515,85719.6479,168.8813,-2.1836,-0.0001,-0.0039,gnss_loop
-101.0988,103406.0742,85718.8277,168.8761,-2.1844,-0.0000,-0.0045,gnss_loop
-100.0968,103405.4971,85718.0086,168.8680,-2.1845,-0.0000,-0.0047,gnss_loop
-99.0962,103404.9210,85717.1905,168.8668,-2.1845,0.0000,-0.0050,gnss_loop
-98.0975,103404.3456,85716.3741,168.8618,-2.1836,0.0001,-0.0050,gnss_loop
-97.1008,103403.7732,85715.5582,168.8548,-2.1821,0.0003,-0.0047,gnss_loop
-96.1050,103403.2020,85714.7425,168.8452,-2.1813,0.0006,-0.0044,gnss_loop
-95.1094,103402.6315,85713.9265,168.8503,-2.1815,0.0012,-0.0039,gnss_loop
-94.1130,103402.0598,85713.1105,168.8463,-2.1815,0.0015,-0.0037,gnss_loop
-93.1157,103401.4882,85712.2933,168.8438,-2.1818,0.0014,-0.0038,gnss_loop
-92.1171,103400.9149,85711.4757,168.8403,-2.1815,0.0009,-0.0036,gnss_loop
-91.1161,103400.3416,85710.6551,168.8263,-2.1758,-0.0001,-0.0034,gnss_loop
-90.1020,103399.7687,85709.8183,168.8271,-2.1707,-0.0011,-0.0032,gnss_loop
-89.0871,103399.1961,85708.9804,168.8289,-2.1705,-0.0012,-0.0032,gnss_loop
-88.0714,103398.6227,85708.1421,168.8260,-2.1706,-0.0010,-0.0032,gnss_loop
-87.0561,103398.0497,85707.3039,168.8254,-2.1760,-0.0010,-0.0031,gnss_loop
-86.0570,103397.4766,85706.4854,168.8224,-2.1887,-0.0010,-0.0029,gnss_loop
-85.0671,103396.8975,85705.6826,168.8203,-2.1933,-0.0010,-0.0025,gnss_loop
-84.0811,103396.3245,85704.8802,168.8184,-2.1911,-0.0012,-0.0022,gnss_loop
-83.0945,103395.7508,85704.0775,168.8134,-2.1903,-0.0008,-0.0020,gnss_loop
-82.1088,103395.1793,85703.2744,168.8122,-2.1851,0.0002,-0.0022,gnss_loop
-81.1074,103394.6055,85702.4538,168.8091,-2.1793,0.0012,-0.0021,gnss_loop
-80.1085,103394.0359,85701.6332,168.8045,-2.1809,0.0014,-0.0019,gnss_loop
-79.1050,103393.4582,85700.8126,168.8029,-2.1812,0.0007,-0.0022,gnss_loop
-78.1055,103392.8877,85699.9919,168.7970,-2.1804,-0.0000,-0.0024,gnss_loop
-77.1031,103392.3121,85699.1713,168.7956,-2.1812,-0.0005,-0.0022,gnss_loop
-76.1025,103391.7396,85698.3507,168.7901,-2.1785,-0.0006,-0.0023,gnss_loop
-75.1039,103391.1706,85697.5301,168.7906,-2.1817,-0.0003,-0.0026,gnss_loop
-74.1108,103390.5971,85696.7192,168.8022,-2.1881,0.0001,-0.0028,gnss_loop
-73.1132,103390.0184,85695.9067,168.8044,-2.1877,0.0001,-0.0027,gnss_loop
-72.1185,103389.4446,85695.0942,168.8014,-2.1856,-0.0002,-0.0026,gnss_loop
-71.1252,103388.8717,85694.2827,168.7911,-2.1856,-0.0004,-0.0026,gnss_loop
-70.1305,103388.2978,85693.4702,168.7888,-2.1813,-0.0001,-0.0027,gnss_loop
-69.1317,103387.7288,85692.6493,168.7851,-2.1784,0.0001,-0.0026,gnss_loop
-68.1334,103387.1577,85691.8306,168.7772,-2.1809,0.0001,-0.0024,gnss_loop
-67.1342,103386.5844,85691.0122,168.7779,-2.1827,0.0000,-0.0023,gnss_loop
-66.1324,103386.0083,85690.1926,168.7795,-2.1851,-0.0002,-0.0023,gnss_loop
-65.1311,103385.4299,85689.3753,168.7718,-2.1869,-0.0005,-0.0026,gnss_loop
-64.1298,103384.8511,85688.5582,168.7633,-2.1865,-0.0003,-0.0030,gnss_loop
-63.1288,103384.2735,85687.7407,168.7578,-2.1855,-0.0001,-0.0033,gnss_loop
-62.1294,103383.6974,85686.9240,168.7606,-2.1852,0.0001,-0.0035,gnss_loop
-61.1318,103383.1222,85686.1089,168.7577,-2.1849,0.0005,-0.0034,gnss_loop
-60.1337,103382.5474,85685.2930,168.7540,-2.1830,0.0006,-0.0034,gnss_loop
-59.1359,103381.9753,85684.4754,168.7479,-2.1819,0.0005,-0.0035,gnss_loop
-58.1374,103381.4020,85683.6579,168.7511,-2.1828,0.0005,-0.0035,gnss_loop
-57.1368,103380.8269,85682.8391,168.7484,-2.1823,0.0005,-0.0034,gnss_loop
-56.1352,103380.2525,85682.0186,168.7472,-2.1810,0.0004,-0.0035,gnss_loop
-55.1335,103379.6789,85681.1974,168.7415,-2.1810,0.0001,-0.0036,gnss_loop
-54.1312,103379.1041,85680.3763,168.7307,-2.1811,0.0001,-0.0035,gnss_loop
-53.1299,103378.5305,85679.5555,168.7366,-2.1802,0.0002,-0.0033,gnss_loop
-52.1298,103377.9585,85678.7352,168.7318,-2.1800,0.0002,-0.0033,gnss_loop
-51.1299,103377.3860,85677.9153,168.7286,-2.1809,0.0003,-0.0034,gnss_loop
-50.1303,103376.8129,85677.0964,168.7203,-2.1817,0.0003,-0.0034,gnss_loop
-49.1312,103376.2396,85676.2781,168.7172,-2.1814,0.0002,-0.0031,gnss_loop
-48.1318,103375.6671,85675.4590,168.7100,-2.1803,-0.0001,-0.0032,gnss_loop
-47.1327,103375.0955,85674.6395,168.7070,-2.1793,-0.0002,-0.0033,gnss_loop
-46.1334,103374.5247,85673.8193,168.7060,-2.1782,-0.0001,-0.0034,gnss_loop
-45.1337,103373.9546,85672.9981,168.7045,-2.1777,-0.0000,-0.0036,gnss_loop
-44.1343,103373.3845,85672.1773,168.6962,-2.1799,0.0000,-0.0031,gnss_loop
-43.1338,103372.8104,85671.3579,168.6930,-2.1820,0.0001,-0.0028,gnss_loop
-42.1336,103372.2364,85670.5388,168.6881,-2.1818,0.0000,-0.0031,gnss_loop
-41.1333,103371.6628,85669.7193,168.6907,-2.1821,-0.0002,-0.0032,gnss_loop
-40.1327,103371.0880,85668.9002,168.6861,-2.1818,-0.0001,-0.0032,gnss_loop
-39.1317,103370.5146,85668.0798,168.6849,-2.1798,0.0002,-0.0036,gnss_loop
-38.1319,103369.9434,85667.2591,168.6867,-2.1779,0.0003,-0.0039,gnss_loop
-37.1338,103369.3748,85666.4389,168.6794,-2.1789,0.0002,-0.0041,gnss_loop
-36.1393,103368.8050,85665.6238,168.6803,-2.1802,0.0000,-0.0043,gnss_loop
-35.1462,103368.2371,85664.8091,168.6723,-2.1797,-0.0004,-0.0048,gnss_loop
-34.1531,103367.6689,85663.9946,168.6671,-2.1787,-0.0010,-0.0053,gnss_loop
-33.1608,103367.1033,85663.1794,168.6735,-2.1795,-0.0014,-0.0053,gnss_loop
-32.1652,103366.5323,85662.3638,168.6745,-2.1812,-0.0016,-0.0054,gnss_loop
-31.1657,103365.9597,85661.5444,168.6623,-2.1825,-0.0018,-0.0059,gnss_loop
-30.1646,103365.3833,85660.7259,168.6626,-2.1861,-0.0021,-0.0068,gnss_loop
-29.1651,103364.8049,85659.9108,168.6498,-2.1897,-0.0024,-0.0074,gnss_loop
-28.1690,103364.2256,85659.1005,168.6378,-2.1923,-0.0026,-0.0082,gnss_loop
-27.1737,103363.6454,85658.2918,168.6245,-2.1949,-0.0027,-0.0088,gnss_loop
-26.1789,103363.0627,85657.4855,168.6230,-2.1973,-0.0026,-0.0089,gnss_loop
-25.1841,103362.4788,85656.6801,168.6120,-2.1994,-0.0023,-0.0091,gnss_loop
-24.1876,103361.8917,85655.8749,168.5965,-2.2023,-0.0021,-0.0091,gnss_loop
-23.1877,103361.3003,85655.0687,168.5852,-2.2048,-0.0021,-0.0091,gnss_loop
-22.1878,103360.7071,85654.2637,168.5841,-2.2072,-0.0022,-0.0092,gnss_loop
-21.1878,103360.1117,85653.4603,168.5712,-2.2081,-0.0023,-0.0091,gnss_loop
-20.1885,103359.5175,85652.6568,168.5592,-2.2087,-0.0027,-0.0088,gnss_loop
-19.1891,103358.9214,85651.8546,168.5328,-2.2110,-0.0029,-0.0088,gnss_loop
-18.1892,103358.3232,85651.0534,168.5283,-2.2143,-0.0030,-0.0080,gnss_loop
-17.1893,103357.7216,85650.2548,168.4997,-2.2169,-0.0031,-0.0072,gnss_loop
-16.1896,103357.1193,85649.4569,168.4996,-2.2217,-0.0034,-0.0068,gnss_loop
-15.1895,103356.5100,85648.6639,168.4890,-2.2282,-0.0035,-0.0063,gnss_loop
-14.1956,103355.9009,85647.8785,168.4817,-2.2314,-0.0035,-0.0056,gnss_loop
-13.2018,103355.2903,85647.0943,168.4768,-2.2337,-0.0037,-0.0054,gnss_loop
-12.2085,103354.6780,85646.3122,168.4825,-2.2371,-0.0039,-0.0055,gnss_loop
-11.2149,103354.0622,85645.5325,168.4777,-2.2404,-0.0038,-0.0067,gnss_loop
-10.2238,103353.4462,85644.7560,168.4772,-2.2419,-0.0041,-0.0077,gnss_loop
-9.2277,103352.8265,85643.9762,168.4777,-2.2455,-0.0051,-0.0070,gnss_loop
-8.2321,103352.2021,85643.2007,168.4671,-2.2514,-0.0049,-0.0065,gnss_loop
-7.2370,103351.5738,85642.4290,168.4837,-2.2562,-0.0036,-0.0059,gnss_loop
-6.2430,103350.9430,85641.6608,168.4763,-2.2610,-0.0017,-0.0055,gnss_loop
-5.2464,103350.3064,85640.8940,168.4866,-2.2727,-0.0008,-0.0054,gnss_loop
-4.2485,103349.6553,85640.1379,168.4863,-2.2838,-0.0036,-0.0052,gnss_loop
-3.2503,103349.0007,85639.3842,168.4867,-2.2744,-0.0058,-0.0050,gnss_loop
-2.2010,103348.3306,85638.5768,168.4699,-2.2672,-0.0060,-0.0051,gnss_loop
-1.1510,103347.6542,85637.7737,168.4696,-2.2438,-0.0056,-0.0051,gnss_loop
0.0000,103346.9592,85636.8562,168.4062,-2.2974,-0.0058,-0.0054,pathgraph
0.9999,103346.2905,85636.1128,168.4016,-2.3031,-0.0057,-0.0059,pathgraph
1.9997,103345.6218,85635.3695,168.3970,-2.3088,-0.0056,-0.0059,pathgraph
2.9996,103344.9446,85634.6339,168.3924,-2.3139,-0.0052,-0.0062,pathgraph
3.9994,103344.2666,85633.8990,168.3878,-2.3190,-0.0047,-0.0067,pathgraph
4.9993,103343.5848,85633.1677,168.3832,-2.3236,-0.0044,-0.0070,pathgraph
5.9991,103342.8979,85632.4412,168.3786,-2.3278,-0.0042,-0.0074,pathgraph
6.9990,103342.2109,85631.7146,168.3740,-2.3319,-0.0039,-0.0076,pathgraph
7.9988,103341.5205,85630.9915,168.3694,-2.3358,-0.0037,-0.0075,pathgraph
8.9987,103340.8252,85630.2730,168.3649,-2.3393,-0.0036,-0.0073,pathgraph
9.9986,103340.1299,85629.5544,168.3603,-2.3429,-0.0034,-0.0060,pathgraph
10.9984,103339.4313,85628.8391,168.3558,-2.3463,-0.0033,-0.0045,pathgraph
11.9983,103338.7282,85628.1282,168.3512,-2.3496,-0.0032,-0.0045,pathgraph
12.9981,103338.0252,85627.4173,168.3467,-2.3528,-0.0032,-0.0045,pathgraph
13.9980,103337.3221,85626.7063,168.3421,-2.3560,-0.0032,-0.0045,pathgraph
14.9979,103336.6118,85626.0026,168.3376,-2.3591,-0.0031,-0.0045,pathgraph
15.9977,103335.9009,85625.2995,168.3331,-2.3622,-0.0031,-0.0045,pathgraph
16.9976,103335.1900,85624.5964,168.3286,-2.3653,-0.0030,-0.0045,pathgraph
17.9974,103334.4760,85623.8965,168.3241,-2.3683,-0.0030,-0.0045,pathgraph
18.9973,103333.7578,85623.2008,168.3196,-2.3711,-0.0029,-0.0045,pathgraph
19.9971,103333.0396,85622.5052,168.3151,-2.3740,-0.0028,-0.0045,pathgraph
20.9970,103332.3214,85621.8096,168.3106,-2.3768,-0.0027,-0.0045,pathgraph
21.9969,103331.5971,85621.1204,168.3061,-2.3796,-0.0027,-0.0045,pathgraph
22.9967,103330.8722,85620.4317,168.3017,-2.3823,-0.0027,-0.0045,pathgraph
23.9966,103330.1473,85619.7430,168.2972,-2.3850,-0.0027,-0.0045,pathgraph
24.9964,103329.4196,85619.0573,168.2927,-2.3878,-0.0027,-0.0045,pathgraph
25.9963,103328.6881,85618.3757,168.2882,-2.3907,-0.0029,-0.0045,pathgraph
26.9962,103327.9566,85617.6941,168.2837,-2.3936,-0.0030,-0.0045,pathgraph
27.9960,103327.2251,85617.0125,168.2793,-2.3964,-0.0031,-0.0045,pathgraph
28.9959,103326.4872,85616.3377,168.2748,-2.3998,-0.0033,-0.0045,pathgraph
29.9957,103325.7489,85615.6635,168.2703,-2.4031,-0.0034,-0.0045,pathgraph
30.9956,103325.0106,85614.9893,168.2658,-2.4065,-0.0036,-0.0045,pathgraph
31.9955,103324.2655,85614.3225,168.2613,-2.4104,-0.0038,-0.0045,pathgraph
32.9953,103323.5198,85613.6564,168.2569,-2.4143,-0.0040,-0.0045,pathgraph
33.9952,103322.7741,85612.9903,168.2524,-2.4182,-0.0042,-0.0045,pathgraph
34.9950,103322.0215,85612.3321,168.2479,-2.4226,-0.0044,-0.0045,pathgraph
35.9949,103321.2682,85611.6746,168.2434,-2.4271,-0.0046,-0.0045,pathgraph
36.9947,103320.5117,85611.0209,168.2389,-2.4318,-0.0048,-0.0045,pathgraph
37.9946,103319.7506,85610.3724,168.2343,-2.4368,-0.0050,-0.0045,pathgraph
38.9945,103318.9896,85609.7238,168.2298,-2.4418,-0.0052,-0.0045,pathgraph
39.9943,103318.2209,85609.0845,168.2253,-2.4471,-0.0053,-0.0046,pathgraph
40.9942,103317.4515,85608.4459,168.2208,-2.4524,-0.0054,-0.0046,pathgraph
41.9940,103316.6786,85607.8117,168.2162,-2.4577,-0.0054,-0.0046,pathgraph
42.9939,103315.9008,85607.1834,168.2116,-2.4630,-0.0053,-0.0046,pathgraph
43.9937,103315.1230,85606.5551,168.2071,-2.4683,-0.0052,-0.0046,pathgraph
44.9936,103314.3378,85605.9361,168.2025,-2.4733,-0.0050,-0.0046,pathgraph
45.9934,103313.5520,85605.3179,168.1979,-2.4783,-0.0049,-0.0046,pathgraph
46.9933,103312.7631,85604.7036,168.1933,-2.4831,-0.0047,-0.0046,pathgraph
47.9932,103311.9699,85604.0949,168.1887,-2.4877,-0.0046,-0.0047,pathgraph
48.9930,103311.1767,85603.4861,168.1840,-2.4923,-0.0044,-0.0047,pathgraph
49.9929,103310.3768,85602.8862,168.1793,-2.4965,-0.0043,-0.0047,pathgraph
50.9927,103309.5764,85602.2870,168.1747,-2.5006,-0.0041,-0.0047,pathgraph
51.9926,103308.7760,85601.6878,168.1700,-2.5048,-0.0039,-0.0047,pathgraph
52.9924,103307.9692,85601.0972,168.1652,-2.5084,-0.0037,-0.0048,pathgraph
53.9923,103307.1618,85600.5074,168.1605,-2.5120,-0.0035,-0.0048,pathgraph
54.9922,103306.3544,85599.9176,168.1558,-2.5156,-0.0033,-0.0048,pathgraph
55.9920,103305.5415,85599.3355,168.1509,-2.5185,-0.0030,-0.0048,pathgraph
56.9919,103304.7280,85598.7542,168.1461,-2.5214,-0.0028,-0.0048,pathgraph
57.9917,103303.9145,85598.1728,168.1413,-2.5242,-0.0026,-0.0049,pathgraph
58.9916,103303.0988,85597.5947,168.1364,-2.5267,-0.0024,-0.0049,pathgraph
59.9915,103302.2798,85597.0210,168.1315,-2.5285,-0.0021,-0.0049,pathgraph
60.9913,103301.4609,85596.4474,168.1266,-2.5304,-0.0018,-0.0050,pathgraph
61.9912,103300.6419,85595.8738,168.1217,-2.5322,-0.0015,-0.0050,pathgraph
62.9910,103299.8230,85595.3001,168.1167,-2.5341,-0.0012,-0.0050,pathgraph
63.9909,103299.0002,85594.7321,168.1116,-2.5354,-0.0012,-0.0051,pathgraph
64.9908,103298.1770,85594.1645,168.1065,-2.5366,-0.0012,-0.0051,pathgraph
65.9906,103297.3538,85593.5970,168.1014,-2.5379,-0.0013,-0.0051,pathgraph
66.9905,103296.5307,85593.0294,168.0963,-2.5391,-0.0013,-0.0052,pathgraph
67.9903,103295.7075,85592.4618,168.0912,-2.5404,-0.0013,-0.0052,pathgraph
68.9902,103294.8843,85591.8943,168.0861,-2.5417,-0.0013,-0.0052,pathgraph
69.9901,103294.0571,85591.3327,168.0809,-2.5440,-0.0018,-0.0053,pathgraph
70.9899,103293.2295,85590.7716,168.0756,-2.5464,-0.0024,-0.0053,pathgraph
71.9898,103292.4019,85590.2106,168.0703,-2.5488,-0.0029,-0.0054,pathgraph
72.9896,103291.5743,85589.6495,168.0650,-2.5512,-0.0035,-0.0054,pathgraph
73.9895,103290.7407,85589.0973,168.0595,-2.5554,-0.0040,-0.0055,pathgraph
74.9894,103289.9067,85588.5459,168.0541,-2.5597,-0.0045,-0.0055,pathgraph
75.9892,103289.0726,85587.9945,168.0486,-2.5640,-0.0051,-0.0056,pathgraph
76.9891,103288.2317,85587.4537,168.0430,-2.5696,-0.0056,-0.0056,pathgraph
77.9889,103287.3901,85586.9138,168.0374,-2.5753,-0.0061,-0.0057,pathgraph
78.9888,103286.5454,85586.3788,168.0318,-2.5814,-0.0065,-0.0057,pathgraph
79.9886,103285.6964,85585.8507,168.0260,-2.5881,-0.0068,-0.0058,pathgraph
80.9885,103284.8444,85585.3275,168.0203,-2.5948,-0.0069,-0.0058,pathgraph
81.9883,103283.9882,85584.8111,168.0144,-2.6017,-0.0069,-0.0059,pathgraph
82.9882,103283.1288,85584.3000,168.0086,-2.6084,-0.0067,-0.0060,pathgraph
83.9880,103282.2650,85583.7966,168.0026,-2.6148,-0.0064,-0.0060,pathgraph
84.9879,103281.4011,85583.2932,167.9966,-2.6212,-0.0060,-0.0061,pathgraph
85.9877,103280.5305,85582.8015,167.9905,-2.6267,-0.0056,-0.0062,pathgraph
86.9876,103279.6592,85582.3110,167.9843,-2.6322,-0.0052,-0.0062,pathgraph
87.9874,103278.7853,85581.8253,167.9781,-2.6372,-0.0047,-0.0063,pathgraph
88.9873,103277.9075,85581.3464,167.9717,-2.6415,-0.0044,-0.0064,pathgraph
89.9872,103277.0298,85580.8676,167.9654,-2.6458,-0.0040,-0.0065,pathgraph
90.9870,103276.1497,85580.3931,167.9589,-2.6496,-0.0036,-0.0065,pathgraph
91.9869,103275.2663,85579.9249,167.9523,-2.6527,-0.0032,-0.0066,pathgraph
92.9867,103274.3828,85579.4566,167.9457,-2.6558,-0.0029,-0.0067,pathgraph
93.9866,103273.4994,85578.9884,167.9391,-2.6589,-0.0025,-0.0068,pathgraph
94.9864,103272.6116,85578.5284,167.9322,-2.6624,-0.0027,-0.0069,pathgraph
95.9863,103271.7234,85578.0692,167.9253,-2.6660,-0.0029,-0.0070,pathgraph
96.9862,103270.8353,85577.6100,167.9184,-2.6695,-0.0032,-0.0071,pathgraph
97.9860,103269.9453,85577.1543,167.9114,-2.6723,-0.0025,-0.0072,pathgraph
98.9859,103269.0527,85576.7038,167.9042,-2.6740,-0.0005,-0.0072,pathgraph
99.9857,103268.1601,85576.2533,167.8969,-2.6759,-0.0021,-0.0073,pathgraph
100.9856,103267.2674,85575.8028,167.8897,-2.6777,-0.0039,-0.0074,pathgraph
101.9855,103266.3706,85575.3607,167.8822,-2.6815,-0.0039,-0.0075,pathgraph
102.9853,103265.4734,85574.9194,167.8746,-2.6855,-0.0037,-0.0076,pathgraph
103.9852,103264.5762,85574.4782,167.8670,-2.6895,-0.0034,-0.0078,pathgraph
104.9850,103263.6748,85574.0455,167.8592,-2.6930,-0.0034,-0.0079,pathgraph
105.9849,103262.7730,85573.6136,167.8513,-2.6964,-0.0034,-0.0080,pathgraph
106.9847,103261.8712,85573.1817,167.8434,-2.6997,-0.0034,-0.0081,pathgraph
107.9846,103260.9652,85572.7589,167.8352,-2.7031,-0.0034,-0.0082,pathgraph
108.9845,103260.0587,85572.3369,167.8269,-2.7065,-0.0034,-0.0083,pathgraph
109.9843,103259.1523,85571.9150,167.8186,-2.7098,-0.0034,-0.0085,pathgraph
110.9842,103258.2439,85571.4971,167.8102,-2.7132,-0.0034,-0.0086,pathgraph
111.9840,103257.3329,85571.0851,167.8015,-2.7167,-0.0034,-0.0087,pathgraph
112.9839,103256.4219,85570.6731,167.7928,-2.7201,-0.0035,-0.0088,pathgraph
113.9837,103255.5091,85570.2650,167.7840,-2.7235,-0.0035,-0.0090,pathgraph
114.9836,103254.5938,85569.8626,167.7749,-2.7270,-0.0034,-0.0091,pathgraph
115.9835,103253.6785,85569.4601,167.7659,-2.7304,-0.0034,-0.0092,pathgraph
116.9833,103252.7615,85569.0617,167.7566,-2.7337,-0.0033,-0.0094,pathgraph
117.9832,103251.8419,85568.6691,167.7471,-2.7368,-0.0032,-0.0095,pathgraph
118.9830,103250.9224,85568.2764,167.7376,-2.7400,-0.0031,-0.0096,pathgraph
119.9829,103250.0029,85567.8837,167.7281,-2.7431,-0.0029,-0.0098,pathgraph
120.9828,103249.0797,85567.4997,167.7181,-2.7459,-0.0029,-0.0099,pathgraph
121.9826,103248.1562,85567.1166,167.7081,-2.7487,-0.0028,-0.0101,pathgraph
122.9825,103247.2326,85566.7334,167.6981,-2.7515,-0.0027,-0.0102,pathgraph
123.9823,103246.3076,85566.3539,167.6878,-2.7542,-0.0027,-0.0104,pathgraph
124.9822,103245.3805,85565.9794,167.6773,-2.7568,-0.0026,-0.0105,pathgraph
125.9820,103244.4534,85565.6050,167.6667,-2.7595,-0.0026,-0.0107,pathgraph
126.9819,103243.5263,85565.2306,167.6562,-2.7621,-0.0026,-0.0109,pathgraph
127.9818,103242.5960,85564.8641,167.6451,-2.7645,-0.0025,-0.0110,pathgraph
128.9816,103241.6654,85564.4985,167.6340,-2.7669,-0.0024,-0.0112,pathgraph
129.9815,103240.7348,85564.1328,167.6229,-2.7693,-0.0023,-0.0113,pathgraph
130.9813,103239.8042,85563.7672,167.6117,-2.7717,-0.0022,-0.0115,pathgraph
131.9812,103238.8706,85563.4092,167.6000,-2.7735,-0.0021,-0.0116,pathgraph
132.9811,103237.9368,85563.0520,167.5882,-2.7753,-0.0019,-0.0118,pathgraph
133.9809,103237.0029,85562.6948,167.5764,-2.7771,-0.0017,-0.0120,pathgraph
134.9808,103236.0690,85562.3376,167.5645,-2.7789,-0.0015,-0.0121,pathgraph
135.9806,103235.1341,85561.9831,167.5524,-2.7803,-0.0013,-0.0123,pathgraph
136.9805,103234.1977,85561.6326,167.5396,-2.7813,-0.0012,-0.0125,pathgraph
137.9804,103233.2613,85561.2821,167.5269,-2.7822,-0.0010,-0.0126,pathgraph
138.9802,103232.3249,85560.9315,167.5142,-2.7831,-0.0009,-0.0128,pathgraph
139.9801,103231.3885,85560.5810,167.5015,-2.7841,-0.0008,-0.0129,pathgraph
140.9799,103230.4521,85560.2305,167.4887,-2.7850,-0.0007,-0.0131,pathgraph
141.9798,103229.5157,85559.8800,167.4760,-2.7859,-0.0005,-0.0133,pathgraph
142.9797,103228.5778,85559.5335,167.4622,-2.7865,-0.0005,-0.0134,pathgraph
143.9795,103227.6397,85559.1874,167.4483,-2.7871,-0.0006,-0.0136,pathgraph
144.9794,103226.7016,85558.8413,167.4344,-2.7877,-0.0006,-0.0138,pathgraph
145.9792,103225.7636,85558.4952,167.4205,-2.7883,-0.0006,-0.0139,pathgraph
146.9791,103224.8255,85558.1491,167.4066,-2.7889,-0.0006,-0.0141,pathgraph
147.9790,103223.8875,85557.8030,167.3927,-2.7895,-0.0006,-0.0142,pathgraph
148.9788,103222.9494,85557.4569,167.3788,-2.7901,-0.0006,-0.0144,pathgraph
149.9787,103222.0107,85557.1128,167.3644,-2.7909,-0.0007,-0.0146,pathgraph
150.9785,103221.0709,85556.7714,167.3494,-2.7921,-0.0009,-0.0148,pathgraph
151.9784,103220.1311,85556.4301,167.3344,-2.7933,-0.0011,-0.0149,pathgraph
152.9783,103219.1913,85556.0887,167.3194,-2.7944,-0.0013,-0.0151,pathgraph
153.9781,103218.2515,85555.7474,167.3044,-2.7956,-0.0015,-0.0152,pathgraph
154.9780,103217.3117,85555.4060,167.2894,-2.7968,-0.0017,-0.0154,pathgraph
155.9778,103216.3697,85555.0711,167.2737,-2.7987,-0.0019,-0.0156,pathgraph
156.9777,103215.4273,85554.7368,167.2579,-2.8008,-0.0020,-0.0157,pathgraph
157.9776,103214.4850,85554.4026,167.2421,-2.8029,-0.0022,-0.0159,pathgraph
158.9774,103213.5426,85554.0683,167.2263,-2.8049,-0.0024,-0.0161,pathgraph
159.9773,103212.5976,85553.7418,167.2099,-2.8077,-0.0026,-0.0162,pathgraph
160.9771,103211.6523,85553.4162,167.1935,-2.8105,-0.0028,-0.0164,pathgraph
161.9770,103210.7069,85553.0905,167.1771,-2.8132,-0.0030,-0.0165,pathgraph
162.9769,103209.7603,85552.7687,167.1605,-2.8163,-0.0032,-0.0167,pathgraph
163.9767,103208.8117,85552.4526,167.1436,-2.8198,-0.0034,-0.0168,pathgraph
164.9766,103207.8631,85552.1365,167.1267,-2.8232,-0.0037,-0.0170,pathgraph
165.9764,103206.9131,85551.8247,167.1096,-2.8269,-0.0038,-0.0172,pathgraph
166.9763,103205.9611,85551.5192,167.0922,-2.8308,-0.0039,-0.0173,pathgraph
167.9761,103205.0090,85551.2137,167.0749,-2.8347,-0.0040,-0.0175,pathgraph
168.9760,103204.0555,85550.9128,167.0573,-2.8386,-0.0040,-0.0176,pathgraph
169.9759,103203.0999,85550.6188,167.0395,-2.8426,-0.0040,-0.0178,pathgraph
170.9757,103202.1442,85550.3247,167.0217,-2.8466,-0.0040,-0.0179,pathgraph
171.9756,103201.1872,85550.0353,167.0037,-2.8507,-0.0040,-0.0180,pathgraph
172.9754,103200.2281,85549.7527,166.9855,-2.8547,-0.0041,-0.0182,pathgraph
173.9753,103199.2690,85549.4701,166.9673,-2.8588,-0.0041,-0.0183,pathgraph
174.9751,103198.3086,85549.1920,166.9489,-2.8630,-0.0043,-0.0184,pathgraph
175.9750,103197.3463,85548.9205,166.9303,-2.8675,-0.0045,-0.0186,pathgraph
176.9748,103196.3840,85548.6491,166.9117,-2.8720,-0.0047,-0.0187,pathgraph
177.9747,103195.4189,85548.3879,166.8929,-2.8769,-0.0049,-0.0188,pathgraph
178.9746,103194.4534,85548.1279,166.8740,-2.8819,-0.0051,-0.0189,pathgraph
179.9744,103193.4866,85547.8729,166.8550,-2.8870,-0.0052,-0.0191,pathgraph
180.9743,103192.5179,85547.6254,166.8358,-2.8922,-0.0053,-0.0192,pathgraph
181.9741,103191.5492,85547.3779,166.8165,-2.8975,-0.0053,-0.0193,pathgraph
182.9740,103190.5776,85547.1419,166.7971,-2.9028,-0.0053,-0.0194,pathgraph
183.9738,103189.6056,85546.9072,166.7776,-2.9080,-0.0052,-0.0195,pathgraph
184.9737,103188.6325,85546.6776,166.7580,-2.9133,-0.0052,-0.0196,pathgraph
185.9735,103187.6576,85546.4555,166.7383,-2.9185,-0.0052,-0.0197,pathgraph
186.9734,103186.6827,85546.2335,166.7185,-2.9236,-0.0051,-0.0198,pathgraph
187.9733,103185.7054,85546.0226,166.6986,-2.9286,-0.0050,-0.0199,pathgraph
188.9731,103184.7277,85545.8130,166.6786,-2.9335,-0.0049,-0.0200,pathgraph
189.9730,103183.7491,85545.6083,166.6585,-2.9381,-0.0046,-0.0201,pathgraph
190.9728,103182.7688,85545.4111,166.6383,-2.9421,-0.0041,-0.0202,pathgraph
191.9727,103181.7886,85545.2139,166.6181,-2.9462,-0.0036,-0.0202,pathgraph
192.9725,103180.8075,85545.0211,166.5977,-2.9501,-0.0032,-0.0203,pathgraph
193.9724,103179.8251,85544.8351,166.5773,-2.9537,-0.0031,-0.0204,pathgraph
194.9722,103178.8427,85544.6491,166.5568,-2.9574,-0.0029,-0.0205,pathgraph
195.9721,103177.8603,85544.4630,166.5363,-2.9610,-0.0027,-0.0205,pathgraph
196.9720,103176.8765,85544.2846,166.5156,-2.9630,-0.0008,-0.0206,pathgraph
197.9718,103175.8926,85544.1070,166.4948,-2.9638,-0.0010,-0.0207,pathgraph
198.9717,103174.9086,85543.9294,166.4741,-2.9644,-0.0014,-0.0207,pathgraph
199.9715,103173.9246,85543.7518,166.4533,-2.9650,-0.0018,-0.0208,pathgraph
200.9714,103172.9402,85543.5770,166.4325,-2.9660,-0.0020,-0.0208,pathgraph
201.9713,103171.9550,85543.4064,166.4115,-2.9678,-0.0018,-0.0209,pathgraph
202.9711,103170.9698,85543.2358,166.3905,-2.9695,-0.0017,-0.0209,pathgraph
203.9710,103169.9846,85543.0653,166.3695,-2.9712,-0.0015,-0.0210,pathgraph
204.9708,103168.9994,85542.8947,166.3485,-2.9729,-0.0013,-0.0210,pathgraph
205.9707,103168.0137,85542.7268,166.3274,-2.9744,-0.0012,-0.0211,pathgraph
206.9706,103167.0273,85542.5631,166.3062,-2.9755,-0.0012,-0.0211,pathgraph
207.9704,103166.0410,85542.3994,166.2850,-2.9766,-0.0011,-0.0211,pathgraph
208.9703,103165.0546,85542.2356,166.2638,-2.9777,-0.0011,-0.0211,pathgraph
209.9701,103164.0682,85542.0719,166.2426,-2.9788,-0.0010,-0.0212,pathgraph
210.9700,103163.0819,85541.9081,166.2215,-2.9799,-0.0010,-0.0212,pathgraph
211.9699,103162.0947,85541.7497,166.2002,-2.9809,-0.0010,-0.0212,pathgraph
212.9697,103161.1073,85541.5918,166.1789,-2.9819,-0.0010,-0.0212,pathgraph
213.9696,103160.1200,85541.4339,166.1576,-2.9829,-0.0010,-0.0212,pathgraph
214.9694,103159.1327,85541.2761,166.1363,-2.9840,-0.0010,-0.0213,pathgraph
215.9693,103158.1454,85541.1182,166.1150,-2.9850,-0.0010,-0.0213,pathgraph
216.9692,103157.1581,85540.9603,166.0937,-2.9860,-0.0010,-0.0213,pathgraph
217.9690,103156.1699,85540.8081,166.0723,-2.9874,-0.0012,-0.0213,pathgraph
218.9689,103155.1816,85540.6565,166.0510,-2.9889,-0.0014,-0.0213,pathgraph
219.9687,103154.1933,85540.5049,166.0297,-2.9904,-0.0015,-0.0213,pathgraph
220.9686,103153.2050,85540.3533,166.0084,-2.9919,-0.0017,-0.0213,pathgraph
221.9685,103152.2167,85540.2017,165.9871,-2.9933,-0.0019,-0.0213,pathgraph
222.9683,103151.2273,85540.0573,165.9658,-2.9950,-0.0018,-0.0212,pathgraph
223.9682,103150.2378,85539.9138,165.9445,-2.9967,-0.0017,-0.0212,pathgraph
224.9680,103149.2483,85539.7702,165.9232,-2.9984,-0.0017,-0.0212,pathgraph
225.9679,103148.2588,85539.6267,165.9020,-3.0002,-0.0016,-0.0212,pathgraph
226.9678,103147.2689,85539.4861,165.8808,-3.0017,-0.0015,-0.0212,pathgraph
227.9676,103146.2783,85539.3500,165.8596,-3.0031,-0.0014,-0.0211,pathgraph
228.9675,103145.2877,85539.2139,165.8384,-3.0045,-0.0014,-0.0211,pathgraph
229.9673,103144.2972,85539.0779,165.8173,-3.0058,-0.0013,-0.0211,pathgraph
230.9672,103143.3066,85538.9418,165.7961,-3.0072,-0.0013,-0.0211,pathgraph
231.9671,103142.3161,85538.8057,165.7750,-3.0086,-0.0012,-0.0210,pathgraph
232.9669,103141.3247,85538.6759,165.7540,-3.0100,-0.0013,-0.0210,pathgraph
233.9668,103140.3332,85538.5467,165.7330,-3.0114,-0.0014,-0.0210,pathgraph
234.9666,103139.3417,85538.4176,165.7120,-3.0128,-0.0014,-0.0209,pathgraph
235.9665,103138.3502,85538.2885,165.6910,-3.0142,-0.0015,-0.0209,pathgraph
236.9664,103137.3587,85538.1594,165.6701,-3.0157,-0.0016,-0.0208,pathgraph
237.9662,103136.3664,85538.0369,165.6493,-3.0169,-0.0015,-0.0203,pathgraph
238.9661,103135.3740,85537.9152,165.6286,-3.0182,-0.0014,-0.0193,pathgraph
239.9659,103134.3815,85537.7935,165.6078,-3.0194,-0.0012,-0.0183,pathgraph
240.9658,103133.3891,85537.6719,165.5871,-3.0207,-0.0011,-0.0172,pathgraph
241.9657,103132.3967,85537.5502,165.5664,-3.0219,-0.0010,-0.0165,pathgraph
242.9655,103131.4039,85537.4311,165.5457,-3.0233,-0.0010,-0.0176,pathgraph
243.9654,103130.4107,85537.3160,165.5253,-3.0248,-0.0012,-0.0197,pathgraph
244.9652,103129.4175,85537.2009,165.5049,-3.0264,-0.0014,-0.0204,pathgraph
245.9651,103128.4243,85537.0858,165.4844,-3.0279,-0.0017,-0.0204,pathgraph
246.9650,103127.4311,85536.9707,165.4640,-3.0295,-0.0019,-0.0203,pathgraph
247.9648,103126.4379,85536.8556,165.4436,-3.0311,-0.0021,-0.0202,pathgraph
248.9647,103125.4439,85536.7468,165.4424,-3.0313,-0.0014,-0.0202,pathgraph
249.9645,103124.4499,85536.6388,165.4435,-3.0314,-0.0007,-0.0201,pathgraph
250.9644,103123.4559,85536.5308,165.4447,-3.0315,0.0001,-0.0200,pathgraph
251.9643,103122.4619,85536.4227,165.4458,-3.0316,0.0009,-0.0200,pathgraph
252.9641,103121.4680,85536.3143,165.4336,-3.0317,0.0013,-0.0199,pathgraph
253.9640,103120.4742,85536.2039,165.3573,-3.0316,-0.0003,-0.0199,pathgraph
254.9638,103119.4802,85536.0955,165.3033,-3.0317,-0.0012,-0.0198,pathgraph
255.9637,103118.4860,85535.9900,165.2838,-3.0322,-0.0010,-0.0197,pathgraph
256.9636,103117.4917,85535.8846,165.2643,-3.0327,-0.0008,-0.0196,pathgraph
257.9634,103116.4974,85535.7792,165.2448,-3.0332,-0.0006,-0.0196,pathgraph
258.9633,103115.5031,85535.6737,165.2253,-3.0338,-0.0004,-0.0200,pathgraph
259.9631,103114.5088,85535.5683,165.2058,-3.0343,-0.0002,-0.0208,pathgraph
260.9630,103113.5145,85535.4629,165.1863,-3.0348,0.0000,-0.0218,pathgraph
261.9629,103112.5202,85535.3574,165.1667,-3.0353,0.0003,-0.0228,pathgraph
262.9627,103111.5260,85535.2520,165.1472,-3.0358,0.0005,-0.0234,pathgraph
263.9626,103110.5317,85535.1466,165.1277,-3.0364,0.0007,-0.0221,pathgraph
264.9625,103109.5376,85535.0388,165.1088,-3.0359,0.0007,-0.0199,pathgraph
265.9623,103108.5436,85534.9309,165.0900,-3.0353,0.0006,-0.0190,pathgraph
266.9622,103107.5496,85534.8229,165.0711,-3.0347,0.0006,-0.0190,pathgraph
267.9620,103106.5556,85534.7149,165.0523,-3.0341,0.0006,-0.0189,pathgraph
268.9619,103105.5616,85534.6069,165.0335,-3.0335,0.0006,-0.0188,pathgraph
269.9618,103104.5676,85534.4989,165.0146,-3.0329,0.0006,-0.0188,pathgraph
270.9616,103103.5735,85534.3910,164.9958,-3.0323,0.0005,-0.0187,pathgraph
271.9615,103102.5795,85534.2830,164.9770,-3.0317,0.0005,-0.0186,pathgraph
272.9613,103101.5855,85534.1750,164.9581,-3.0311,0.0005,-0.0186,pathgraph
273.9612,103100.5917,85534.0656,164.9396,-3.0307,0.0005,-0.0185,pathgraph
274.9611,103099.5981,85533.9539,164.9214,-3.0306,0.0004,-0.0184,pathgraph
275.9609,103098.6045,85533.8422,164.9032,-3.0305,0.0003,-0.0184,pathgraph
276.9608,103097.6109,85533.7305,164.8850,-3.0304,0.0002,-0.0183,pathgraph
277.9606,103096.6173,85533.6188,164.8668,-3.0303,0.0001,-0.0183,pathgraph
278.9605,103095.6237,85533.5071,164.8486,-3.0302,0.0000,-0.0182,pathgraph
279.9604,103094.6301,85533.3954,164.8304,-3.0300,-0.0000,-0.0181,pathgraph
280.9602,103093.6365,85533.2837,164.8122,-3.0299,-0.0001,-0.0180,pathgraph
281.9601,103092.6429,85533.1720,164.7941,-3.0298,-0.0002,-0.0180,pathgraph
282.9599,103091.6493,85533.0603,164.7759,-3.0297,-0.0003,-0.0179,pathgraph
283.9598,103090.6555,85532.9504,164.7581,-3.0305,-0.0004,-0.0178,pathgraph
284.9597,103089.6616,85532.8407,164.7404,-3.0313,-0.0006,-0.0178,pathgraph
285.9595,103088.6678,85532.7310,164.7227,-3.0322,-0.0008,-0.0177,pathgraph
286.9594,103087.6740,85532.6213,164.7050,-3.0331,-0.0010,-0.0177,pathgraph
287.9593,103086.6801,85532.5116,164.6873,-3.0339,-0.0011,-0.0177,pathgraph
288.9591,103085.6863,85532.4019,164.6696,-3.0348,-0.0013,-0.0176,pathgraph
289.9590,103084.6921,85532.2959,164.6522,-3.0355,-0.0008,-0.0175,pathgraph
290.9588,103083.6978,85532.1904,164.6349,-3.0362,-0.0002,-0.0175,pathgraph
291.9587,103082.7035,85532.0849,164.6176,-3.0362,-0.0000,-0.0174,pathgraph
292.9586,103081.7093,85531.9794,164.6003,-3.0360,0.0000,-0.0173,pathgraph
293.9584,103080.7150,85531.8739,164.5830,-3.0359,0.0001,-0.0173,pathgraph
294.9583,103079.7207,85531.7684,164.5657,-3.0357,0.0001,-0.0173,pathgraph
295.9581,103078.7264,85531.6629,164.5484,-3.0356,0.0001,-0.0172,pathgraph
296.9580,103077.7321,85531.5574,164.5311,-3.0354,0.0002,-0.0171,pathgraph
297.9579,103076.7379,85531.4519,164.5138,-3.0353,0.0002,-0.0171,pathgraph
298.9577,103075.7437,85531.3457,164.4966,-3.0351,0.0003,-0.0170,pathgraph
299.9576,103074.7496,85531.2382,164.4798,-3.0347,0.0003,-0.0170,pathgraph
300.9574,103073.7555,85531.1307,164.4629,-3.0343,0.0004,-0.0169,pathgraph
301.9573,103072.7615,85531.0232,164.4460,-3.0339,0.0004,-0.0169,pathgraph
302.9572,103071.7674,85530.9158,164.4291,-3.0334,0.0004,-0.0168,pathgraph
303.9570,103070.7733,85530.8083,164.4122,-3.0330,0.0005,-0.0168,pathgraph
304.9569,103069.7793,85530.7008,164.3954,-3.0326,0.0005,-0.0168,pathgraph
305.9567,103068.7852,85530.5933,164.3785,-3.0322,0.0005,-0.0167,pathgraph
306.9566,103067.7914,85530.4832,164.3620,-3.0321,0.0005,-0.0166,pathgraph
307.9565,103066.7977,85530.3727,164.3456,-3.0319,0.0004,-0.0165,pathgraph
308.9563,103065.8039,85530.2621,164.3292,-3.0318,0.0003,-0.0165,pathgraph
309.9562,103064.8102,85530.1516,164.3128,-3.0316,0.0002,-0.0164,pathgraph
310.9560,103063.8165,85530.0411,164.2964,-3.0315,0.0001,-0.0164,pathgraph
311.9559,103062.8227,85529.9306,164.2800,-3.0313,0.0001,-0.0163,pathgraph
312.9558,103061.8290,85529.8201,164.2635,-3.0312,-0.0000,-0.0163,pathgraph
313.9556,103060.8353,85529.7095,164.2471,-3.0310,-0.0001,-0.0162,pathgraph
314.9555,103059.8415,85529.5990,164.2307,-3.0309,-0.0002,-0.0162,pathgraph
315.9554,103058.8478,85529.4884,164.2145,-3.0307,-0.0002,-0.0161,pathgraph
316.9552,103057.8541,85529.3776,164.1987,-3.0305,-0.0001,-0.0160,pathgraph
317.9551,103056.8604,85529.2668,164.1829,-3.0303,-0.0000,-0.0159,pathgraph
318.9549,103055.8667,85529.1560,164.1671,-3.0301,0.0001,-0.0159,pathgraph
319.9548,103054.8730,85529.0452,164.1513,-3.0299,0.0002,-0.0158,pathgraph
320.9547,103053.8793,85528.9343,164.1355,-3.0296,0.0003,-0.0157,pathgraph
321.9545,103052.8856,85528.8235,164.1197,-3.0294,0.0004,-0.0157,pathgraph
322.9544,103051.8919,85528.7127,164.1039,-3.0292,0.0005,-0.0156,pathgraph
323.9542,103050.8982,85528.6019,164.0881,-3.0290,0.0006,-0.0156,pathgraph
324.9541,103049.9045,85528.4911,164.0723,-3.0288,0.0007,-0.0155,pathgraph
325.9540,103048.9111,85528.3780,164.0571,-3.0288,0.0005,-0.0154,pathgraph
326.9538,103047.9177,85528.2645,164.0420,-3.0289,0.0004,-0.0153,pathgraph
327.9537,103046.9243,85528.1511,164.0269,-3.0290,0.0002,-0.0152,pathgraph
328.9535,103045.9309,85528.0376,164.0118,-3.0290,0.0001,-0.0152,pathgraph
329.9534,103044.9375,85527.9242,163.9966,-3.0291,-0.0001,-0.0151,pathgraph
330.9533,103043.9441,85527.8107,163.9815,-3.0291,-0.0002,-0.0150,pathgraph
331.9531,103042.9506,85527.6972,163.9664,-3.0292,-0.0004,-0.0149,pathgraph
332.9530,103041.9572,85527.5838,163.9513,-3.0293,-0.0006,-0.0148,pathgraph
333.9528,103040.9638,85527.4703,163.9362,-3.0293,-0.0007,-0.0147,pathgraph
334.9527,103039.9703,85527.3583,163.9214,-3.0297,-0.0008,-0.0146,pathgraph
335.9526,103038.9765,85527.2485,163.9069,-3.0307,-0.0009,-0.0146,pathgraph
336.9524,103037.9826,85527.1388,163.8924,-3.0316,-0.0009,-0.0145,pathgraph
337.9523,103036.9888,85527.0290,163.8779,-3.0326,-0.0010,-0.0144,pathgraph
338.9521,103035.9950,85526.9192,163.8634,-3.0335,-0.0011,-0.0143,pathgraph
339.9520,103035.0011,85526.8107,163.8491,-3.0340,-0.0010,-0.0142,pathgraph
340.9519,103034.0069,85526.7042,163.8352,-3.0337,-0.0006,-0.0141,pathgraph
341.9517,103033.0127,85526.5976,163.8213,-3.0334,-0.0002,-0.0140,pathgraph
342.9516,103032.0186,85526.4911,163.8074,-3.0331,0.0002,-0.0139,pathgraph
343.9515,103031.0244,85526.3845,163.7935,-3.0328,0.0005,-0.0138,pathgraph
344.9513,103030.0302,85526.2780,163.7796,-3.0325,0.0009,-0.0137,pathgraph
345.9512,103029.0360,85526.1715,163.7657,-3.0322,0.0013,-0.0136,pathgraph
346.9510,103028.0419,85526.0649,163.7518,-3.0319,0.0016,-0.0135,pathgraph
347.9509,103027.0483,85525.9534,163.7386,-3.0313,0.0013,-0.0134,pathgraph
348.9508,103026.0547,85525.8412,163.7256,-3.0307,0.0010,-0.0133,pathgraph
349.9506,103025.0612,85525.7290,163.7125,-3.0301,0.0006,-0.0132,pathgraph
350.9505,103024.0676,85525.6169,163.6994,-3.0295,0.0002,-0.0131,pathgraph
351.9503,103023.0741,85525.5047,163.6864,-3.0289,-0.0002,-0.0130,pathgraph
352.9502,103022.0805,85525.3925,163.6733,-3.0286,-0.0004,-0.0129,pathgraph
353.9501,103021.0870,85525.2803,163.6603,-3.0288,-0.0003,-0.0128,pathgraph
354.9499,103020.0934,85525.1681,163.6472,-3.0291,-0.0002,-0.0127,pathgraph
355.9498,103019.0999,85525.0559,163.6341,-3.0293,-0.0001,-0.0126,pathgraph
356.9496,103018.1063,85524.9439,163.6214,-3.0295,-0.0000,-0.0125,pathgraph
357.9495,103017.1127,85524.8323,163.6094,-3.0295,-0.0000,-0.0124,pathgraph
358.9494,103016.1191,85524.7206,163.5973,-3.0296,-0.0001,-0.0123,pathgraph
359.9492,103015.1255,85524.6089,163.5853,-3.0297,-0.0001,-0.0122,pathgraph
360.9491,103014.1319,85524.4973,163.5732,-3.0298,-0.0001,-0.0121,pathgraph
361.9489,103013.1383,85524.3856,163.5612,-3.0299,-0.0001,-0.0120,pathgraph
362.9488,103012.1447,85524.2740,163.5491,-3.0300,-0.0001,-0.0119,pathgraph
363.9487,103011.1511,85524.1623,163.5371,-3.0300,-0.0001,-0.0118,pathgraph
364.9485,103010.1575,85524.0506,163.5250,-3.0301,-0.0002,-0.0117,pathgraph
365.9484,103009.1639,85523.9390,163.5130,-3.0302,-0.0002,-0.0115,pathgraph
366.9482,103008.1701,85523.8282,163.5019,-3.0303,-0.0002,-0.0114,pathgraph
367.9481,103007.1764,85523.7176,163.4909,-3.0304,-0.0001,-0.0113,pathgraph
368.9480,103006.1827,85523.6070,163.4799,-3.0304,-0.0001,-0.0111,pathgraph
369.9478,103005.1890,85523.4964,163.4690,-3.0305,-0.0001,-0.0110,pathgraph
370.9477,103004.1953,85523.3858,163.4580,-3.0306,-0.0001,-0.0109,pathgraph
371.9476,103003.2015,85523.2752,163.4471,-3.0307,-0.0001,-0.0108,pathgraph
372.9474,103002.2078,85523.1646,163.4361,-3.0308,-0.0000,-0.0107,pathgraph
373.9473,103001.2141,85523.0539,163.4251,-3.0308,-0.0000,-0.0106,pathgraph
374.9471,103000.2204,85522.9433,163.4142,-3.0309,0.0000,-0.0105,pathgraph
375.9470,102999.2266,85522.8328,163.4036,-3.0310,0.0000,-0.0103,pathgraph
376.9469,102998.2329,85522.7225,163.3938,-3.0310,0.0000,-0.0102,pathgraph
377.9467,102997.2391,85522.6122,163.3840,-3.0310,-0.0000,-0.0101,pathgraph
378.9466,102996.2454,85522.5019,163.3742,-3.0311,-0.0000,-0.0100,pathgraph
379.9464,102995.2516,85522.3915,163.3644,-3.0311,-0.0000,-0.0098,pathgraph
380.9463,102994.2578,85522.2812,163.3546,-3.0311,-0.0000,-0.0097,pathgraph
381.9462,102993.2641,85522.1709,163.3448,-3.0312,-0.0000,-0.0096,pathgraph
382.9460,102992.2703,85522.0606,163.3350,-3.0312,-0.0001,-0.0095,pathgraph
383.9459,102991.2766,85521.9503,163.3252,-3.0312,-0.0001,-0.0094,pathgraph
384.9457,102990.2828,85521.8399,163.3154,-3.0312,-0.0001,-0.0093,pathgraph
385.9456,102989.2890,85521.7299,163.3066,-3.0313,-0.0001,-0.0091,pathgraph
386.9455,102988.2952,85521.6200,163.2979,-3.0314,-0.0001,-0.0090,pathgraph
387.9453,102987.3014,85521.5100,163.2893,-3.0315,-0.0001,-0.0089,pathgraph
388.9452,102986.3076,85521.4001,163.2807,-3.0316,-0.0001,-0.0088,pathgraph
389.9450,102985.3138,85521.2901,163.2720,-3.0314,-0.0000,-0.0086,pathgraph
390.9449,102984.3200,85521.1802,163.2634,-3.0313,0.0001,-0.0085,pathgraph
391.9448,102983.3262,85521.0703,163.2547,-3.0311,0.0002,-0.0084,pathgraph
392.9446,102982.3324,85520.9603,163.2461,-3.0309,0.0003,-0.0083,pathgraph
393.9445,102981.3387,85520.8504,163.2374,-3.0308,0.0004,-0.0082,pathgraph
394.9443,102980.3449,85520.7401,163.2292,-3.0307,0.0004,-0.0081,pathgraph
395.9442,102979.3512,85520.6292,163.2217,-3.0309,0.0003,-0.0079,pathgraph
396.9441,102978.3575,85520.5183,163.2141,-3.0311,0.0001,-0.0078,pathgraph
397.9439,102977.3638,85520.4074,163.2066,-3.0313,-0.0000,-0.0078,pathgraph
398.9438,102976.3701,85520.2966,163.1990,-3.0315,-0.0001,-0.0077,pathgraph
399.9437,102975.3764,85520.1857,163.1915,-3.0317,-0.0003,-0.0076,pathgraph
400.9435,102974.3827,85520.0748,163.1839,-3.0318,-0.0004,-0.0074,pathgraph
401.9434,102973.3890,85519.9640,163.1764,-3.0320,-0.0006,-0.0073,pathgraph
402.9432,102972.3953,85519.8531,163.1689,-3.0322,-0.0007,-0.0072,pathgraph
403.9431,102971.4016,85519.7422,163.1613,-3.0324,-0.0008,-0.0071,pathgraph
404.9430,102970.4075,85519.6356,163.1545,-3.0335,-0.0010,-0.0070,pathgraph
405.9428,102969.4133,85519.5296,163.1477,-3.0347,-0.0011,-0.0069,pathgraph
406.9427,102968.4190,85519.4236,163.1409,-3.0358,-0.0012,-0.0068,pathgraph
407.9425,102967.4248,85519.3176,163.1342,-3.0370,-0.0013,-0.0067,pathgraph
408.9424,102966.4306,85519.2116,163.1274,-3.0382,-0.0014,-0.0066,pathgraph
409.9423,102965.4361,85519.1083,163.1209,-3.0396,-0.0016,-0.0065,pathgraph
410.9421,102964.4411,85519.0095,163.1146,-3.0413,-0.0016,-0.0064,pathgraph
411.9420,102963.4461,85518.9108,163.1083,-3.0430,-0.0017,-0.0063,pathgraph
412.9418,102962.4512,85518.8120,163.1021,-3.0448,-0.0018,-0.0062,pathgraph
413.9417,102961.4562,85518.7133,163.0958,-3.0465,-0.0019,-0.0061,pathgraph
414.9416,102960.4605,85518.6215,163.0899,-3.0482,-0.0019,-0.0060,pathgraph
415.9414,102959.4648,85518.5308,163.0840,-3.0499,-0.0018,-0.0059,pathgraph
416.9413,102958.4691,85518.4401,163.0782,-3.0517,-0.0017,-0.0058,pathgraph
417.9411,102957.4733,85518.3494,163.0723,-3.0534,-0.0016,-0.0057,pathgraph
418.9410,102956.4774,85518.2614,163.0666,-3.0548,-0.0015,-0.0056,pathgraph
419.9409,102955.4810,85518.1781,163.0612,-3.0558,-0.0013,-0.0056,pathgraph
420.9407,102954.4846,85518.0949,163.0558,-3.0567,-0.0011,-0.0055,pathgraph
421.9406,102953.4882,85518.0116,163.0504,-3.0576,-0.0009,-0.0054,pathgraph
422.9404,102952.4918,85517.9283,163.0450,-3.0585,-0.0007,-0.0053,pathgraph
423.9403,102951.4954,85517.8450,163.0396,-3.0595,-0.0005,-0.0052,pathgraph
424.9402,102950.4990,85517.7617,163.0342,-3.0604,-0.0003,-0.0052,pathgraph
425.9400,102949.5023,85517.6823,163.0293,-3.0611,-0.0004,-0.0051,pathgraph
426.9399,102948.5056,85517.6035,163.0244,-3.0618,-0.0005,-0.0050,pathgraph
427.9397,102947.5088,85517.5247,163.0196,-3.0625,-0.0006,-0.0049,pathgraph
428.9396,102946.5121,85517.4459,163.0148,-3.0631,-0.0007,-0.0049,pathgraph
429.9395,102945.5153,85517.3672,163.0099,-3.0638,-0.0008,-0.0048,pathgraph
430.9393,102944.5186,85517.2884,163.0051,-3.0645,-0.0009,-0.0047,pathgraph
431.9392,102943.5218,85517.2096,163.0003,-3.0652,-0.0009,-0.0047,pathgraph
432.9390,102942.5251,85517.1308,162.9954,-3.0658,-0.0010,-0.0046,pathgraph
433.9389,102941.5279,85517.0575,162.9910,-3.0671,-0.0012,-0.0045,pathgraph
434.9388,102940.5307,85516.9850,162.9866,-3.0685,-0.0013,-0.0044,pathgraph
435.9386,102939.5334,85516.9125,162.9822,-3.0698,-0.0014,-0.0044,pathgraph
436.9385,102938.5362,85516.8401,162.9779,-3.0712,-0.0015,-0.0043,pathgraph
437.9383,102937.5390,85516.7676,162.9735,-3.0725,-0.0016,-0.0042,pathgraph
438.9382,102936.5413,85516.7017,162.9694,-3.0739,-0.0016,-0.0042,pathgraph
439.9381,102935.5435,85516.6368,162.9654,-3.0752,-0.0014,-0.0041,pathgraph
440.9379,102934.5458,85516.5720,162.9613,-3.0765,-0.0013,-0.0041,pathgraph
441.9378,102933.5480,85516.5071,162.9573,-3.0778,-0.0012,-0.0040,pathgraph
442.9376,102932.5503,85516.4422,162.9533,-3.0792,-0.0011,-0.0039,pathgraph
443.9375,102931.5524,85516.3794,162.9494,-3.0801,-0.0009,-0.0039,pathgraph
444.9374,102930.5543,85516.3201,162.9458,-3.0803,-0.0008,-0.0038,pathgraph
445.9372,102929.5562,85516.2609,162.9422,-3.0805,-0.0006,-0.0038,pathgraph
446.9371,102928.5581,85516.2016,162.9386,-3.0807,-0.0004,-0.0037,pathgraph
447.9369,102927.5600,85516.1423,162.9350,-3.0809,-0.0003,-0.0036,pathgraph
448.9368,102926.5619,85516.0831,162.9314,-3.0811,-0.0001,-0.0036,pathgraph
449.9367,102925.5638,85516.0238,162.9277,-3.0812,0.0000,-0.0036,pathgraph
450.9365,102924.5657,85515.9645,162.9241,-3.0814,0.0002,-0.0035,pathgraph
451.9364,102923.5676,85515.9052,162.9205,-3.0816,0.0004,-0.0035,pathgraph
452.9362,102922.5695,85515.8460,162.9169,-3.0818,0.0005,-0.0034,pathgraph
453.9361,102921.5713,85515.7883,162.9136,-3.0831,0.0002,-0.0034,pathgraph
454.9360,102920.5731,85515.7309,162.9104,-3.0845,-0.0001,-0.0033,pathgraph
455.9358,102919.5749,85515.6735,162.9072,-3.0859,-0.0005,-0.0033,pathgraph
456.9357,102918.5767,85515.6160,162.9039,-3.0874,-0.0009,-0.0033,pathgraph
457.9356,102917.5784,85515.5586,162.9007,-3.0888,-0.0013,-0.0032,pathgraph
458.9354,102916.5802,85515.5012,162.8975,-3.0902,-0.0017,-0.0032,pathgraph
459.9353,102915.5819,85515.4465,162.8943,-3.0915,-0.0014,-0.0032,pathgraph
460.9351,102914.5833,85515.3966,162.8913,-3.0919,-0.0010,-0.0031,pathgraph
461.9350,102913.5846,85515.3467,162.8882,-3.0921,-0.0009,-0.0031,pathgraph
462.9349,102912.5860,85515.2968,162.8852,-3.0923,-0.0009,-0.0031,pathgraph
463.9347,102911.5874,85515.2470,162.8821,-3.0925,-0.0008,-0.0030,pathgraph
464.9346,102910.5888,85515.1977,162.8791,-3.0926,-0.0006,-0.0030,pathgraph
465.9344,102909.5901,85515.1496,162.8762,-3.0925,-0.0004,-0.0030,pathgraph
466.9343,102908.5914,85515.1015,162.8733,-3.0924,-0.0002,-0.0030,pathgraph
467.9342,102907.5927,85515.0533,162.8704,-3.0923,0.0000,-0.0030,pathgraph
468.9340,102906.5940,85515.0052,162.8674,-3.0922,0.0003,-0.0030,pathgraph
469.9339,102905.5953,85514.9571,162.8645,-3.0921,0.0005,-0.0030,pathgraph
470.9337,102904.5966,85514.9090,162.8616,-3.0920,0.0007,-0.0030,pathgraph
471.9336,102903.5979,85514.8608,162.8587,-3.0919,0.0010,-0.0030,pathgraph
472.9335,102902.5994,85514.8082,162.8557,-3.0912,0.0010,-0.0030,pathgraph
473.9333,102901.6009,85514.7549,162.8528,-3.0904,0.0009,-0.0030,pathgraph
474.9332,102900.6025,85514.7015,162.8499,-3.0896,0.0009,-0.0030,pathgraph
475.9330,102899.6041,85514.6481,162.8470,-3.0888,0.0008,-0.0030,pathgraph
476.9329,102898.6056,85514.5948,162.8441,-3.0880,0.0008,-0.0030,pathgraph
477.9328,102897.6072,85514.5414,162.8412,-3.0872,0.0007,-0.0030,pathgraph
478.9326,102896.6088,85514.4881,162.8382,-3.0864,0.0007,-0.0030,pathgraph
479.9325,102895.6103,85514.4347,162.8353,-3.0856,0.0006,-0.0030,pathgraph
480.9323,102894.6119,85514.3808,162.8324,-3.0854,0.0004,-0.0030,pathgraph
481.9322,102893.6136,85514.3258,162.8293,-3.0864,-0.0000,-0.0031,pathgraph
482.9321,102892.6152,85514.2709,162.8262,-3.0874,-0.0005,-0.0031,pathgraph
483.9319,102891.6169,85514.2159,162.8231,-3.0884,-0.0009,-0.0031,pathgraph
484.9318,102890.6185,85514.1609,162.8201,-3.0894,-0.0014,-0.0032,pathgraph
485.9316,102889.6202,85514.1060,162.8170,-3.0904,-0.0018,-0.0032,pathgraph
486.9315,102888.6218,85514.0510,162.8139,-3.0913,-0.0023,-0.0033,pathgraph
487.9314,102887.6233,85513.9996,162.8107,-3.0925,-0.0024,-0.0033,pathgraph
488.9312,102886.6244,85513.9546,162.8074,-3.0940,-0.0020,-0.0033,pathgraph
489.9311,102885.6256,85513.9097,162.8041,-3.0954,-0.0015,-0.0034,pathgraph
490.9309,102884.6268,85513.8647,162.8008,-3.0969,-0.0011,-0.0034,pathgraph
491.9308,102883.6279,85513.8197,162.7975,-3.0984,-0.0007,-0.0035,pathgraph
492.9307,102882.6290,85513.7758,162.7940,-3.0992,-0.0003,-0.0035,pathgraph
493.9305,102881.6300,85513.7336,162.7902,-3.0991,-0.0002,-0.0036,pathgraph
494.9304,102880.6311,85513.6914,162.7865,-3.0989,-0.0001,-0.0037,pathgraph
495.9302,102879.6321,85513.6492,162.7827,-3.0988,-0.0000,-0.0037,pathgraph
496.9301,102878.6331,85513.6070,162.7789,-3.0986,0.0001,-0.0038,pathgraph
497.9300,102877.6342,85513.5648,162.7752,-3.0985,0.0002,-0.0038,pathgraph
498.9298,102876.6352,85513.5226,162.7714,-3.0983,0.0003,-0.0039,pathgraph
499.9297,102875.6362,85513.4804,162.7677,-3.0982,0.0004,-0.0040,pathgraph
500.9295,102874.6372,85513.4382,162.7639,-3.0980,0.0005,-0.0041,pathgraph
501.9294,102873.6383,85513.3960,162.7601,-3.0978,0.0007,-0.0042,pathgraph
502.9293,102872.6395,85513.3505,162.7558,-3.0973,0.0007,-0.0042,pathgraph
503.9291,102871.6407,85513.3045,162.7514,-3.0966,0.0007,-0.0043,pathgraph
504.9290,102870.6419,85513.2585,162.7470,-3.0960,0.0006,-0.0044,pathgraph
505.9288,102869.6430,85513.2125,162.7426,-3.0954,0.0006,-0.0044,pathgraph
506.9287,102868.6442,85513.1665,162.7382,-3.0947,0.0006,-0.0045,pathgraph
507.9286,102867.6454,85513.1205,162.7338,-3.0941,0.0006,-0.0046,pathgraph
508.9284,102866.6466,85513.0744,162.7295,-3.0934,0.0006,-0.0047,pathgraph
509.9283,102865.6480,85513.0255,162.7244,-3.0933,0.0005,-0.0048,pathgraph
510.9282,102864.6493,85512.9761,162.7193,-3.0932,0.0004,-0.0049,pathgraph
511.9280,102863.6507,85512.9267,162.7142,-3.0932,0.0003,-0.0050,pathgraph
512.9279,102862.6521,85512.8773,162.7091,-3.0931,0.0002,-0.0051,pathgraph
513.9277,102861.6534,85512.8279,162.7040,-3.0930,0.0001,-0.0052,pathgraph
514.9276,102860.6548,85512.7784,162.6989,-3.0929,-0.0001,-0.0052,pathgraph
515.9275,102859.6561,85512.7290,162.6937,-3.0929,-0.0002,-0.0053,pathgraph
516.9273,102858.6575,85512.6796,162.6886,-3.0928,-0.0003,-0.0054,pathgraph
517.9272,102857.6589,85512.6302,162.6835,-3.0927,-0.0004,-0.0055,pathgraph
518.9270,102856.6602,85512.5813,162.6781,-3.0927,-0.0004,-0.0056,pathgraph
519.9269,102855.6615,85512.5334,162.6721,-3.0928,-0.0004,-0.0057,pathgraph
520.9268,102854.6628,85512.4855,162.6662,-3.0929,-0.0003,-0.0058,pathgraph
521.9266,102853.6641,85512.4376,162.6602,-3.0929,-0.0002,-0.0058,pathgraph
522.9265,102852.6654,85512.3898,162.6542,-3.0930,-0.0001,-0.0059,pathgraph
523.9263,102851.6666,85512.3419,162.6483,-3.0931,-0.0000,-0.0060,pathgraph
524.9262,102850.6679,85512.2940,162.6423,-3.0931,0.0001,-0.0061,pathgraph
525.9261,102849.6692,85512.2461,162.6363,-3.0932,0.0002,-0.0062,pathgraph
526.9259,102848.6705,85512.1982,162.6304,-3.0933,0.0002,-0.0062,pathgraph
527.9258,102847.6718,85512.1503,162.6244,-3.0933,0.0003,-0.0063,pathgraph
528.9256,102846.6731,85512.1015,162.6178,-3.0933,0.0003,-0.0064,pathgraph
529.9255,102845.6745,85512.0526,162.6110,-3.0932,0.0002,-0.0065,pathgraph
530.9254,102844.6758,85512.0036,162.6042,-3.0932,0.0002,-0.0066,pathgraph
531.9252,102843.6771,85511.9547,162.5975,-3.0931,0.0001,-0.0067,pathgraph
532.9251,102842.6785,85511.9057,162.5907,-3.0930,0.0001,-0.0067,pathgraph
533.9250,102841.6798,85511.8567,162.5840,-3.0930,0.0000,-0.0068,pathgraph
534.9248,102840.6811,85511.8078,162.5772,-3.0929,-0.0001,-0.0069,pathgraph
535.9247,102839.6825,85511.7588,162.5705,-3.0929,-0.0001,-0.0070,pathgraph
536.9245,102838.6838,85511.7099,162.5637,-3.0928,-0.0002,-0.0070,pathgraph
537.9244,102837.6852,85511.6611,162.5567,-3.0928,-0.0002,-0.0071,pathgraph
538.9243,102836.6865,85511.6125,162.5492,-3.0928,-0.0001,-0.0072,pathgraph
539.9241,102835.6878,85511.5639,162.5418,-3.0928,-0.0000,-0.0073,pathgraph
540.9240,102834.6891,85511.5153,162.5343,-3.0929,0.0000,-0.0073,pathgraph
541.9238,102833.6904,85511.4667,162.5269,-3.0929,0.0001,-0.0074,pathgraph
542.9237,102832.6918,85511.4181,162.5194,-3.0930,0.0000,-0.0075,pathgraph
543.9236,102831.6931,85511.3695,162.5120,-3.0931,-0.0001,-0.0075,pathgraph
544.9234,102830.6944,85511.3209,162.5045,-3.0932,-0.0001,-0.0076,pathgraph
545.9233,102829.6957,85511.2723,162.4970,-3.0933,-0.0002,-0.0077,pathgraph
546.9231,102828.6970,85511.2237,162.4896,-3.0935,-0.0003,-0.0078,pathgraph
547.9230,102827.6983,85511.1767,162.4816,-3.0937,-0.0003,-0.0078,pathgraph
548.9229,102826.6995,85511.1300,162.4735,-3.0939,-0.0003,-0.0079,pathgraph
549.9227,102825.7008,85511.0832,162.4654,-3.0942,-0.0003,-0.0080,pathgraph
550.9226,102824.7020,85511.0365,162.4573,-3.0945,-0.0003,-0.0080,pathgraph
551.9224,102823.7032,85510.9898,162.4493,-3.0947,-0.0003,-0.0081,pathgraph
552.9223,102822.7044,85510.9431,162.4412,-3.0950,-0.0002,-0.0081,pathgraph
553.9222,102821.7057,85510.8964,162.4331,-3.0952,-0.0002,-0.0082,pathgraph
554.9220,102820.7069,85510.8497,162.4250,-3.0955,-0.0002,-0.0082,pathgraph
555.9219,102819.7081,85510.8029,162.4169,-3.0957,-0.0002,-0.0083,pathgraph
556.9217,102818.7094,85510.7566,162.4087,-3.0959,-0.0001,-0.0084,pathgraph
557.9216,102817.7105,85510.7108,162.4000,-3.0958,-0.0001,-0.0085,pathgraph
558.9215,102816.7117,85510.6650,162.3914,-3.0957,-0.0000,-0.0085,pathgraph
559.9213,102815.7129,85510.6193,162.3827,-3.0955,0.0000,-0.0086,pathgraph
560.9212,102814.7141,85510.5735,162.3741,-3.0954,0.0001,-0.0086,pathgraph
561.9211,102813.7153,85510.5278,162.3654,-3.0953,0.0001,-0.0087,pathgraph
562.9209,102812.7165,85510.4820,162.3568,-3.0952,0.0002,-0.0087,pathgraph
563.9208,102811.7177,85510.4363,162.3482,-3.0951,0.0003,-0.0088,pathgraph
564.9206,102810.7188,85510.3905,162.3395,-3.0950,0.0003,-0.0088,pathgraph
565.9205,102809.7200,85510.3448,162.3309,-3.0949,0.0004,-0.0089,pathgraph
566.9204,102808.7213,85510.2975,162.3218,-3.0948,0.0003,-0.0089,pathgraph
567.9202,102807.7226,85510.2501,162.3127,-3.0948,0.0002,-0.0090,pathgraph
568.9201,102806.7238,85510.2026,162.3035,-3.0947,0.0002,-0.0090,pathgraph
569.9199,102805.7251,85510.1551,162.2944,-3.0947,0.0001,-0.0091,pathgraph
570.9198,102804.7264,85510.1077,162.2852,-3.0946,0.0000,-0.0091,pathgraph
571.9197,102803.7276,85510.0602,162.2761,-3.0946,-0.0000,-0.0092,pathgraph
572.9195,102802.7289,85510.0127,162.2669,-3.0945,-0.0001,-0.0092,pathgraph
573.9194,102801.7302,85509.9653,162.2578,-3.0945,-0.0002,-0.0093,pathgraph
574.9192,102800.7314,85509.9178,162.2486,-3.0944,-0.0002,-0.0093,pathgraph
575.9191,102799.7327,85509.8706,162.2393,-3.0944,-0.0003,-0.0094,pathgraph
576.9190,102798.7339,85509.8241,162.2297,-3.0945,-0.0002,-0.0094,pathgraph
577.9188,102797.7351,85509.7777,162.2201,-3.0946,-0.0002,-0.0095,pathgraph
578.9187,102796.7363,85509.7312,162.2105,-3.0946,-0.0001,-0.0095,pathgraph
579.9185,102795.7376,85509.6847,162.2010,-3.0947,-0.0001,-0.0096,pathgraph
580.9184,102794.7388,85509.6382,162.1914,-3.0947,-0.0000,-0.0096,pathgraph
581.9183,102793.7400,85509.5917,162.1818,-3.0948,-0.0000,-0.0096,pathgraph
582.9181,102792.7412,85509.5452,162.1722,-3.0949,0.0000,-0.0097,pathgraph
583.9180,102791.7424,85509.4987,162.1626,-3.0949,0.0001,-0.0097,pathgraph
584.9179,102790.7437,85509.4522,162.1530,-3.0950,0.0001,-0.0097,pathgraph
585.9177,102789.7449,85509.4056,162.1431,-3.0950,0.0001,-0.0098,pathgraph
586.9176,102788.7461,85509.3590,162.1332,-3.0950,0.0001,-0.0098,pathgraph
587.9174,102787.7473,85509.3124,162.1232,-3.0950,0.0000,-0.0099,pathgraph
588.9173,102786.7486,85509.2658,162.1133,-3.0951,-0.0000,-0.0099,pathgraph
589.9172,102785.7498,85509.2191,162.1034,-3.0951,-0.0000,-0.0099,pathgraph
590.9170,102784.7510,85509.1725,162.0934,-3.0952,-0.0001,-0.0099,pathgraph
591.9169,102783.7522,85509.1259,162.0835,-3.0952,-0.0001,-0.0100,pathgraph
592.9167,102782.7535,85509.0793,162.0735,-3.0953,-0.0001,-0.0100,pathgraph
593.9166,102781.7547,85509.0327,162.0636,-3.0953,-0.0002,-0.0100,pathgraph
594.9165,102780.7559,85508.9864,162.0536,-3.0954,-0.0002,-0.0101,pathgraph
595.9163,102779.7571,85508.9404,162.0434,-3.0954,-0.0001,-0.0101,pathgraph
596.9162,102778.7583,85508.8945,162.0332,-3.0954,-0.0001,-0.0101,pathgraph
597.9160,102777.7595,85508.8486,162.0230,-3.0954,-0.0001,-0.0101,pathgraph
598.9159,102776.7607,85508.8027,162.0129,-3.0954,-0.0000,-0.0101,pathgraph
599.9158,102775.7619,85508.7568,162.0027,-3.0954,0.0000,-0.0101,pathgraph
600.9156,102774.7631,85508.7109,161.9925,-3.0954,0.0001,-0.0102,pathgraph
601.9155,102773.7643,85508.6650,161.9823,-3.0954,0.0001,-0.0102,pathgraph
602.9153,102772.7655,85508.6191,161.9722,-3.0954,0.0001,-0.0102,pathgraph
603.9152,102771.7667,85508.5731,161.9620,-3.0954,0.0002,-0.0102,pathgraph
604.9151,102770.7679,85508.5265,161.9517,-3.0953,0.0002,-0.0102,pathgraph
605.9149,102769.7691,85508.4797,161.9414,-3.0952,0.0002,-0.0102,pathgraph
606.9148,102768.7704,85508.4328,161.9312,-3.0951,0.0001,-0.0102,pathgraph
607.9147,102767.7716,85508.3860,161.9209,-3.0950,0.0001,-0.0102,pathgraph
608.9145,102766.7728,85508.3392,161.9106,-3.0949,0.0001,-0.0102,pathgraph
609.9144,102765.7741,85508.2924,161.9004,-3.0948,0.0001,-0.0102,pathgraph
610.9142,102764.7753,85508.2456,161.8901,-3.0947,0.0001,-0.0102,pathgraph
611.9141,102763.7765,85508.1988,161.8798,-3.0945,0.0001,-0.0102,pathgraph
612.9140,102762.7778,85508.1520,161.8695,-3.0944,0.0000,-0.0102,pathgraph
613.9138,102761.7790,85508.1051,161.8593,-3.0944,0.0000,-0.0102,pathgraph
614.9137,102760.7802,85508.0582,161.8490,-3.0945,-0.0000,-0.0102,pathgraph
615.9135,102759.7815,85508.0113,161.8388,-3.0946,-0.0000,-0.0102,pathgraph
616.9134,102758.7827,85507.9643,161.8286,-3.0947,-0.0001,-0.0102,pathgraph
617.9133,102757.7840,85507.9174,161.8184,-3.0948,-0.0001,-0.0102,pathgraph
618.9131,102756.7852,85507.8705,161.8081,-3.0949,-0.0001,-0.0102,pathgraph
619.9130,102755.7865,85507.8236,161.7979,-3.0950,-0.0002,-0.0102,pathgraph
620.9128,102754.7877,85507.7766,161.7877,-3.0951,-0.0002,-0.0102,pathgraph
621.9127,102753.7889,85507.7297,161.7774,-3.0952,-0.0002,-0.0102,pathgraph
622.9126,102752.7902,85507.6828,161.7672,-3.0953,-0.0002,-0.0101,pathgraph
623.9124,102751.7914,85507.6371,161.7571,-3.0954,-0.0002,-0.0101,pathgraph
624.9123,102750.7925,85507.5915,161.7470,-3.0955,-0.0002,-0.0101,pathgraph
625.9121,102749.7937,85507.5460,161.7370,-3.0956,-0.0002,-0.0101,pathgraph
626.9120,102748.7949,85507.5005,161.7269,-3.0957,-0.0001,-0.0101,pathgraph
627.9119,102747.7961,85507.4550,161.7168,-3.0958,-0.0001,-0.0100,pathgraph
628.9117,102746.7972,85507.4095,161.7067,-3.0959,-0.0001,-0.0100,pathgraph
629.9116,102745.7984,85507.3639,161.6967,-3.0960,-0.0000,-0.0100,pathgraph
630.9114,102744.7996,85507.3184,161.6866,-3.0961,-0.0000,-0.0100,pathgraph
631.9113,102743.8008,85507.2729,161.6765,-3.0962,0.0000,-0.0100,pathgraph
632.9112,102742.8020,85507.2272,161.6665,-3.0962,0.0001,-0.0099,pathgraph
633.9110,102741.8032,85507.1812,161.6567,-3.0960,0.0001,-0.0099,pathgraph
634.9109,102740.8043,85507.1352,161.6469,-3.0958,0.0001,-0.0099,pathgraph
635.9108,102739.8055,85507.0892,161.6371,-3.0956,0.0002,-0.0098,pathgraph
636.9106,102738.8067,85507.0432,161.6273,-3.0954,0.0002,-0.0098,pathgraph
637.9105,102737.8079,85506.9971,161.6174,-3.0952,0.0002,-0.0098,pathgraph
638.9103,102736.8091,85506.9511,161.6076,-3.0950,0.0003,-0.0098,pathgraph
639.9102,102735.8103,85506.9051,161.5978,-3.0948,0.0003,-0.0097,pathgraph
640.9101,102734.8115,85506.8591,161.5880,-3.0946,0.0003,-0.0097,pathgraph
641.9099,102733.8127,85506.8131,161.5782,-3.0944,0.0004,-0.0097,pathgraph
642.9098,102732.8140,85506.7659,161.5686,-3.0944,0.0003,-0.0096,pathgraph
643.9096,102731.8153,85506.7185,161.5591,-3.0946,0.0002,-0.0096,pathgraph
644.9095,102730.8165,85506.6710,161.5496,-3.0947,0.0001,-0.0096,pathgraph
645.9094,102729.8178,85506.6236,161.5401,-3.0948,-0.0000,-0.0095,pathgraph
646.9092,102728.8191,85506.5762,161.5305,-3.0949,-0.0001,-0.0095,pathgraph
647.9091,102727.8203,85506.5288,161.5210,-3.0951,-0.0002,-0.0095,pathgraph
648.9089,102726.8216,85506.4814,161.5115,-3.0952,-0.0003,-0.0094,pathgraph
649.9088,102725.8228,85506.4339,161.5020,-3.0953,-0.0004,-0.0094,pathgraph
650.9087,102724.8241,85506.3865,161.4925,-3.0954,-0.0005,-0.0094,pathgraph
651.9085,102723.8253,85506.3400,161.4831,-3.0955,-0.0006,-0.0093,pathgraph
652.9084,102722.8265,85506.2951,161.4739,-3.0956,-0.0005,-0.0093,pathgraph
653.9082,102721.8276,85506.2502,161.4647,-3.0957,-0.0003,-0.0093,pathgraph
654.9081,102720.8288,85506.2054,161.4556,-3.0957,-0.0002,-0.0092,pathgraph
655.9080,102719.8299,85506.1605,161.4464,-3.0958,-0.0001,-0.0092,pathgraph
656.9078,102718.8311,85506.1157,161.4372,-3.0959,0.0000,-0.0092,pathgraph
657.9077,102717.8322,85506.0708,161.4280,-3.0959,0.0001,-0.0091,pathgraph
658.9076,102716.8334,85506.0260,161.4188,-3.0960,0.0002,-0.0091,pathgraph
659.9074,102715.8345,85505.9811,161.4097,-3.0961,0.0003,-0.0091,pathgraph
660.9073,102714.8356,85505.9362,161.4005,-3.0961,0.0005,-0.0090,pathgraph
661.9071,102713.8368,85505.8901,161.3916,-3.0961,0.0004,-0.0090,pathgraph
662.9070,102712.8381,85505.8437,161.3828,-3.0960,0.0003,-0.0089,pathgraph
663.9069,102711.8393,85505.7973,161.3739,-3.0960,0.0002,-0.0089,pathgraph
664.9067,102710.8405,85505.7509,161.3651,-3.0959,0.0001,-0.0089,pathgraph
665.9066,102709.8417,85505.7045,161.3563,-3.0958,0.0001,-0.0088,pathgraph
666.9064,102708.8429,85505.6582,161.3474,-3.0958,-0.0000,-0.0088,pathgraph
667.9063,102707.8441,85505.6118,161.3386,-3.0957,-0.0001,-0.0088,pathgraph
668.9062,102706.8454,85505.5654,161.3298,-3.0957,-0.0002,-0.0087,pathgraph
669.9060,102705.8466,85505.5190,161.3209,-3.0956,-0.0003,-0.0087,pathgraph
670.9059,102704.8478,85505.4729,161.3122,-3.0956,-0.0003,-0.0087,pathgraph
671.9057,102703.8489,85505.4275,161.3037,-3.0957,-0.0003,-0.0086,pathgraph
672.9056,102702.8501,85505.3821,161.2952,-3.0957,-0.0002,-0.0086,pathgraph
673.9055,102701.8513,85505.3368,161.2867,-3.0958,-0.0001,-0.0085,pathgraph
674.9053,102700.8525,85505.2914,161.2782,-3.0959,-0.0001,-0.0085,pathgraph
675.9052,102699.8536,85505.2460,161.2697,-3.0959,-0.0000,-0.0085,pathgraph
676.9050,102698.8548,85505.2006,161.2612,-3.0960,0.0001,-0.0085,pathgraph
677.9049,102697.8560,85505.1552,161.2528,-3.0961,0.0001,-0.0084,pathgraph
678.9048,102696.8571,85505.1098,161.2443,-3.0963,-0.0002,-0.0084,pathgraph
679.9046,102695.8583,85505.0644,161.2358,-3.0966,-0.0006,-0.0084,pathgraph
680.9045,102694.8594,85505.0204,161.2275,-3.0969,-0.0005,-0.0083,pathgraph
681.9043,102693.8605,85504.9767,161.2193,-3.0973,-0.0004,-0.0083,pathgraph
682.9042,102692.8616,85504.9331,161.2111,-3.0976,-0.0002,-0.0083,pathgraph
683.9041,102691.8627,85504.8894,161.2030,-3.0979,-0.0001,-0.0082,pathgraph
684.9039,102690.8638,85504.8457,161.1948,-3.0982,0.0001,-0.0082,pathgraph
685.9038,102689.8649,85504.8020,161.1866,-3.0981,0.0001,-0.0082,pathgraph
686.9037,102688.8660,85504.7583,161.1784,-3.0979,0.0002,-0.0081,pathgraph
687.9035,102687.8671,85504.7146,161.1702,-3.0977,0.0003,-0.0081,pathgraph
688.9034,102686.8682,85504.6709,161.1620,-3.0975,0.0003,-0.0081,pathgraph
689.9032,102685.8693,85504.6267,161.1539,-3.0973,0.0003,-0.0081,pathgraph
690.9031,102684.8704,85504.5815,161.1460,-3.0971,0.0003,-0.0080,pathgraph
691.9030,102683.8716,85504.5362,161.1381,-3.0970,0.0002,-0.0080,pathgraph
692.9028,102682.8728,85504.4910,161.1301,-3.0969,0.0002,-0.0080,pathgraph
693.9027,102681.8739,85504.4458,161.1222,-3.0967,0.0002,-0.0080,pathgraph
694.9025,102680.8751,85504.4005,161.1143,-3.0966,0.0001,-0.0079,pathgraph
695.9024,102679.8763,85504.3553,161.1064,-3.0965,0.0001,-0.0079,pathgraph
696.9023,102678.8774,85504.3100,161.0984,-3.0963,0.0000,-0.0079,pathgraph
697.9021,102677.8786,85504.2648,161.0905,-3.0962,-0.0000,-0.0079,pathgraph
698.9020,102676.8798,85504.2195,161.0826,-3.0961,-0.0001,-0.0078,pathgraph
699.9018,102675.8809,85504.1744,161.0748,-3.0961,-0.0001,-0.0078,pathgraph
700.9017,102674.8821,85504.1293,161.0671,-3.0962,-0.0001,-0.0078,pathgraph
701.9016,102673.8832,85504.0841,161.0594,-3.0963,-0.0001,-0.0078,pathgraph
702.9014,102672.8844,85504.0390,161.0517,-3.0964,-0.0001,-0.0078,pathgraph
703.9013,102671.8855,85503.9939,161.0439,-3.0965,-0.0001,-0.0077,pathgraph
704.9011,102670.8867,85503.9488,161.0362,-3.0966,-0.0001,-0.0077,pathgraph
705.9010,102669.8879,85503.9036,161.0285,-3.0967,-0.0001,-0.0077,pathgraph
706.9009,102668.8890,85503.8585,161.0208,-3.0967,-0.0001,-0.0077,pathgraph
707.9007,102667.8902,85503.8134,161.0130,-3.0968,-0.0001,-0.0077,pathgraph
708.9006,102666.8913,85503.7684,161.0053,-3.0969,-0.0001,-0.0077,pathgraph
709.9005,102665.8925,85503.7238,160.9977,-3.0968,-0.0001,-0.0077,pathgraph
710.9003,102664.8936,85503.6792,160.9901,-3.0968,-0.0000,-0.0077,pathgraph
711.9002,102663.8947,85503.6345,160.9825,-3.0968,-0.0000,-0.0077,pathgraph
712.9000,102662.8959,85503.5899,160.9749,-3.0967,0.0000,-0.0076,pathgraph
713.8999,102661.8970,85503.5453,160.9673,-3.0967,0.0001,-0.0076,pathgraph
714.8998,102660.8981,85503.5007,160.9597,-3.0966,0.0001,-0.0076,pathgraph
715.8996,102659.8993,85503.4560,160.9521,-3.0966,0.0001,-0.0076,pathgraph
716.8995,102658.9004,85503.4114,160.9444,-3.0966,0.0002,-0.0076,pathgraph
717.8993,102657.9015,85503.3668,160.9368,-3.0965,0.0002,-0.0076,pathgraph
718.8992,102656.9027,85503.3211,160.9292,-3.0964,0.0002,-0.0076,pathgraph
719.8991,102655.9039,85503.2753,160.9216,-3.0962,0.0002,-0.0076,pathgraph
720.8989,102654.9051,85503.2294,160.9140,-3.0960,0.0002,-0.0076,pathgraph
721.8988,102653.9063,85503.1835,160.9064,-3.0959,0.0002,-0.0076,pathgraph
722.8986,102652.9075,85503.1376,160.8988,-3.0957,0.0002,-0.0076,pathgraph
723.8985,102651.9087,85503.0917,160.8912,-3.0955,0.0002,-0.0076,pathgraph
724.8984,102650.9099,85503.0459,160.8836,-3.0954,0.0002,-0.0077,pathgraph
725.8982,102649.9111,85503.0000,160.8760,-3.0952,0.0002,-0.0077,pathgraph
726.8981,102648.9123,85502.9541,160.8684,-3.0950,0.0001,-0.0077,pathgraph
727.8979,102647.9135,85502.9080,160.8607,-3.0950,0.0001,-0.0077,pathgraph
728.8978,102646.9147,85502.8613,160.8530,-3.0950,0.0001,-0.0077,pathgraph
729.8977,102645.9159,85502.8147,160.8453,-3.0951,0.0000,-0.0077,pathgraph
730.8975,102644.9172,85502.7681,160.8376,-3.0952,-0.0000,-0.0077,pathgraph
731.8974,102643.9184,85502.7215,160.8299,-3.0953,-0.0001,-0.0077,pathgraph
732.8972,102642.9196,85502.6748,160.8221,-3.0953,-0.0001,-0.0078,pathgraph
733.8971,102641.9208,85502.6282,160.8144,-3.0954,-0.0002,-0.0078,pathgraph
734.8970,102640.9221,85502.5816,160.8067,-3.0955,-0.0002,-0.0078,pathgraph
735.8968,102639.9233,85502.5349,160.7990,-3.0956,-0.0002,-0.0078,pathgraph
736.8967,102638.9245,85502.4883,160.7913,-3.0957,-0.0003,-0.0078,pathgraph
737.8966,102637.9257,85502.4426,160.7834,-3.0957,-0.0002,-0.0079,pathgraph
738.8964,102636.9269,85502.3971,160.7754,-3.0956,-0.0002,-0.0079,pathgraph
739.8963,102635.9280,85502.3517,160.7675,-3.0956,-0.0001,-0.0079,pathgraph
740.8961,102634.9292,85502.3062,160.7595,-3.0956,-0.0000,-0.0079,pathgraph
741.8960,102633.9304,85502.2607,160.7516,-3.0956,0.0000,-0.0080,pathgraph
742.8959,102632.9316,85502.2152,160.7437,-3.0955,0.0001,-0.0080,pathgraph
743.8957,102631.9327,85502.1698,160.7357,-3.0955,0.0002,-0.0080,pathgraph
744.8956,102630.9339,85502.1243,160.7278,-3.0955,0.0002,-0.0080,pathgraph
745.8954,102629.9351,85502.0788,160.7199,-3.0955,0.0003,-0.0081,pathgraph
746.8953,102628.9363,85502.0330,160.7118,-3.0954,0.0003,-0.0081,pathgraph
747.8952,102627.9375,85501.9864,160.7036,-3.0954,0.0002,-0.0082,pathgraph
748.8950,102626.9387,85501.9397,160.6954,-3.0953,0.0002,-0.0082,pathgraph
749.8949,102625.9400,85501.8931,160.6872,-3.0952,0.0001,-0.0082,pathgraph
750.8947,102624.9412,85501.8465,160.6790,-3.0951,0.0000,-0.0082,pathgraph
751.8946,102623.9424,85501.7999,160.6707,-3.0950,-0.0000,-0.0083,pathgraph
752.8945,102622.9436,85501.7532,160.6625,-3.0949,-0.0000,-0.0083,pathgraph
753.8943,102621.9449,85501.7066,160.6543,-3.0948,0.0003,-0.0083,pathgraph
754.8942,102620.9461,85501.6595,160.6460,-3.0946,0.0005,-0.0084,pathgraph
755.8940,102619.9474,85501.6114,160.6375,-3.0946,0.0004,-0.0084,pathgraph
756.8939,102618.9487,85501.5633,160.6289,-3.0945,0.0003,-0.0085,pathgraph
757.8938,102617.9500,85501.5152,160.6204,-3.0945,0.0002,-0.0085,pathgraph
758.8936,102616.9513,85501.4671,160.6119,-3.0944,0.0001,-0.0085,pathgraph
759.8935,102615.9526,85501.4190,160.6034,-3.0944,-0.0001,-0.0086,pathgraph
760.8934,102614.9539,85501.3709,160.5948,-3.0943,-0.0002,-0.0086,pathgraph
761.8932,102613.9552,85501.3228,160.5863,-3.0943,-0.0003,-0.0086,pathgraph
762.8931,102612.9565,85501.2747,160.5778,-3.0943,-0.0004,-0.0087,pathgraph
763.8929,102611.9578,85501.2266,160.5692,-3.0942,-0.0005,-0.0087,pathgraph
764.8928,102610.9590,85501.1805,160.5604,-3.0944,-0.0005,-0.0087,pathgraph
765.8927,102609.9602,85501.1348,160.5516,-3.0947,-0.0004,-0.0088,pathgraph
766.8925,102608.9614,85501.0891,160.5427,-3.0949,-0.0004,-0.0088,pathgraph
767.8924,102607.9625,85501.0434,160.5338,-3.0952,-0.0003,-0.0088,pathgraph
768.8922,102606.9637,85500.9977,160.5250,-3.0954,-0.0003,-0.0089,pathgraph
769.8921,102605.9649,85500.9521,160.5161,-3.0957,-0.0002,-0.0089,pathgraph
770.8920,102604.9661,85500.9064,160.5072,-3.0960,-0.0001,-0.0089,pathgraph
771.8918,102603.9673,85500.8607,160.4984,-3.0962,-0.0001,-0.0090,pathgraph
772.8917,102602.9685,85500.8150,160.4895,-3.0965,-0.0000,-0.0090,pathgraph
773.8915,102601.9696,85500.7696,160.4805,-3.0967,0.0000,-0.0090,pathgraph
774.8914,102600.9708,85500.7247,160.4713,-3.0967,0.0000,-0.0091,pathgraph
775.8913,102599.9719,85500.6798,160.4622,-3.0967,-0.0000,-0.0091,pathgraph
776.8911,102598.9731,85500.6349,160.4530,-3.0967,-0.0000,-0.0091,pathgraph
777.8910,102597.9742,85500.5900,160.4438,-3.0968,-0.0000,-0.0092,pathgraph
778.8908,102596.9754,85500.5451,160.4346,-3.0968,-0.0000,-0.0092,pathgraph
779.8907,102595.9765,85500.5002,160.4254,-3.0968,-0.0001,-0.0092,pathgraph
780.8906,102594.9777,85500.4553,160.4162,-3.0967,0.0001,-0.0093,pathgraph
781.8904,102593.9788,85500.4104,160.4071,-3.0965,0.0003,-0.0093,pathgraph
782.8903,102592.9800,85500.3655,160.3979,-3.0963,0.0004,-0.0093,pathgraph
783.8901,102591.9812,85500.3194,160.3884,-3.0962,0.0004,-0.0094,pathgraph
784.8900,102590.9824,85500.2729,160.3790,-3.0961,0.0003,-0.0094,pathgraph
785.8899,102589.9836,85500.2265,160.3695,-3.0960,0.0002,-0.0094,pathgraph
786.8897,102588.9848,85500.1801,160.3600,-3.0959,0.0002,-0.0095,pathgraph
787.8896,102587.9860,85500.1337,160.3505,-3.0958,0.0001,-0.0095,pathgraph
788.8895,102586.9873,85500.0873,160.3410,-3.0957,-0.0000,-0.0095,pathgraph
789.8893,102585.9885,85500.0409,160.3315,-3.0956,-0.0001,-0.0095,pathgraph
790.8892,102584.9897,85499.9945,160.3220,-3.0955,-0.0002,-0.0096,pathgraph
791.8890,102583.9909,85499.9481,160.3126,-3.0954,-0.0002,-0.0096,pathgraph
792.8889,102582.9921,85499.9019,160.3030,-3.0954,-0.0003,-0.0097,pathgraph
793.8888,102581.9933,85499.8564,160.2932,-3.0954,-0.0002,-0.0097,pathgraph
794.8886,102580.9945,85499.8109,160.2834,-3.0955,-0.0002,-0.0097,pathgraph
795.8885,102579.9956,85499.7654,160.2736,-3.0956,-0.0001,-0.0097,pathgraph
796.8883,102578.9968,85499.7199,160.2638,-3.0957,-0.0001,-0.0098,pathgraph
797.8882,102577.9980,85499.6744,160.2540,-3.0958,-0.0001,-0.0098,pathgraph
798.8881,102576.9992,85499.6289,160.2442,-3.0958,-0.0000,-0.0098,pathgraph
799.8879,102576.0003,85499.5834,160.2345,-3.0959,0.0000,-0.0099,pathgraph
800.8878,102575.0015,85499.5379,160.2247,-3.0960,0.0001,-0.0099,pathgraph
801.8876,102574.0027,85499.4924,160.2149,-3.0961,0.0001,-0.0099,pathgraph
802.8875,102573.0039,85499.4466,160.2049,-3.0961,0.0001,-0.0100,pathgraph
803.8874,102572.0051,85499.4009,160.1948,-3.0960,0.0001,-0.0100,pathgraph
804.8872,102571.0062,85499.3551,160.1847,-3.0960,0.0001,-0.0100,pathgraph
805.8871,102570.0074,85499.3093,160.1746,-3.0960,0.0001,-0.0101,pathgraph
806.8869,102569.0086,85499.2635,160.1645,-3.0959,0.0000,-0.0101,pathgraph
807.8868,102568.0098,85499.2177,160.1544,-3.0959,0.0000,-0.0101,pathgraph
808.8867,102567.0110,85499.1719,160.1443,-3.0959,-0.0000,-0.0101,pathgraph
809.8865,102566.0122,85499.1261,160.1342,-3.0958,-0.0000,-0.0102,pathgraph
810.8864,102565.0134,85499.0804,160.1242,-3.0958,-0.0000,-0.0102,pathgraph
811.8863,102564.0146,85499.0347,160.1140,-3.0958,-0.0001,-0.0102,pathgraph
812.8861,102563.0157,85498.9892,160.1036,-3.0959,-0.0001,-0.0103,pathgraph
813.8860,102562.0169,85498.9438,160.0932,-3.0960,-0.0001,-0.0103,pathgraph
814.8858,102561.0181,85498.8983,160.0829,-3.0960,-0.0001,-0.0103,pathgraph
815.8857,102560.0193,85498.8528,160.0725,-3.0961,-0.0001,-0.0103,pathgraph
816.8856,102559.0204,85498.8074,160.0621,-3.0962,-0.0001,-0.0104,pathgraph
817.8854,102558.0216,85498.7619,160.0518,-3.0963,-0.0001,-0.0104,pathgraph
818.8853,102557.0228,85498.7165,160.0414,-3.0964,-0.0001,-0.0104,pathgraph
819.8851,102556.0239,85498.6710,160.0310,-3.0965,-0.0001,-0.0104,pathgraph
820.8850,102555.0251,85498.6255,160.0207,-3.0965,-0.0001,-0.0105,pathgraph
821.8849,102554.0263,85498.5806,160.0101,-3.0965,-0.0001,-0.0105,pathgraph
822.8847,102553.0274,85498.5357,159.9995,-3.0965,-0.0001,-0.0105,pathgraph
823.8846,102552.0286,85498.4908,159.9889,-3.0965,-0.0000,-0.0105,pathgraph
824.8844,102551.0297,85498.4459,159.9783,-3.0965,-0.0000,-0.0106,pathgraph
825.8843,102550.0309,85498.4011,159.9677,-3.0965,0.0000,-0.0106,pathgraph
826.8842,102549.0320,85498.3562,159.9571,-3.0965,0.0000,-0.0106,pathgraph
827.8840,102548.0331,85498.3113,159.9465,-3.0965,0.0001,-0.0106,pathgraph
828.8839,102547.0343,85498.2664,159.9359,-3.0965,0.0001,-0.0106,pathgraph
829.8837,102546.0354,85498.2216,159.9253,-3.0965,0.0001,-0.0107,pathgraph
830.8836,102545.0366,85498.1765,159.9146,-3.0964,0.0001,-0.0107,pathgraph
831.8835,102544.0378,85498.1311,159.9038,-3.0964,0.0001,-0.0107,pathgraph
832.8833,102543.0389,85498.0856,159.8931,-3.0964,0.0001,-0.0107,pathgraph
833.8832,102542.0401,85498.0402,159.8823,-3.0963,0.0001,-0.0107,pathgraph
834.8831,102541.0413,85497.9948,159.8715,-3.0963,0.0000,-0.0108,pathgraph
835.8829,102540.0425,85497.9493,159.8608,-3.0963,0.0000,-0.0108,pathgraph
836.8828,102539.0436,85497.9039,159.8500,-3.0962,0.0000,-0.0108,pathgraph
837.8826,102538.0448,85497.8585,159.8392,-3.0962,-0.0000,-0.0108,pathgraph
838.8825,102537.0460,85497.8130,159.8285,-3.0962,-0.0000,-0.0108,pathgraph
839.8824,102536.0471,85497.7676,159.8177,-3.0961,-0.0000,-0.0108,pathgraph
840.8822,102535.0483,85497.7222,159.8068,-3.0961,-0.0000,-0.0108,pathgraph
841.8821,102534.0495,85497.6767,159.7959,-3.0961,-0.0000,-0.0109,pathgraph
842.8819,102533.0507,85497.6313,159.7850,-3.0961,-0.0000,-0.0109,pathgraph
843.8818,102532.0518,85497.5859,159.7741,-3.0960,0.0000,-0.0109,pathgraph
844.8817,102531.0530,85497.5404,159.7633,-3.0960,0.0000,-0.0109,pathgraph
845.8815,102530.0542,85497.4950,159.7524,-3.0960,0.0000,-0.0109,pathgraph
846.8814,102529.0553,85497.4496,159.7415,-3.0960,0.0001,-0.0109,pathgraph
847.8812,102528.0565,85497.4041,159.7306,-3.0960,0.0001,-0.0109,pathgraph
848.8811,102527.0577,85497.3587,159.7197,-3.0959,0.0001,-0.0110,pathgraph
849.8810,102526.0589,85497.3132,159.7087,-3.0960,0.0001,-0.0110,pathgraph
850.8808,102525.0600,85497.2677,159.6977,-3.0960,0.0000,-0.0110,pathgraph
851.8807,102524.0612,85497.2222,159.6866,-3.0961,0.0000,-0.0110,pathgraph
852.8805,102523.0624,85497.1767,159.6756,-3.0962,-0.0000,-0.0111,pathgraph
853.8804,102522.0636,85497.1312,159.6645,-3.0963,-0.0001,-0.0111,pathgraph
854.8803,102521.0647,85497.0857,159.6534,-3.0964,-0.0001,-0.0111,pathgraph
855.8801,102520.0659,85497.0402,159.6424,-3.0965,-0.0002,-0.0111,pathgraph
856.8800,102519.0671,85496.9947,159.6313,-3.0966,-0.0002,-0.0112,pathgraph
857.8798,102518.0683,85496.9492,159.6202,-3.0967,-0.0002,-0.0112,pathgraph
858.8797,102517.0694,85496.9037,159.6092,-3.0968,-0.0003,-0.0112,pathgraph
859.8796,102516.0706,85496.8589,159.5979,-3.0967,-0.0002,-0.0113,pathgraph
860.8794,102515.0717,85496.8143,159.5865,-3.0966,-0.0001,-0.0113,pathgraph
861.8793,102514.0729,85496.7697,159.5751,-3.0965,-0.0001,-0.0114,pathgraph
862.8792,102513.0740,85496.7251,159.5637,-3.0965,0.0000,-0.0114,pathgraph
863.8790,102512.0751,85496.6805,159.5524,-3.0964,0.0001,-0.0114,pathgraph
864.8789,102511.0763,85496.6359,159.5410,-3.0963,0.0002,-0.0115,pathgraph
865.8787,102510.0774,85496.5913,159.5296,-3.0962,0.0003,-0.0115,pathgraph
866.8786,102509.0785,85496.5467,159.5182,-3.0961,0.0003,-0.0116,pathgraph
867.8785,102508.0797,85496.5021,159.5069,-3.0960,0.0004,-0.0116,pathgraph
868.8783,102507.0808,85496.4569,159.4953,-3.0959,0.0004,-0.0117,pathgraph
869.8782,102506.0821,85496.4103,159.4834,-3.0957,0.0004,-0.0118,pathgraph
870.8780,102505.0833,85496.3636,159.4714,-3.0956,0.0003,-0.0119,pathgraph
871.8779,102504.0845,85496.3170,159.4595,-3.0954,0.0002,-0.0119,pathgraph
872.8778,102503.0857,85496.2704,159.4476,-3.0953,0.0001,-0.0120,pathgraph
873.8776,102502.0870,85496.2237,159.4356,-3.0951,0.0000,-0.0121,pathgraph
874.8775,102501.0882,85496.1771,159.4237,-3.0950,-0.0001,-0.0121,pathgraph
875.8773,102500.0894,85496.1305,159.4117,-3.0948,-0.0001,-0.0122,pathgraph
876.8772,102499.0906,85496.0838,159.3998,-3.0949,-0.0002,-0.0123,pathgraph
877.8771,102498.0919,85496.0372,159.3879,-3.0950,-0.0002,-0.0124,pathgraph
878.8769,102497.0931,85495.9912,159.3752,-3.0952,-0.0002,-0.0125,pathgraph
879.8768,102496.0943,85495.9454,159.3625,-3.0953,-0.0002,-0.0126,pathgraph
880.8766,102495.0954,85495.8996,159.3497,-3.0955,-0.0002,-0.0127,pathgraph
881.8765,102494.0966,85495.8539,159.3369,-3.0956,-0.0002,-0.0128,pathgraph
882.8764,102493.0978,85495.8081,159.3241,-3.0958,-0.0001,-0.0129,pathgraph
883.8762,102492.0990,85495.7623,159.3113,-3.0959,-0.0001,-0.0130,pathgraph
884.8761,102491.1002,85495.7165,159.2985,-3.0961,-0.0001,-0.0131,pathgraph
885.8760,102490.1014,85495.6707,159.2857,-3.0962,-0.0001,-0.0131,pathgraph
886.8758,102489.1026,85495.6249,159.2730,-3.0964,-0.0001,-0.0133,pathgraph
887.8757,102488.1037,85495.5795,159.2598,-3.0965,-0.0001,-0.0134,pathgraph
888.8755,102487.1049,85495.5349,159.2459,-3.0966,-0.0001,-0.0136,pathgraph
889.8754,102486.1060,85495.4904,159.2320,-3.0967,-0.0001,-0.0137,pathgraph
890.8753,102485.1071,85495.4459,159.2181,-3.0968,-0.0001,-0.0138,pathgraph
891.8751,102484.1083,85495.4014,159.2042,-3.0969,-0.0001,-0.0139,pathgraph
892.8750,102483.1094,85495.3568,159.1903,-3.0971,-0.0001,-0.0140,pathgraph
893.8748,102482.1105,85495.3123,159.1764,-3.0972,-0.0001,-0.0141,pathgraph
894.8747,102481.1117,85495.2678,159.1625,-3.0973,-0.0001,-0.0143,pathgraph
895.8746,102480.1128,85495.2232,159.1486,-3.0974,-0.0001,-0.0144,pathgraph
896.8744,102479.1139,85495.1787,159.1347,-3.0975,-0.0001,-0.0145,pathgraph
897.8743,102478.1150,85495.1345,159.1198,-3.0975,-0.0001,-0.0147,pathgraph
898.8741,102477.1162,85495.0903,159.1046,-3.0974,-0.0000,-0.0149,pathgraph
899.8740,102476.1173,85495.0462,159.0893,-3.0973,0.0000,-0.0150,pathgraph
900.8739,102475.1184,85495.0021,159.0741,-3.0972,0.0000,-0.0151,pathgraph
901.8737,102474.1195,85494.9579,159.0589,-3.0972,0.0001,-0.0153,pathgraph
902.8736,102473.1206,85494.9138,159.0437,-3.0971,0.0001,-0.0154,pathgraph
903.8734,102472.1217,85494.8696,159.0285,-3.0970,0.0001,-0.0155,pathgraph
904.8733,102471.1228,85494.8255,159.0133,-3.0969,0.0002,-0.0157,pathgraph
905.8732,102470.1240,85494.7814,158.9980,-3.0969,0.0002,-0.0158,pathgraph
906.8730,102469.1251,85494.7368,158.9824,-3.0967,0.0002,-0.0160,pathgraph
907.8729,102468.1263,85494.6911,158.9657,-3.0966,0.0002,-0.0162,pathgraph
908.8727,102467.1275,85494.6454,158.9490,-3.0964,0.0002,-0.0163,pathgraph
909.8726,102466.1286,85494.5997,158.9324,-3.0962,0.0002,-0.0165,pathgraph
910.8725,102465.1298,85494.5540,158.9157,-3.0961,0.0002,-0.0166,pathgraph
911.8723,102464.1310,85494.5083,158.8990,-3.0959,0.0002,-0.0168,pathgraph
912.8722,102463.1322,85494.4627,158.8823,-3.0957,0.0001,-0.0169,pathgraph
913.8721,102462.1334,85494.4170,158.8657,-3.0956,0.0001,-0.0171,pathgraph
914.8719,102461.1346,85494.3713,158.8490,-3.0954,0.0001,-0.0172,pathgraph
915.8718,102460.1357,85494.3256,158.8323,-3.0952,0.0001,-0.0174,pathgraph
916.8716,102459.1370,85494.2792,158.8144,-3.0952,0.0001,-0.0176,pathgraph
917.8715,102458.1382,85494.2327,158.7962,-3.0952,0.0001,-0.0178,pathgraph
918.8714,102457.1394,85494.1861,158.7780,-3.0952,0.0000,-0.0179,pathgraph
919.8712,102456.1406,85494.1395,158.7598,-3.0951,0.0000,-0.0181,pathgraph
920.8711,102455.1419,85494.0930,158.7416,-3.0951,0.0000,-0.0182,pathgraph
921.8709,102454.1431,85494.0464,158.7234,-3.0951,0.0000,-0.0184,pathgraph
922.8708,102453.1443,85493.9999,158.7052,-3.0951,-0.0000,-0.0185,pathgraph
923.8707,102452.1455,85493.9533,158.6870,-3.0951,-0.0000,-0.0187,pathgraph
924.8705,102451.1467,85493.9067,158.6688,-3.0950,-0.0000,-0.0188,pathgraph
925.8704,102450.1480,85493.8602,158.6501,-3.0950,-0.0001,-0.0191,pathgraph
926.8702,102449.1492,85493.8138,158.6303,-3.0950,-0.0000,-0.0192,pathgraph
927.8701,102448.1504,85493.7674,158.6106,-3.0951,-0.0000,-0.0194,pathgraph
928.8700,102447.1516,85493.7210,158.5908,-3.0951,-0.0000,-0.0196,pathgraph
929.8698,102446.1528,85493.6745,158.5710,-3.0951,-0.0000,-0.0197,pathgraph
930.8697,102445.1541,85493.6281,158.5513,-3.0951,-0.0000,-0.0199,pathgraph
931.8695,102444.1553,85493.5817,158.5315,-3.0951,0.0000,-0.0200,pathgraph
932.8694,102443.1565,85493.5353,158.5117,-3.0951,0.0000,-0.0201,pathgraph
933.8693,102442.1577,85493.4889,158.4920,-3.0951,0.0000,-0.0203,pathgraph
934.8691,102441.1589,85493.4424,158.4722,-3.0951,0.0000,-0.0205,pathgraph
935.8690,102440.1601,85493.3963,158.4512,-3.0952,0.0000,-0.0207,pathgraph
936.8689,102439.1613,85493.3501,158.4299,-3.0953,-0.0000,-0.0209,pathgraph
937.8687,102438.1625,85493.3040,158.4085,-3.0955,-0.0001,-0.0210,pathgraph
938.8686,102437.1637,85493.2578,158.3872,-3.0956,-0.0001,-0.0212,pathgraph
939.8684,102436.1649,85493.2117,158.3659,-3.0957,-0.0001,-0.0213,pathgraph
940.8683,102435.1662,85493.1656,158.3445,-3.0958,-0.0002,-0.0215,pathgraph
941.8682,102434.1674,85493.1194,158.3232,-3.0959,-0.0002,-0.0216,pathgraph
942.8680,102433.1686,85493.0733,158.3019,-3.0961,-0.0002,-0.0218,pathgraph
943.8679,102432.1698,85493.0272,158.2805,-3.0962,-0.0003,-0.0220,pathgraph
944.8677,102431.1710,85492.9814,158.2587,-3.0963,-0.0003,-0.0222,pathgraph
945.8676,102430.1721,85492.9366,158.2359,-3.0963,-0.0002,-0.0224,pathgraph
946.8675,102429.1732,85492.8918,158.2130,-3.0963,-0.0001,-0.0225,pathgraph
947.8673,102428.1744,85492.8470,158.1901,-3.0963,-0.0001,-0.0227,pathgraph
948.8672,102427.1755,85492.8021,158.1672,-3.0963,-0.0000,-0.0228,pathgraph
949.8670,102426.1767,85492.7573,158.1443,-3.0963,0.0000,-0.0230,pathgraph
950.8669,102425.1778,85492.7125,158.1214,-3.0963,0.0001,-0.0231,pathgraph
951.8668,102424.1790,85492.6677,158.0986,-3.0964,0.0001,-0.0233,pathgraph
952.8666,102423.1801,85492.6229,158.0757,-3.0964,0.0002,-0.0234,pathgraph
953.8665,102422.1812,85492.5780,158.0528,-3.0964,0.0002,-0.0236,pathgraph
954.8663,102421.1824,85492.5324,158.0287,-3.0963,0.0002,-0.0238,pathgraph
955.8662,102420.1836,85492.4866,158.0043,-3.0963,0.0002,-0.0240,pathgraph
956.8661,102419.1848,85492.4408,157.9799,-3.0962,0.0001,-0.0241,pathgraph
957.8659,102418.1860,85492.3950,157.9554,-3.0961,0.0001,-0.0243,pathgraph
958.8658,102417.1872,85492.3491,157.9310,-3.0960,0.0001,-0.0244,pathgraph
959.8657,102416.1884,85492.3033,157.9066,-3.0959,0.0000,-0.0246,pathgraph
960.8655,102415.1896,85492.2575,157.8822,-3.0959,0.0000,-0.0247,pathgraph
961.8654,102414.1908,85492.2117,157.8578,-3.0958,-0.0000,-0.0249,pathgraph
962.8652,102413.1919,85492.1659,157.8333,-3.0957,-0.0001,-0.0250,pathgraph
963.8651,102412.1931,85492.1201,157.8085,-3.0957,-0.0001,-0.0252,pathgraph
964.8650,102411.1943,85492.0743,157.7826,-3.0957,-0.0001,-0.0254,pathgraph
965.8648,102410.1955,85492.0286,157.7566,-3.0957,-0.0001,-0.0256,pathgraph
966.8647,102409.1967,85491.9829,157.7307,-3.0958,-0.0000,-0.0257,pathgraph
967.8645,102408.1979,85491.9371,157.7048,-3.0958,-0.0000,-0.0259,pathgraph
968.8644,102407.1991,85491.8914,157.6789,-3.0959,-0.0000,-0.0260,pathgraph
969.8643,102406.2002,85491.8457,157.6529,-3.0959,0.0000,-0.0261,pathgraph
970.8641,102405.2014,85491.8000,157.6270,-3.0958,0.0000,-0.0263,pathgraph
971.8640,102404.2026,85491.7542,157.6011,-3.0958,0.0001,-0.0264,pathgraph
972.8638,102403.2038,85491.7085,157.5752,-3.0957,0.0001,-0.0266,pathgraph
973.8637,102402.2050,85491.6625,157.5481,-3.0957,0.0001,-0.0268,pathgraph
974.8636,102401.2062,85491.6164,157.5207,-3.0957,0.0001,-0.0270,pathgraph
975.8634,102400.2074,85491.5703,157.4933,-3.0957,0.0001,-0.0271,pathgraph
976.8633,102399.2086,85491.5242,157.4659,-3.0957,0.0000,-0.0272,pathgraph
977.8631,102398.2098,85491.4781,157.4385,-3.0958,-0.0000,-0.0274,pathgraph
978.8630,102397.2110,85491.4320,157.4111,-3.0958,-0.0001,-0.0275,pathgraph
979.8629,102396.2122,85491.3859,157.3838,-3.0958,-0.0001,-0.0277,pathgraph
980.8627,102395.2134,85491.3398,157.3564,-3.0958,-0.0001,-0.0278,pathgraph
981.8626,102394.2146,85491.2937,157.3290,-3.0958,-0.0002,-0.0280,pathgraph
982.8624,102393.2158,85491.2478,157.3012,-3.0958,-0.0002,-0.0281,pathgraph
983.8623,102392.2170,85491.2024,157.2724,-3.0958,-0.0001,-0.0283,pathgraph
984.8622,102391.2182,85491.1569,157.2436,-3.0958,-0.0001,-0.0285,pathgraph
985.8620,102390.2193,85491.1115,157.2148,-3.0958,-0.0001,-0.0286,pathgraph
986.8619,102389.2205,85491.0660,157.1860,-3.0958,-0.0000,-0.0287,pathgraph
987.8618,102388.2217,85491.0205,157.1572,-3.0958,0.0000,-0.0288,pathgraph
988.8616,102387.2229,85490.9751,157.1284,-3.0958,0.0001,-0.0290,pathgraph
989.8615,102386.2240,85490.9296,157.0997,-3.0958,0.0001,-0.0291,pathgraph
990.8613,102385.2252,85490.8842,157.0709,-3.0958,0.0002,-0.0292,pathgraph
991.8612,102384.2264,85490.8387,157.0421,-3.0958,0.0002,-0.0294,pathgraph
992.8611,102383.2276,85490.7928,157.0122,-3.0958,0.0002,-0.0296,pathgraph
993.8609,102382.2288,85490.7468,156.9821,-3.0958,0.0001,-0.0297,pathgraph
994.8608,102381.2300,85490.7007,156.9520,-3.0959,0.0001,-0.0298,pathgraph
995.8606,102380.2312,85490.6547,156.9219,-3.0959,0.0000,-0.0300,pathgraph
996.8605,102379.2324,85490.6087,156.8918,-3.0959,-0.0000,-0.0301,pathgraph
997.8604,102378.2336,85490.5627,156.8617,-3.0960,-0.0001,-0.0302,pathgraph
998.8602,102377.2348,85490.5166,156.8316,-3.0960,-0.0001,-0.0303,pathgraph
999.8601,102376.2360,85490.4706,156.8015,-3.0961,-0.0002,-0.0305,pathgraph
1000.8599,102375.2372,85490.4246,156.7714,-3.0961,-0.0002,-0.0306,pathgraph
1001.8598,102374.2383,85490.3789,156.7409,-3.0961,-0.0003,-0.0308,pathgraph
1002.8597,102373.2395,85490.3341,156.7096,-3.0962,-0.0002,-0.0309,pathgraph
1003.8595,102372.2406,85490.2893,156.6782,-3.0963,-0.0002,-0.0310,pathgraph
1004.8594,102371.2418,85490.2445,156.6469,-3.0963,-0.0001,-0.0311,pathgraph
1005.8592,102370.2429,85490.1997,156.6156,-3.0964,-0.0001,-0.0312,pathgraph
1006.8591,102369.2441,85490.1549,156.5843,-3.0964,-0.0000,-0.0314,pathgraph
1007.8590,102368.2452,85490.1101,156.5530,-3.0965,0.0000,-0.0315,pathgraph
1008.8588,102367.2463,85490.0654,156.5216,-3.0966,0.0001,-0.0316,pathgraph
1009.8587,102366.2475,85490.0206,156.4903,-3.0966,0.0001,-0.0317,pathgraph
1010.8586,102365.2486,85489.9758,156.4590,-3.0967,0.0002,-0.0318,pathgraph
1011.8584,102364.2498,85489.9305,156.4268,-3.0966,0.0002,-0.0320,pathgraph
1012.8583,102363.2510,85489.8850,156.3944,-3.0965,0.0001,-0.0321,pathgraph
1013.8581,102362.2521,85489.8395,156.3620,-3.0964,0.0001,-0.0322,pathgraph
1014.8580,102361.2533,85489.7941,156.3296,-3.0963,0.0001,-0.0323,pathgraph
1015.8579,102360.2545,85489.7486,156.2972,-3.0962,0.0001,-0.0324,pathgraph
1016.8577,102359.2557,85489.7032,156.2648,-3.0961,0.0001,-0.0325,pathgraph
1017.8576,102358.2568,85489.6577,156.2324,-3.0960,0.0001,-0.0326,pathgraph
1018.8574,102357.2580,85489.6123,156.1999,-3.0959,0.0001,-0.0327,pathgraph
1019.8573,102356.2592,85489.5668,156.1675,-3.0958,0.0000,-0.0328,pathgraph
1020.8572,102355.2604,85489.5213,156.1349,-3.0958,0.0000,-0.0329,pathgraph
1021.8570,102354.2615,85489.4756,156.1015,-3.0958,0.0000,-0.0330,pathgraph
1022.8569,102353.2627,85489.4300,156.0682,-3.0959,-0.0000,-0.0331,pathgraph
1023.8567,102352.2639,85489.3843,156.0348,-3.0960,-0.0000,-0.0332,pathgraph
1024.8566,102351.2651,85489.3387,156.0015,-3.0961,-0.0001,-0.0333,pathgraph
1025.8565,102350.2663,85489.2930,155.9681,-3.0961,-0.0001,-0.0334,pathgraph
1026.8563,102349.2674,85489.2474,155.9348,-3.0962,-0.0001,-0.0334,pathgraph
1027.8562,102348.2686,85489.2017,155.9014,-3.0963,-0.0001,-0.0335,pathgraph
1028.8560,102347.2698,85489.1561,155.8681,-3.0963,-0.0002,-0.0336,pathgraph
1029.8559,102346.2710,85489.1104,155.8347,-3.0964,-0.0002,-0.0337,pathgraph
1030.8558,102345.2721,85489.0655,155.8008,-3.0965,-0.0002,-0.0338,pathgraph
1031.8556,102344.2733,85489.0208,155.7666,-3.0965,-0.0001,-0.0339,pathgraph
1032.8555,102343.2744,85488.9761,155.7325,-3.0966,-0.0001,-0.0340,pathgraph
1033.8554,102342.2756,85488.9314,155.6984,-3.0966,-0.0001,-0.0340,pathgraph
1034.8552,102341.2767,85488.8867,155.6642,-3.0967,-0.0000,-0.0341,pathgraph
1035.8551,102340.2778,85488.8420,155.6301,-3.0967,-0.0000,-0.0342,pathgraph
1036.8549,102339.2790,85488.7973,155.5960,-3.0968,0.0000,-0.0342,pathgraph
1037.8548,102338.2801,85488.7526,155.5618,-3.0968,0.0000,-0.0343,pathgraph
1038.8547,102337.2813,85488.7079,155.5277,-3.0969,0.0001,-0.0344,pathgraph
1039.8545,102336.2824,85488.6630,155.4934,-3.0969,0.0001,-0.0345,pathgraph
1040.8544,102335.2836,85488.6176,155.4586,-3.0967,0.0001,-0.0345,pathgraph
1041.8542,102334.2847,85488.5722,155.4239,-3.0965,0.0001,-0.0346,pathgraph
1042.8541,102333.2859,85488.5268,155.3891,-3.0963,0.0002,-0.0346,pathgraph
1043.8540,102332.2871,85488.4814,155.3544,-3.0961,0.0002,-0.0347,pathgraph
1044.8538,102331.2883,85488.4360,155.3196,-3.0959,0.0002,-0.0347,pathgraph
1045.8537,102330.2894,85488.3906,155.2849,-3.0957,0.0002,-0.0348,pathgraph
1046.8535,102329.2906,85488.3452,155.2502,-3.0955,0.0003,-0.0348,pathgraph
1047.8534,102328.2918,85488.2998,155.2154,-3.0953,0.0003,-0.0349,pathgraph
1048.8533,102327.2929,85488.2544,155.1807,-3.0951,0.0003,-0.0349,pathgraph
1049.8531,102326.2942,85488.2076,155.1456,-3.0950,0.0003,-0.0350,pathgraph
1050.8530,102325.2954,85488.1605,155.1104,-3.0950,0.0002,-0.0350,pathgraph
1051.8528,102324.2967,85488.1133,155.0752,-3.0949,0.0002,-0.0351,pathgraph
1052.8527,102323.2979,85488.0662,155.0400,-3.0949,0.0001,-0.0351,pathgraph
1053.8526,102322.2992,85488.0190,155.0048,-3.0949,0.0000,-0.0351,pathgraph
1054.8524,102321.3004,85487.9719,154.9696,-3.0948,-0.0000,-0.0352,pathgraph
1055.8523,102320.3017,85487.9247,154.9344,-3.0948,-0.0001,-0.0352,pathgraph
1056.8521,102319.3029,85487.8776,154.8992,-3.0947,-0.0001,-0.0352,pathgraph
1057.8520,102318.3042,85487.8304,154.8640,-3.0947,-0.0002,-0.0353,pathgraph
1058.8519,102317.3054,85487.7836,154.8288,-3.0947,-0.0002,-0.0353,pathgraph
1059.8517,102316.3066,85487.7377,154.7933,-3.0949,-0.0002,-0.0354,pathgraph
1060.8516,102315.3078,85487.6918,154.7579,-3.0951,-0.0002,-0.0354,pathgraph
1061.8515,102314.3090,85487.6459,154.7224,-3.0953,-0.0002,-0.0354,pathgraph
1062.8513,102313.3102,85487.5999,154.6870,-3.0955,-0.0002,-0.0354,pathgraph
1063.8512,102312.3114,85487.5540,154.6515,-3.0957,-0.0002,-0.0354,pathgraph
1064.8510,102311.3126,85487.5081,154.6160,-3.0959,-0.0002,-0.0354,pathgraph
1065.8509,102310.3138,85487.4622,154.5806,-3.0961,-0.0002,-0.0355,pathgraph
1066.8508,102309.3150,85487.4163,154.5451,-3.0963,-0.0002,-0.0355,pathgraph
1067.8506,102308.3162,85487.3704,154.5097,-3.0965,-0.0002,-0.0355,pathgraph
1068.8505,102307.3173,85487.3252,154.4742,-3.0965,-0.0001,-0.0355,pathgraph
1069.8503,102306.3185,85487.2801,154.4386,-3.0964,-0.0001,-0.0355,pathgraph
1070.8502,102305.3196,85487.2351,154.4031,-3.0963,-0.0000,-0.0355,pathgraph
1071.8501,102304.3208,85487.1901,154.3675,-3.0962,0.0000,-0.0355,pathgraph
1072.8499,102303.3219,85487.1451,154.3320,-3.0962,0.0001,-0.0355,pathgraph
1073.8498,102302.3231,85487.1000,154.2964,-3.0961,0.0001,-0.0355,pathgraph
1074.8496,102301.3242,85487.0550,154.2609,-3.0960,0.0002,-0.0355,pathgraph
1075.8495,102300.3254,85487.0100,154.2254,-3.0959,0.0002,-0.0355,pathgraph
1076.8494,102299.3266,85486.9650,154.1898,-3.0958,0.0003,-0.0355,pathgraph
1077.8492,102298.3277,85486.9194,154.1543,-3.0957,0.0003,-0.0355,pathgraph
1078.8491,102297.3290,85486.8726,154.1188,-3.0956,0.0003,-0.0355,pathgraph
1079.8489,102296.3302,85486.8258,154.0834,-3.0954,0.0002,-0.0355,pathgraph
1080.8488,102295.3314,85486.7791,154.0479,-3.0953,0.0002,-0.0354,pathgraph
1081.8487,102294.3327,85486.7323,154.0125,-3.0951,0.0002,-0.0354,pathgraph
1082.8485,102293.3339,85486.6855,153.9770,-3.0950,0.0001,-0.0354,pathgraph
1083.8484,102292.3351,85486.6387,153.9416,-3.0948,0.0001,-0.0354,pathgraph
1084.8483,102291.3364,85486.5919,153.9061,-3.0947,0.0001,-0.0354,pathgraph
1085.8481,102290.3376,85486.5451,153.8707,-3.0945,0.0000,-0.0353,pathgraph
1086.8480,102289.3388,85486.4983,153.8352,-3.0944,-0.0000,-0.0353,pathgraph
1087.8478,102288.3401,85486.4515,153.8000,-3.0944,-0.0000,-0.0353,pathgraph
1088.8477,102287.3413,85486.4047,153.7648,-3.0946,-0.0001,-0.0352,pathgraph
1089.8476,102286.3425,85486.3579,153.7296,-3.0947,-0.0001,-0.0352,pathgraph
1090.8474,102285.3438,85486.3112,153.6944,-3.0948,-0.0001,-0.0352,pathgraph
1091.8473,102284.3450,85486.2644,153.6592,-3.0949,-0.0001,-0.0352,pathgraph
1092.8471,102283.3462,85486.2176,153.6240,-3.0951,-0.0001,-0.0351,pathgraph
1093.8470,102282.3475,85486.1708,153.5888,-3.0952,-0.0002,-0.0351,pathgraph
1094.8469,102281.3487,85486.1240,153.5536,-3.0953,-0.0002,-0.0351,pathgraph
1095.8467,102280.3500,85486.0773,153.5184,-3.0955,-0.0002,-0.0350,pathgraph
1096.8466,102279.3512,85486.0308,153.4834,-3.0956,-0.0002,-0.0350,pathgraph
1097.8464,102278.3523,85485.9853,153.4486,-3.0956,-0.0002,-0.0349,pathgraph
1098.8463,102277.3535,85485.9398,153.4138,-3.0957,-0.0001,-0.0349,pathgraph
1099.8462,102276.3547,85485.8944,153.3791,-3.0957,-0.0001,-0.0348,pathgraph
1100.8460,102275.3559,85485.8489,153.3443,-3.0958,-0.0001,-0.0348,pathgraph
1101.8459,102274.3570,85485.8034,153.3095,-3.0958,-0.0000,-0.0347,pathgraph
1102.8457,102273.3582,85485.7579,153.2748,-3.0959,-0.0000,-0.0347,pathgraph
1103.8456,102272.3594,85485.7124,153.2400,-3.0960,0.0000,-0.0346,pathgraph
1104.8455,102271.3606,85485.6669,153.2052,-3.0960,0.0001,-0.0346,pathgraph
1105.8453,102270.3617,85485.6214,153.1705,-3.0961,0.0001,-0.0345,pathgraph
1106.8452,102269.3629,85485.5756,153.1361,-3.0960,0.0001,-0.0344,pathgraph
1107.8450,102268.3641,85485.5297,153.1019,-3.0959,0.0001,-0.0344,pathgraph
1108.8449,102267.3653,85485.4838,153.0676,-3.0959,0.0001,-0.0343,pathgraph
1109.8448,102266.3665,85485.4378,153.0334,-3.0958,0.0001,-0.0343,pathgraph
1110.8446,102265.3677,85485.3919,152.9992,-3.0957,0.0001,-0.0342,pathgraph
1111.8445,102264.3689,85485.3460,152.9649,-3.0956,0.0001,-0.0342,pathgraph
1112.8444,102263.3701,85485.3001,152.9307,-3.0955,0.0001,-0.0341,pathgraph
1113.8442,102262.3713,85485.2542,152.8965,-3.0955,0.0001,-0.0341,pathgraph
1114.8441,102261.3725,85485.2083,152.8622,-3.0954,0.0001,-0.0340,pathgraph
1115.8439,102260.3737,85485.1625,152.8281,-3.0954,0.0000,-0.0339,pathgraph
1116.8438,102259.3748,85485.1170,152.7945,-3.0957,-0.0000,-0.0339,pathgraph
1117.8437,102258.3760,85485.0715,152.7608,-3.0959,-0.0001,-0.0338,pathgraph
1118.8435,102257.3772,85485.0259,152.7271,-3.0962,-0.0002,-0.0338,pathgraph
1119.8434,102256.3784,85484.9804,152.6935,-3.0964,-0.0002,-0.0337,pathgraph
1120.8432,102255.3795,85484.9349,152.6598,-3.0967,-0.0003,-0.0337,pathgraph
1121.8431,102254.3807,85484.8894,152.6261,-3.0969,-0.0004,-0.0336,pathgraph
1122.8430,102253.3819,85484.8439,152.5925,-3.0972,-0.0004,-0.0336,pathgraph
1123.8428,102252.3831,85484.7984,152.5588,-3.0975,-0.0005,-0.0335,pathgraph
1124.8427,102251.3843,85484.7528,152.5251,-3.0977,-0.0006,-0.0334,pathgraph
1125.8425,102250.3853,85484.7100,152.4919,-3.0980,-0.0005,-0.0334,pathgraph
1126.8424,102249.3863,85484.6680,152.4587,-3.0983,-0.0005,-0.0333,pathgraph
1127.8423,102248.3874,85484.6259,152.4256,-3.0985,-0.0004,-0.0333,pathgraph
1128.8421,102247.3884,85484.5839,152.3924,-3.0988,-0.0003,-0.0332,pathgraph
1129.8420,102246.3894,85484.5419,152.3593,-3.0991,-0.0003,-0.0332,pathgraph
1130.8418,102245.3904,85484.4998,152.3261,-3.0993,-0.0002,-0.0331,pathgraph
1131.8417,102244.3914,85484.4578,152.2930,-3.0996,-0.0001,-0.0331,pathgraph
1132.8416,102243.3925,85484.4158,152.2598,-3.0999,-0.0001,-0.0331,pathgraph
1133.8414,102242.3935,85484.3737,152.2267,-3.1001,-0.0000,-0.0330,pathgraph
1134.8413,102241.3945,85484.3319,152.1937,-3.1003,0.0000,-0.0330,pathgraph
1135.8412,102240.3955,85484.2905,152.1609,-3.1003,0.0000,-0.0329,pathgraph
1136.8410,102239.3965,85484.2492,152.1282,-3.1003,0.0000,-0.0329,pathgraph
1137.8409,102238.3975,85484.2079,152.0954,-3.1003,0.0000,-0.0328,pathgraph
1138.8407,102237.3985,85484.1665,152.0627,-3.1002,0.0000,-0.0328,pathgraph
1139.8406,102236.3995,85484.1252,152.0299,-3.1002,0.0000,-0.0328,pathgraph
1140.8405,102235.4005,85484.0838,151.9972,-3.1002,0.0000,-0.0328,pathgraph
1141.8403,102234.4015,85484.0425,151.9644,-3.1002,-0.0000,-0.0327,pathgraph
1142.8402,102233.4025,85484.0011,151.9317,-3.1002,-0.0000,-0.0327,pathgraph
1143.8400,102232.4035,85483.9598,151.8989,-3.1003,-0.0001,-0.0327,pathgraph
1144.8399,102231.4044,85483.9191,151.8664,-3.1005,-0.0001,-0.0326,pathgraph
1145.8398,102230.4054,85483.8787,151.8339,-3.1007,-0.0001,-0.0326,pathgraph
1146.8396,102229.4063,85483.8383,151.8013,-3.1009,-0.0002,-0.0326,pathgraph
1147.8395,102228.4073,85483.7979,151.7688,-3.1011,-0.0002,-0.0326,pathgraph
1148.8393,102227.4082,85483.7575,151.7363,-3.1014,-0.0002,-0.0326,pathgraph
1149.8392,102226.4092,85483.7171,151.7038,-3.1016,-0.0002,-0.0326,pathgraph
1150.8391,102225.4102,85483.6767,151.6713,-3.1018,-0.0003,-0.0325,pathgraph
1151.8389,102224.4111,85483.6362,151.6388,-3.1020,-0.0003,-0.0325,pathgraph
1152.8388,102223.4121,85483.5958,151.6063,-3.1022,-0.0003,-0.0325,pathgraph
1153.8386,102222.4130,85483.5560,151.5738,-3.1024,-0.0003,-0.0325,pathgraph
1154.8385,102221.4139,85483.5178,151.5413,-3.1026,-0.0003,-0.0325,pathgraph
1155.8384,102220.4147,85483.4796,151.5088,-3.1027,-0.0002,-0.0325,pathgraph
1156.8382,102219.4156,85483.4414,151.4764,-3.1028,-0.0002,-0.0325,pathgraph
1157.8381,102218.4165,85483.4031,151.4439,-3.1030,-0.0002,-0.0325,pathgraph
1158.8379,102217.4174,85483.3649,151.4115,-3.1031,-0.0001,-0.0325,pathgraph
1159.8378,102216.4182,85483.3267,151.3790,-3.1032,-0.0001,-0.0325,pathgraph
1160.8377,102215.4191,85483.2885,151.3466,-3.1034,-0.0000,-0.0325,pathgraph
1161.8375,102214.4200,85483.2503,151.3141,-3.1035,0.0000,-0.0325,pathgraph
1162.8374,102213.4208,85483.2121,151.2816,-3.1036,0.0001,-0.0325,pathgraph
1163.8373,102212.4217,85483.1741,151.2491,-3.1037,0.0001,-0.0325,pathgraph
1164.8371,102211.4226,85483.1363,151.2165,-3.1038,0.0000,-0.0326,pathgraph
1165.8370,102210.4234,85483.0984,151.1840,-3.1038,0.0000,-0.0326,pathgraph
1166.8368,102209.4243,85483.0605,151.1514,-3.1038,-0.0000,-0.0326,pathgraph
1167.8367,102208.4251,85483.0226,151.1189,-3.1039,-0.0000,-0.0326,pathgraph
1168.8366,102207.4260,85482.9848,151.0863,-3.1039,-0.0001,-0.0326,pathgraph
1169.8364,102206.4268,85482.9469,151.0538,-3.1040,-0.0001,-0.0326,pathgraph
1170.8363,102205.4277,85482.9090,151.0212,-3.1040,-0.0001,-0.0326,pathgraph
1171.8361,102204.4285,85482.8711,150.9886,-3.1041,-0.0001,-0.0327,pathgraph
1172.8360,102203.4294,85482.8336,150.9560,-3.1041,-0.0002,-0.0327,pathgraph
1173.8359,102202.4302,85482.7968,150.9232,-3.1043,-0.0002,-0.0327,pathgraph
1174.8357,102201.4310,85482.7600,150.8904,-3.1044,-0.0001,-0.0328,pathgraph
1175.8356,102200.4318,85482.7231,150.8576,-3.1045,-0.0001,-0.0328,pathgraph
1176.8354,102199.4327,85482.6863,150.8249,-3.1047,-0.0001,-0.0328,pathgraph
1177.8353,102198.4335,85482.6495,150.7921,-3.1048,-0.0001,-0.0328,pathgraph
1178.8352,102197.4343,85482.6127,150.7593,-3.1049,-0.0001,-0.0329,pathgraph
1179.8350,102196.4351,85482.5759,150.7265,-3.1051,-0.0001,-0.0329,pathgraph
1180.8349,102195.4359,85482.5391,150.6937,-3.1052,-0.0001,-0.0329,pathgraph
1181.8347,102194.4367,85482.5023,150.6609,-3.1054,-0.0001,-0.0329,pathgraph
1182.8346,102193.4375,85482.4664,150.6279,-3.1055,-0.0001,-0.0330,pathgraph
1183.8345,102192.4383,85482.4307,150.5948,-3.1056,-0.0001,-0.0330,pathgraph
1184.8343,102191.4391,85482.3950,150.5617,-3.1057,-0.0001,-0.0331,pathgraph
1185.8342,102190.4399,85482.3593,150.5286,-3.1058,-0.0001,-0.0331,pathgraph
1186.8341,102189.4406,85482.3236,150.4955,-3.1059,-0.0001,-0.0331,pathgraph
1187.8339,102188.4414,85482.2879,150.4624,-3.1060,-0.0001,-0.0332,pathgraph
1188.8338,102187.4422,85482.2522,150.4293,-3.1061,-0.0001,-0.0332,pathgraph
1189.8336,102186.4430,85482.2165,150.3962,-3.1062,-0.0001,-0.0332,pathgraph
1190.8335,102185.4437,85482.1808,150.3631,-3.1063,-0.0001,-0.0333,pathgraph
1191.8334,102184.4445,85482.1454,150.3299,-3.1064,-0.0001,-0.0333,pathgraph
1192.8332,102183.4453,85482.1106,150.2964,-3.1065,-0.0001,-0.0333,pathgraph
1193.8331,102182.4460,85482.0759,150.2629,-3.1066,-0.0001,-0.0334,pathgraph
1194.8329,102181.4467,85482.0411,150.2295,-3.1067,-0.0001,-0.0334,pathgraph
1195.8328,102180.4475,85482.0064,150.1960,-3.1068,-0.0001,-0.0335,pathgraph
1196.8327,102179.4482,85481.9716,150.1625,-3.1069,-0.0001,-0.0335,pathgraph
1197.8325,102178.4490,85481.9368,150.1291,-3.1070,-0.0001,-0.0335,pathgraph
1198.8324,102177.4497,85481.9021,150.0956,-3.1071,-0.0001,-0.0336,pathgraph
1199.8322,102176.4505,85481.8673,150.0621,-3.1072,-0.0001,-0.0336,pathgraph
1200.8321,102175.4512,85481.8326,150.0287,-3.1073,-0.0001,-0.0336,pathgraph
1201.8320,102174.4519,85481.7982,149.9949,-3.1073,-0.0001,-0.0337,pathgraph
1202.8318,102173.4527,85481.7639,149.9611,-3.1072,-0.0000,-0.0337,pathgraph
1203.8317,102172.4534,85481.7297,149.9273,-3.1072,-0.0000,-0.0337,pathgraph
1204.8315,102171.4541,85481.6954,149.8935,-3.1071,0.0000,-0.0338,pathgraph
1205.8314,102170.4548,85481.6611,149.8596,-3.1070,0.0001,-0.0338,pathgraph
1206.8313,102169.4556,85481.6269,149.8258,-3.1070,0.0001,-0.0338,pathgraph
1207.8311,102168.4563,85481.5926,149.7920,-3.1069,0.0001,-0.0339,pathgraph
1208.8310,102167.4570,85481.5583,149.7582,-3.1068,0.0002,-0.0339,pathgraph
1209.8308,102166.4577,85481.5241,149.7244,-3.1068,0.0002,-0.0339,pathgraph
1210.8307,102165.4585,85481.4896,149.6905,-3.1067,0.0002,-0.0340,pathgraph
1211.8306,102164.4592,85481.4543,149.6564,-3.1067,0.0002,-0.0340,pathgraph
1212.8304,102163.4600,85481.4191,149.6222,-3.1067,0.0001,-0.0340,pathgraph
1213.8303,102162.4608,85481.3838,149.5881,-3.1067,0.0001,-0.0341,pathgraph
1214.8302,102161.4615,85481.3486,149.5540,-3.1067,0.0000,-0.0341,pathgraph
1215.8300,102160.4623,85481.3133,149.5199,-3.1067,-0.0000,-0.0341,pathgraph
1216.8299,102159.4630,85481.2781,149.4858,-3.1067,-0.0001,-0.0341,pathgraph
1217.8297,102158.4638,85481.2429,149.4517,-3.1067,-0.0001,-0.0341,pathgraph
1218.8296,102157.4646,85481.2076,149.4176,-3.1067,-0.0002,-0.0342,pathgraph
1219.8295,102156.4653,85481.1724,149.3834,-3.1067,-0.0002,-0.0342,pathgraph
1220.8293,102155.4661,85481.1377,149.3492,-3.1067,-0.0002,-0.0342,pathgraph
1221.8292,102154.4668,85481.1033,149.3149,-3.1067,-0.0002,-0.0342,pathgraph
1222.8290,102153.4675,85481.0688,149.2806,-3.1067,-0.0001,-0.0342,pathgraph
1223.8289,102152.4683,85481.0343,149.2463,-3.1068,-0.0001,-0.0343,pathgraph
1224.8288,102151.4690,85480.9999,149.2120,-3.1068,-0.0000,-0.0343,pathgraph
1225.8286,102150.4697,85480.9654,149.1777,-3.1068,0.0000,-0.0343,pathgraph
1226.8285,102149.4705,85480.9310,149.1434,-3.1068,0.0001,-0.0343,pathgraph
1227.8283,102148.4712,85480.8965,149.1090,-3.1068,0.0001,-0.0343,pathgraph
1228.8282,102147.4719,85480.8621,149.0747,-3.1068,0.0002,-0.0343,pathgraph
1229.8281,102146.4727,85480.8273,149.0404,-3.1068,0.0002,-0.0343,pathgraph
1230.8279,102145.4734,85480.7918,149.0061,-3.1066,0.0002,-0.0343,pathgraph
1231.8278,102144.4742,85480.7562,148.9717,-3.1065,0.0002,-0.0343,pathgraph
1232.8276,102143.4750,85480.7207,148.9373,-3.1063,0.0002,-0.0343,pathgraph
1233.8275,102142.4758,85480.6851,148.9030,-3.1062,0.0002,-0.0343,pathgraph
1234.8274,102141.4765,85480.6496,148.8686,-3.1060,0.0001,-0.0343,pathgraph
1235.8272,102140.4773,85480.6140,148.8343,-3.1059,0.0001,-0.0343,pathgraph
1236.8271,102139.4781,85480.5785,148.7999,-3.1057,0.0001,-0.0343,pathgraph
1237.8270,102138.4788,85480.5429,148.7655,-3.1056,0.0001,-0.0343,pathgraph
1238.8268,102137.4796,85480.5074,148.7312,-3.1054,0.0001,-0.0343,pathgraph
1239.8267,102136.4804,85480.4710,148.6969,-3.1053,0.0001,-0.0343,pathgraph
1240.8265,102135.4812,85480.4345,148.6627,-3.1053,0.0001,-0.0343,pathgraph
1241.8264,102134.4820,85480.3979,148.6284,-3.1052,0.0001,-0.0342,pathgraph
1242.8263,102133.4828,85480.3614,148.5942,-3.1051,0.0001,-0.0342,pathgraph
1243.8261,102132.4836,85480.3248,148.5599,-3.1051,0.0001,-0.0342,pathgraph
1244.8260,102131.4845,85480.2883,148.5257,-3.1050,0.0001,-0.0342,pathgraph
1245.8258,102130.4853,85480.2517,148.4914,-3.1049,0.0001,-0.0342,pathgraph
1246.8257,102129.4861,85480.2151,148.4572,-3.1049,0.0000,-0.0341,pathgraph
1247.8256,102128.4869,85480.1786,148.4229,-3.1048,0.0000,-0.0341,pathgraph
1248.8254,102127.4877,85480.1419,148.3887,-3.1047,0.0000,-0.0341,pathgraph
1249.8253,102126.4885,85480.1048,148.3548,-3.1047,0.0000,-0.0340,pathgraph
1250.8251,102125.4893,85480.0677,148.3208,-3.1046,0.0001,-0.0340,pathgraph
1251.8250,102124.4902,85480.0306,148.2868,-3.1045,0.0001,-0.0340,pathgraph
1252.8249,102123.4910,85479.9935,148.2529,-3.1044,0.0001,-0.0339,pathgraph
1253.8247,102122.4918,85479.9564,148.2189,-3.1044,0.0001,-0.0339,pathgraph
1254.8246,102121.4927,85479.9193,148.1850,-3.1043,0.0001,-0.0339,pathgraph
1255.8244,102120.4935,85479.8822,148.1510,-3.1042,0.0001,-0.0338,pathgraph
1256.8243,102119.4943,85479.8451,148.1170,-3.1041,0.0001,-0.0338,pathgraph
1257.8242,102118.4951,85479.8080,148.0831,-3.1040,0.0001,-0.0337,pathgraph
1258.8240,102117.4960,85479.7705,148.0494,-3.1040,0.0001,-0.0337,pathgraph
1259.8239,102116.4968,85479.7329,148.0159,-3.1040,0.0001,-0.0336,pathgraph
1260.8238,102115.4977,85479.6953,147.9825,-3.1041,0.0000,-0.0336,pathgraph
1261.8236,102114.4985,85479.6577,147.9490,-3.1042,-0.0000,-0.0335,pathgraph
1262.8235,102113.4994,85479.6201,147.9155,-3.1043,-0.0001,-0.0334,pathgraph
1263.8233,102112.5002,85479.5825,147.8820,-3.1044,-0.0001,-0.0334,pathgraph
1264.8232,102111.5011,85479.5449,147.8485,-3.1045,-0.0002,-0.0333,pathgraph
1265.8231,102110.5019,85479.5073,147.8150,-3.1047,-0.0003,-0.0333,pathgraph
1266.8229,102109.5028,85479.4696,147.7815,-3.1048,-0.0003,-0.0332,pathgraph
1267.8228,102108.5036,85479.4324,147.7481,-3.1048,-0.0004,-0.0331,pathgraph
1268.8226,102107.5044,85479.3964,147.7153,-3.1049,-0.0003,-0.0330,pathgraph
1269.8225,102106.5052,85479.3603,147.6825,-3.1049,-0.0002,-0.0330,pathgraph
1270.8224,102105.5060,85479.3243,147.6496,-3.1049,-0.0001,-0.0329,pathgraph
1271.8222,102104.5067,85479.2882,147.6168,-3.1049,-0.0001,-0.0328,pathgraph
1272.8221,102103.5075,85479.2522,147.5839,-3.1049,0.0000,-0.0328,pathgraph
1273.8219,102102.5083,85479.2161,147.5511,-3.1050,0.0001,-0.0327,pathgraph
1274.8218,102101.5091,85479.1801,147.5183,-3.1050,0.0002,-0.0326,pathgraph
1275.8217,102100.5099,85479.1440,147.4854,-3.1050,0.0003,-0.0325,pathgraph
1276.8215,102099.5107,85479.1080,147.4526,-3.1050,0.0003,-0.0324,pathgraph
1277.8214,102098.5115,85479.0708,147.4204,-3.1049,0.0003,-0.0323,pathgraph
1278.8212,102097.5124,85479.0332,147.3884,-3.1048,0.0003,-0.0322,pathgraph
1279.8211,102096.5132,85478.9956,147.3564,-3.1046,0.0002,-0.0321,pathgraph
1280.8210,102095.5141,85478.9579,147.3244,-3.1044,0.0002,-0.0320,pathgraph
1281.8208,102094.5149,85478.9203,147.2924,-3.1043,0.0002,-0.0319,pathgraph
1282.8207,102093.5158,85478.8827,147.2604,-3.1041,0.0001,-0.0318,pathgraph
1283.8205,102092.5166,85478.8451,147.2284,-3.1040,0.0001,-0.0318,pathgraph
1284.8204,102091.5174,85478.8075,147.1965,-3.1038,0.0000,-0.0317,pathgraph
1285.8203,102090.5183,85478.7699,147.1645,-3.1037,-0.0000,-0.0316,pathgraph
1286.8201,102089.5191,85478.7323,147.1327,-3.1036,-0.0000,-0.0314,pathgraph
1287.8200,102088.5200,85478.6946,147.1018,-3.1037,-0.0001,-0.0313,pathgraph
1288.8199,102087.5208,85478.6569,147.0709,-3.1037,-0.0001,-0.0312,pathgraph
1289.8197,102086.5217,85478.6192,147.0399,-3.1038,-0.0001,-0.0310,pathgraph
1290.8196,102085.5225,85478.5816,147.0090,-3.1039,-0.0001,-0.0309,pathgraph
1291.8194,102084.5234,85478.5439,146.9780,-3.1040,-0.0001,-0.0308,pathgraph
1292.8193,102083.5242,85478.5062,146.9471,-3.1041,-0.0001,-0.0307,pathgraph
1293.8192,102082.5251,85478.4685,146.9162,-3.1042,-0.0001,-0.0306,pathgraph
1294.8190,102081.5259,85478.4308,146.8852,-3.1043,-0.0001,-0.0305,pathgraph
1295.8189,102080.5268,85478.3931,146.8543,-3.1044,-0.0001,-0.0303,pathgraph
1296.8187,102079.5276,85478.3562,146.8243,-3.1045,-0.0001,-0.0302,pathgraph
1297.8186,102078.5284,85478.3195,146.7946,-3.1046,-0.0001,-0.0300,pathgraph
1298.8185,102077.5292,85478.2829,146.7650,-3.1046,-0.0001,-0.0299,pathgraph
1299.8183,102076.5300,85478.2462,146.7353,-3.1047,-0.0001,-0.0297,pathgraph
1300.8182,102075.5309,85478.2095,146.7056,-3.1048,-0.0001,-0.0296,pathgraph
1301.8180,102074.5317,85478.1729,146.6760,-3.1049,-0.0001,-0.0295,pathgraph
1302.8179,102073.5325,85478.1362,146.6463,-3.1050,-0.0001,-0.0293,pathgraph
1303.8178,102072.5333,85478.0995,146.6166,-3.1051,-0.0001,-0.0292,pathgraph
1304.8176,102071.5341,85478.0629,146.5870,-3.1052,-0.0000,-0.0290,pathgraph
1305.8175,102070.5349,85478.0263,146.5577,-3.1052,-0.0000,-0.0288,pathgraph
1306.8173,102069.5357,85477.9899,146.5295,-3.1052,-0.0000,-0.0286,pathgraph
1307.8172,102068.5365,85477.9536,146.5014,-3.1052,-0.0000,-0.0285,pathgraph
1308.8171,102067.5373,85477.9172,146.4732,-3.1052,0.0000,-0.0283,pathgraph
1309.8169,102066.5381,85477.8809,146.4451,-3.1052,0.0000,-0.0282,pathgraph
1310.8168,102065.5389,85477.8445,146.4169,-3.1051,0.0000,-0.0280,pathgraph
1311.8167,102064.5397,85477.8082,146.3887,-3.1051,0.0000,-0.0279,pathgraph
1312.8165,102063.5405,85477.7718,146.3606,-3.1051,0.0000,-0.0277,pathgraph
1313.8164,102062.5413,85477.7355,146.3324,-3.1051,0.0001,-0.0275,pathgraph
1314.8162,102061.5421,85477.6992,146.3043,-3.1051,0.0001,-0.0273,pathgraph
1315.8161,102060.5429,85477.6625,146.2774,-3.1050,0.0001,-0.0271,pathgraph
1316.8160,102059.5437,85477.6257,146.2510,-3.1050,0.0001,-0.0269,pathgraph
1317.8158,102058.5446,85477.5890,146.2247,-3.1049,0.0001,-0.0267,pathgraph
1318.8157,102057.5454,85477.5522,146.1983,-3.1049,0.0000,-0.0265,pathgraph
1319.8155,102056.5462,85477.5155,146.1719,-3.1049,0.0000,-0.0263,pathgraph
1320.8154,102055.5470,85477.4787,146.1455,-3.1048,0.0000,-0.0262,pathgraph
1321.8153,102054.5478,85477.4419,146.1191,-3.1048,0.0000,-0.0260,pathgraph
1322.8151,102053.5486,85477.4052,146.0927,-3.1047,0.0000,-0.0258,pathgraph
1323.8150,102052.5494,85477.3684,146.0663,-3.1047,0.0000,-0.0256,pathgraph
1324.8148,102051.5503,85477.3317,146.0404,-3.1047,0.0000,-0.0253,pathgraph
1325.8147,102050.5511,85477.2948,146.0160,-3.1047,0.0000,-0.0250,pathgraph
1326.8146,102049.5519,85477.2580,145.9916,-3.1048,-0.0000,-0.0248,pathgraph
1327.8144,102048.5527,85477.2212,145.9672,-3.1048,-0.0000,-0.0246,pathgraph
1328.8143,102047.5535,85477.1844,145.9428,-3.1048,-0.0000,-0.0244,pathgraph
1329.8141,102046.5543,85477.1476,145.9185,-3.1049,-0.0000,-0.0242,pathgraph
1330.8140,102045.5552,85477.1108,145.8941,-3.1049,-0.0001,-0.0240,pathgraph
1331.8139,102044.5560,85477.0740,145.8697,-3.1050,-0.0001,-0.0238,pathgraph
1332.8137,102043.5568,85477.0371,145.8453,-3.1050,-0.0001,-0.0236,pathgraph
1333.8136,102042.5576,85477.0003,145.8209,-3.1050,-0.0001,-0.0233,pathgraph
1334.8135,102041.5584,85476.9638,145.7982,-3.1050,-0.0001,-0.0230,pathgraph
1335.8133,102040.5592,85476.9274,145.7760,-3.1050,-0.0001,-0.0228,pathgraph
1336.8132,102039.5600,85476.8910,145.7538,-3.1050,-0.0000,-0.0226,pathgraph
1337.8130,102038.5608,85476.8546,145.7317,-3.1050,-0.0000,-0.0223,pathgraph
1338.8129,102037.5616,85476.8182,145.7095,-3.1050,0.0000,-0.0221,pathgraph
1339.8128,102036.5624,85476.7819,145.6873,-3.1050,0.0000,-0.0219,pathgraph
1340.8126,102035.5632,85476.7455,145.6651,-3.1050,0.0000,-0.0217,pathgraph
1341.8125,102034.5640,85476.7091,145.6430,-3.1050,0.0001,-0.0215,pathgraph
1342.8123,102033.5648,85476.6727,145.6208,-3.1050,0.0001,-0.0212,pathgraph
1343.8122,102032.5656,85476.6362,145.5992,-3.1050,0.0001,-0.0209,pathgraph
1344.8121,102031.5665,85476.5994,145.5795,-3.1050,0.0001,-0.0206,pathgraph
1345.8119,102030.5673,85476.5627,145.5597,-3.1050,0.0001,-0.0203,pathgraph
1346.8118,102029.5681,85476.5260,145.5399,-3.1050,0.0000,-0.0201,pathgraph
1347.8116,102028.5689,85476.4892,145.5201,-3.1050,0.0000,-0.0199,pathgraph
1348.8115,102027.5697,85476.4525,145.5004,-3.1050,-0.0000,-0.0196,pathgraph
1349.8114,102026.5705,85476.4157,145.4806,-3.1050,-0.0000,-0.0194,pathgraph
1350.8112,102025.5713,85476.3790,145.4608,-3.1050,-0.0000,-0.0191,pathgraph
1351.8111,102024.5722,85476.3422,145.4411,-3.1050,-0.0001,-0.0189,pathgraph
1352.8109,102023.5730,85476.3055,145.4213,-3.1049,-0.0001,-0.0186,pathgraph
1353.8108,102022.5738,85476.2689,145.4034,-3.1050,-0.0001,-0.0182,pathgraph
1354.8107,102021.5746,85476.2323,145.3862,-3.1050,-0.0001,-0.0180,pathgraph
1355.8105,102020.5754,85476.1958,145.3689,-3.1051,-0.0001,-0.0177,pathgraph
1356.8104,102019.5762,85476.1593,145.3517,-3.1051,-0.0000,-0.0175,pathgraph
1357.8102,102018.5770,85476.1227,145.3345,-3.1050,0.0000,-0.0172,pathgraph
1358.8101,102017.5778,85476.0862,145.3173,-3.1049,0.0001,-0.0170,pathgraph
1359.8100,102016.5786,85476.0496,145.3000,-3.1049,0.0001,-0.0167,pathgraph
1360.8098,102015.5794,85476.0131,145.2828,-3.1048,0.0001,-0.0165,pathgraph
1361.8097,102014.5802,85475.9765,145.2656,-3.1047,0.0002,-0.0162,pathgraph
1362.8096,102013.5811,85475.9398,145.2489,-3.1047,0.0002,-0.0158,pathgraph
1363.8094,102012.5819,85475.9026,145.2343,-3.1047,0.0001,-0.0155,pathgraph
1364.8093,102011.5827,85475.8653,145.2197,-3.1046,0.0001,-0.0152,pathgraph
1365.8091,102010.5836,85475.8280,145.2051,-3.1046,0.0001,-0.0150,pathgraph
1366.8090,102009.5844,85475.7908,145.1905,-3.1046,0.0000,-0.0148,pathgraph
1367.8089,102008.5852,85475.7535,145.1758,-3.1046,0.0000,-0.0145,pathgraph
1368.8087,102007.5861,85475.7163,145.1612,-3.1046,-0.0000,-0.0143,pathgraph
1369.8086,102006.5869,85475.6790,145.1466,-3.1045,-0.0001,-0.0140,pathgraph
1370.8084,102005.5877,85475.6418,145.1320,-3.1045,-0.0001,-0.0137,pathgraph
1371.8083,102004.5886,85475.6045,145.1173,-3.1045,-0.0001,-0.0134,pathgraph
1372.8082,102003.5894,85475.5675,145.1046,-3.1045,-0.0001,-0.0131,pathgraph
1373.8080,102002.5902,85475.5306,145.0926,-3.1045,-0.0001,-0.0128,pathgraph
1374.8079,102001.5910,85475.4937,145.0806,-3.1044,-0.0000,-0.0125,pathgraph
1375.8077,102000.5918,85475.4568,145.0686,-3.1044,-0.0000,-0.0123,pathgraph
1376.8076,101999.5927,85475.4199,145.0566,-3.1044,0.0000,-0.0120,pathgraph
1377.8075,101998.5935,85475.3830,145.0446,-3.1044,0.0001,-0.0118,pathgraph
1378.8073,101997.5943,85475.3461,145.0326,-3.1043,0.0001,-0.0115,pathgraph
1379.8072,101996.5951,85475.3092,145.0206,-3.1043,0.0001,-0.0113,pathgraph
1380.8070,101995.5959,85475.2723,145.0086,-3.1043,0.0002,-0.0110,pathgraph
1381.8069,101994.5968,85475.2350,144.9972,-3.1042,0.0002,-0.0107,pathgraph
1382.8068,101993.5976,85475.1967,144.9877,-3.1040,0.0002,-0.0103,pathgraph
1383.8066,101992.5985,85475.1584,144.9782,-3.1038,0.0002,-0.0101,pathgraph
1384.8065,101991.5994,85475.1201,144.9688,-3.1036,0.0002,-0.0099,pathgraph
1385.8064,101990.6003,85475.0818,144.9593,-3.1033,0.0002,-0.0096,pathgraph
1386.8062,101989.6011,85475.0435,144.9498,-3.1031,0.0002,-0.0094,pathgraph
1387.8061,101988.6020,85475.0052,144.9404,-3.1029,0.0002,-0.0091,pathgraph
1388.8059,101987.6029,85474.9669,144.9309,-3.1027,0.0002,-0.0089,pathgraph
1389.8058,101986.6038,85474.9285,144.9214,-3.1025,0.0002,-0.0087,pathgraph
1390.8057,101985.6046,85474.8902,144.9120,-3.1022,0.0002,-0.0084,pathgraph
1391.8055,101984.6056,85474.8504,144.9043,-3.1020,0.0002,-0.0081,pathgraph
1392.8054,101983.6065,85474.8099,144.8973,-3.1018,0.0002,-0.0078,pathgraph
1393.8052,101982.6075,85474.7695,144.8902,-3.1016,0.0002,-0.0076,pathgraph
1394.8051,101981.6084,85474.7291,144.8832,-3.1014,0.0002,-0.0074,pathgraph
1395.8050,101980.6094,85474.6886,144.8761,-3.1012,0.0002,-0.0072,pathgraph
1396.8048,101979.6104,85474.6482,144.8691,-3.1010,0.0002,-0.0069,pathgraph
1397.8047,101978.6113,85474.6077,144.8621,-3.1008,0.0002,-0.0067,pathgraph
1398.8045,101977.6123,85474.5673,144.8550,-3.1006,0.0002,-0.0064,pathgraph
1399.8044,101976.6132,85474.5269,144.8480,-3.1004,0.0002,-0.0061,pathgraph
1400.8043,101975.6142,85474.4856,144.8414,-3.1000,0.0002,-0.0059,pathgraph
1401.8041,101974.6153,85474.4416,144.8363,-3.0989,0.0003,-0.0056,pathgraph
1402.8040,101973.6164,85474.3976,144.8313,-3.0978,0.0003,-0.0054,pathgraph
1403.8038,101972.6175,85474.3536,144.8262,-3.0968,0.0004,-0.0052,pathgraph
1404.8037,101971.6187,85474.3096,144.8212,-3.0957,0.0005,-0.0050,pathgraph
1405.8036,101970.6198,85474.2656,144.8161,-3.0946,0.0006,-0.0048,pathgraph
1406.8034,101969.6209,85474.2216,144.8110,-3.0936,0.0006,-0.0046,pathgraph
1407.8033,101968.6220,85474.1764,144.8063,-3.0926,0.0006,-0.0044,pathgraph
1408.8031,101967.6234,85474.1274,144.8027,-3.0922,0.0007,-0.0041,pathgraph
1409.8030,101966.6247,85474.0784,144.7991,-3.0917,0.0009,-0.0039,pathgraph
1410.8029,101965.6261,85474.0294,144.7955,-3.0913,0.0011,-0.0036,pathgraph
1411.8027,101964.6274,85473.9803,144.7919,-3.0909,0.0012,-0.0034,pathgraph
1412.8026,101963.6287,85473.9313,144.7882,-3.0905,0.0014,-0.0032,pathgraph
1413.8024,101962.6302,85473.8808,144.7849,-3.0898,0.0015,-0.0030,pathgraph
1414.8023,101961.6318,85473.8255,144.7824,-3.0882,0.0016,-0.0028,pathgraph
1415.8022,101960.6335,85473.7701,144.7800,-3.0866,0.0016,-0.0026,pathgraph
1416.8020,101959.6352,85473.7148,144.7775,-3.0850,0.0017,-0.0024,pathgraph
1417.8019,101958.6368,85473.6594,144.7750,-3.0834,0.0017,-0.0022,pathgraph
1418.8017,101957.6386,85473.6023,144.7728,-3.0817,0.0017,-0.0020,pathgraph
1419.8016,101956.6408,85473.5391,144.7712,-3.0797,0.0019,-0.0018,pathgraph
1420.8015,101955.6429,85473.4759,144.7696,-3.0777,0.0020,-0.0016,pathgraph
1421.8013,101954.6450,85473.4127,144.7680,-3.0758,0.0021,-0.0014,pathgraph
1422.8012,101953.6473,85473.3475,144.7666,-3.0737,0.0022,-0.0012,pathgraph
1423.8010,101952.6500,85473.2758,144.7658,-3.0715,0.0022,-0.0010,pathgraph
1424.8009,101951.6527,85473.2040,144.7650,-3.0692,0.0023,-0.0008,pathgraph
1425.8008,101950.6555,85473.1323,144.7641,-3.0670,0.0023,-0.0007,pathgraph
1426.8006,101949.6583,85473.0585,144.7634,-3.0647,0.0023,-0.0005,pathgraph
1427.8005,101948.6617,85472.9778,144.7633,-3.0626,0.0022,-0.0003,pathgraph
1428.8003,101947.6651,85472.8971,144.7632,-3.0604,0.0022,-0.0001,pathgraph
1429.8002,101946.6685,85472.8164,144.7631,-3.0582,0.0021,0.0000,pathgraph
1430.8001,101945.6721,85472.7336,144.7631,-3.0560,0.0021,0.0002,pathgraph
1431.7999,101944.6763,85472.6441,144.7636,-3.0541,0.0020,0.0004,pathgraph
1432.7998,101943.6804,85472.5546,144.7642,-3.0521,0.0019,0.0005,pathgraph
1433.7996,101942.6846,85472.4651,144.7648,-3.0502,0.0019,0.0007,pathgraph
1434.7995,101941.6887,85472.3757,144.7654,-3.0482,0.0018,0.0008,pathgraph
1435.7994,101940.6934,85472.2801,144.7664,-3.0464,0.0018,0.0010,pathgraph
1436.7992,101939.6984,85472.1822,144.7677,-3.0445,0.0018,0.0011,pathgraph
1437.7991,101938.7033,85472.0844,144.7690,-3.0427,0.0018,0.0013,pathgraph
1438.7989,101937.7083,85471.9866,144.7702,-3.0408,0.0019,0.0014,pathgraph
1439.7988,101936.7134,85471.8869,144.7716,-3.0390,0.0019,0.0016,pathgraph
1440.7986,101935.7191,85471.7810,144.7735,-3.0370,0.0020,0.0017,pathgraph
1441.7985,101934.7249,85471.6751,144.7754,-3.0350,0.0020,0.0019,pathgraph
1442.7984,101933.7307,85471.5693,144.7772,-3.0330,0.0021,0.0020,pathgraph
1443.7982,101932.7366,85471.4615,144.7792,-3.0309,0.0021,0.0021,pathgraph
1444.7981,101931.7433,85471.3473,144.7817,-3.0288,0.0021,0.0023,pathgraph
1445.7979,101930.7500,85471.2332,144.7841,-3.0267,0.0021,0.0024,pathgraph
1446.7978,101929.7567,85471.1190,144.7865,-3.0246,0.0021,0.0025,pathgraph
1447.7977,101928.7636,85471.0030,144.7890,-3.0225,0.0021,0.0026,pathgraph
1448.7975,101927.7712,85470.8805,144.7919,-3.0204,0.0021,0.0028,pathgraph
1449.7974,101926.7789,85470.7580,144.7948,-3.0183,0.0021,0.0029,pathgraph
1450.7972,101925.7866,85470.6355,144.7978,-3.0163,0.0020,0.0030,pathgraph
1451.7971,101924.7944,85470.5115,144.8008,-3.0142,0.0020,0.0031,pathgraph
1452.7970,101923.8029,85470.3827,144.8041,-3.0122,0.0020,0.0032,pathgraph
1453.7968,101922.8114,85470.2539,144.8075,-3.0102,0.0020,0.0034,pathgraph
1454.7967,101921.8204,85470.1212,144.8109,-3.0081,0.0020,0.0035,pathgraph
1455.7965,101920.8296,85469.9870,144.8144,-3.0061,0.0020,0.0036,pathgraph
1456.7964,101919.8393,85469.8484,144.8182,-3.0041,0.0020,0.0037,pathgraph
1457.7963,101918.8491,85469.7098,144.8220,-3.0021,0.0020,0.0038,pathgraph
1458.7961,101917.8589,85469.5712,144.8258,-3.0001,0.0020,0.0039,pathgraph
1459.7960,101916.8690,85469.4308,144.8297,-2.9980,0.0020,0.0040,pathgraph
1460.7958,101915.8800,85469.2841,144.8339,-2.9959,0.0021,0.0041,pathgraph
1461.7957,101914.8909,85469.1373,144.8381,-2.9937,0.0022,0.0042,pathgraph
1462.7956,101913.9019,85468.9906,144.8423,-2.9916,0.0022,0.0043,pathgraph
1463.7954,101912.9132,85468.8419,144.8466,-2.9894,0.0023,0.0044,pathgraph
1464.7953,101911.9255,85468.6863,144.8511,-2.9872,0.0023,0.0044,pathgraph
1465.7951,101910.9378,85468.5308,144.8557,-2.9849,0.0023,0.0045,pathgraph
1466.7950,101909.9501,85468.3752,144.8602,-2.9826,0.0022,0.0046,pathgraph
1467.7949,101908.9627,85468.2178,144.8649,-2.9804,0.0022,0.0047,pathgraph
1468.7947,101907.9764,85468.0535,144.8697,-2.9783,0.0022,0.0048,pathgraph
1469.7946,101906.9902,85467.8892,144.8746,-2.9762,0.0021,0.0049,pathgraph
1470.7944,101906.0039,85467.7250,144.8795,-2.9740,0.0021,0.0049,pathgraph
1471.7943,101905.0179,85467.5588,144.8844,-2.9719,0.0020,0.0050,pathgraph
1472.7942,101904.0331,85467.3860,144.8896,-2.9700,0.0020,0.0051,pathgraph
1473.7940,101903.0483,85467.2133,144.8948,-2.9680,0.0020,0.0051,pathgraph
1474.7939,101902.0635,85467.0405,144.9000,-2.9661,0.0019,0.0052,pathgraph
1475.7937,101901.0786,85466.8678,144.9052,-2.9641,0.0019,0.0053,pathgraph
1476.7936,101900.0949,85466.6890,144.9106,-2.9623,0.0019,0.0053,pathgraph
1477.7934,101899.1116,85466.5079,144.9160,-2.9605,0.0018,0.0054,pathgraph
1478.7933,101898.1282,85466.3269,144.9215,-2.9587,0.0018,0.0055,pathgraph
1479.7932,101897.1449,85466.1458,144.9270,-2.9569,0.0017,0.0055,pathgraph
1480.7930,101896.1619,85465.9630,144.9325,-2.9551,0.0017,0.0056,pathgraph
1481.7929,101895.1800,85465.7743,144.9382,-2.9535,0.0017,0.0056,pathgraph
1482.7927,101894.1981,85465.5857,144.9439,-2.9518,0.0017,0.0057,pathgraph
1483.7926,101893.2162,85465.3970,144.9496,-2.9502,0.0016,0.0057,pathgraph
1484.7925,101892.2343,85465.2083,144.9553,-2.9485,0.0016,0.0058,pathgraph
1485.7923,101891.2535,85465.0142,144.9612,-2.9469,0.0016,0.0058,pathgraph
1486.7922,101890.2731,85464.8179,144.9671,-2.9453,0.0016,0.0058,pathgraph
1487.7920,101889.2927,85464.6217,144.9730,-2.9437,0.0016,0.0059,pathgraph
1488.7919,101888.3123,85464.4255,144.9789,-2.9421,0.0016,0.0059,pathgraph
1489.7918,101887.3318,85464.2292,144.9848,-2.9405,0.0016,0.0060,pathgraph
1490.7916,101886.3526,85464.0275,144.9909,-2.9388,0.0017,0.0060,pathgraph
1491.7915,101885.3737,85463.8235,144.9969,-2.9370,0.0017,0.0060,pathgraph
1492.7913,101884.3949,85463.6196,145.0030,-2.9353,0.0017,0.0061,pathgraph
1493.7912,101883.4160,85463.4157,145.0091,-2.9336,0.0018,0.0061,pathgraph
1494.7911,101882.4375,85463.2101,145.0152,-2.9319,0.0018,0.0061,pathgraph
1495.7909,101881.4604,85462.9983,145.0214,-2.9300,0.0018,0.0061,pathgraph
1496.7908,101880.4832,85462.7865,145.0276,-2.9282,0.0018,0.0062,pathgraph
1497.7906,101879.5060,85462.5747,145.0338,-2.9264,0.0019,0.0062,pathgraph
1498.7905,101878.5288,85462.3629,145.0400,-2.9245,0.0019,0.0062,pathgraph
1499.7904,101877.5530,85462.1453,145.0462,-2.9227,0.0019,0.0062,pathgraph
1500.7902,101876.5776,85461.9254,145.0525,-2.9208,0.0018,0.0062,pathgraph
1501.7901,101875.6022,85461.7055,145.0588,-2.9190,0.0018,0.0062,pathgraph
1502.7899,101874.6268,85461.4856,145.0650,-2.9172,0.0018,0.0063,pathgraph
1503.7898,101873.6518,85461.2639,145.0713,-2.9153,0.0018,0.0063,pathgraph
1504.7897,101872.6783,85461.0361,145.0776,-2.9136,0.0018,0.0063,pathgraph
1505.7895,101871.7047,85460.8084,145.0840,-2.9119,0.0017,0.0063,pathgraph
1506.7894,101870.7311,85460.5806,145.0903,-2.9102,0.0017,0.0063,pathgraph
1507.7892,101869.7576,85460.3528,145.0966,-2.9084,0.0016,0.0063,pathgraph
1508.7891,101868.7853,85460.1197,145.1029,-2.9069,0.0016,0.0063,pathgraph
1509.7890,101867.8135,85459.8844,145.1092,-2.9053,0.0016,0.0063,pathgraph
1510.7888,101866.8417,85459.6491,145.1156,-2.9038,0.0015,0.0063,pathgraph
1511.7887,101865.8699,85459.4138,145.1219,-2.9023,0.0015,0.0063,pathgraph
1512.7885,101864.8981,85459.1785,145.1282,-2.9007,0.0014,0.0063,pathgraph
1513.7884,101863.9276,85458.9382,145.1345,-2.8996,0.0013,0.0063,pathgraph
1514.7883,101862.9575,85458.6960,145.1408,-2.8986,0.0012,0.0063,pathgraph
1515.7881,101861.9875,85458.4537,145.1471,-2.8976,0.0010,0.0063,pathgraph
1516.7880,101861.0174,85458.2114,145.1534,-2.8966,0.0009,0.0063,pathgraph
1517.7878,101860.0473,85457.9691,145.1597,-2.8956,0.0008,0.0063,pathgraph
1518.7877,101859.0773,85457.7268,145.1660,-2.8945,0.0006,0.0062,pathgraph
1519.7876,101858.1078,85457.4821,145.1722,-2.8943,0.0005,0.0062,pathgraph
1520.7874,101857.1386,85457.2365,145.1784,-2.8943,0.0004,0.0062,pathgraph
1521.7873,101856.1694,85456.9908,145.1846,-2.8943,0.0002,0.0062,pathgraph
1522.7871,101855.2002,85456.7452,145.1908,-2.8943,0.0001,0.0062,pathgraph
1523.7870,101854.2310,85456.4995,145.1970,-2.8943,0.0000,0.0062,pathgraph
1524.7869,101853.2618,85456.2538,145.2032,-2.8943,-0.0001,0.0061,pathgraph
1525.7867,101852.2925,85456.0082,145.2093,-2.8943,-0.0002,0.0061,pathgraph
1526.7866,101851.3233,85455.7625,145.2155,-2.8943,-0.0004,0.0061,pathgraph
1527.7864,101850.3541,85455.5169,145.2217,-2.8943,-0.0005,0.0061,pathgraph
1528.7863,101849.3848,85455.2717,145.2278,-2.8943,-0.0006,0.0061,pathgraph
1529.7862,101848.4149,85455.0285,145.2338,-2.8945,-0.0005,0.0060,pathgraph
1530.7860,101847.4451,85454.7853,145.2397,-2.8948,-0.0004,0.0060,pathgraph
1531.7859,101846.4753,85454.5421,145.2457,-2.8950,-0.0003,0.0060,pathgraph
1532.7857,101845.5055,85454.2989,145.2516,-2.8952,-0.0002,0.0059,pathgraph
1533.7856,101844.5356,85454.0557,145.2576,-2.8954,-0.0002,0.0059,pathgraph
1534.7855,101843.5658,85453.8125,145.2635,-2.8956,-0.0001,0.0059,pathgraph
1535.7853,101842.5960,85453.5692,145.2695,-2.8958,-0.0000,0.0059,pathgraph
1536.7852,101841.6261,85453.3260,145.2754,-2.8960,0.0001,0.0058,pathgraph
1537.7850,101840.6563,85453.0828,145.2814,-2.8962,0.0001,0.0058,pathgraph
1538.7849,101839.6865,85452.8396,145.2871,-2.8962,0.0001,0.0058,pathgraph
1539.7848,101838.7166,85452.5965,145.2927,-2.8962,0.0001,0.0057,pathgraph
1540.7846,101837.7468,85452.3533,145.2984,-2.8961,0.0001,0.0057,pathgraph
1541.7845,101836.7769,85452.1101,145.3040,-2.8961,0.0001,0.0057,pathgraph
1542.7844,101835.8071,85451.8670,145.3096,-2.8960,0.0000,0.0056,pathgraph
1543.7842,101834.8373,85451.6238,145.3153,-2.8960,-0.0000,0.0056,pathgraph
1544.7841,101833.8674,85451.3806,145.3209,-2.8959,-0.0000,0.0056,pathgraph
1545.7839,101832.8976,85451.1375,145.3266,-2.8959,-0.0000,0.0055,pathgraph
1546.7838,101831.9277,85450.8943,145.3322,-2.8959,0.0000,0.0055,pathgraph
1547.7837,101830.9579,85450.6512,145.3377,-2.8959,0.0000,0.0054,pathgraph
1548.7835,101829.9881,85450.4079,145.3430,-2.8959,0.0000,0.0054,pathgraph
1549.7834,101829.0182,85450.1647,145.3482,-2.8960,0.0000,0.0053,pathgraph
1550.7832,101828.0484,85449.9215,145.3535,-2.8960,-0.0000,0.0053,pathgraph
1551.7831,101827.0786,85449.6783,145.3587,-2.8960,-0.0000,0.0053,pathgraph
1552.7830,101826.1088,85449.4350,145.3640,-2.8960,-0.0000,0.0052,pathgraph
1553.7828,101825.1389,85449.1918,145.3693,-2.8960,-0.0000,0.0052,pathgraph
1554.7827,101824.1691,85448.9486,145.3745,-2.8960,-0.0001,0.0051,pathgraph
1555.7825,101823.1993,85448.7054,145.3798,-2.8961,-0.0001,0.0051,pathgraph
1556.7824,101822.2294,85448.4622,145.3850,-2.8961,-0.0001,0.0050,pathgraph
1557.7823,101821.2596,85448.2192,145.3899,-2.8961,-0.0001,0.0050,pathgraph
1558.7821,101820.2896,85447.9764,145.3948,-2.8961,-0.0001,0.0049,pathgraph
1559.7820,101819.3197,85447.7335,145.3996,-2.8961,-0.0000,0.0049,pathgraph
1560.7818,101818.3498,85447.4907,145.4044,-2.8961,-0.0000,0.0048,pathgraph
1561.7817,101817.3799,85447.2479,145.4092,-2.8961,-0.0000,0.0048,pathgraph
1562.7816,101816.4099,85447.0050,145.4140,-2.8961,0.0000,0.0047,pathgraph
1563.7814,101815.4400,85446.7622,145.4188,-2.8961,0.0000,0.0047,pathgraph
1564.7813,101814.4701,85446.5194,145.4236,-2.8961,0.0000,0.0047,pathgraph
1565.7812,101813.5002,85446.2765,145.4284,-2.8962,0.0001,0.0046,pathgraph
1566.7810,101812.5303,85446.0336,145.4331,-2.8961,0.0001,0.0045,pathgraph
1567.7809,101811.5605,85445.7903,145.4374,-2.8961,0.0001,0.0045,pathgraph
1568.7807,101810.5906,85445.5470,145.4417,-2.8960,0.0001,0.0044,pathgraph
1569.7806,101809.6208,85445.3037,145.4460,-2.8959,0.0001,0.0044,pathgraph
1570.7805,101808.6510,85445.0605,145.4503,-2.8959,0.0001,0.0043,pathgraph
1571.7803,101807.6812,85444.8172,145.4546,-2.8958,0.0001,0.0043,pathgraph
1572.7802,101806.7114,85444.5739,145.4589,-2.8957,0.0001,0.0042,pathgraph
1573.7800,101805.7416,85444.3306,145.4632,-2.8956,0.0001,0.0042,pathgraph
1574.7799,101804.7718,85444.0873,145.4675,-2.8956,0.0001,0.0041,pathgraph
1575.7798,101803.8020,85443.8440,145.4718,-2.8955,0.0001,0.0040,pathgraph
1576.7796,101802.8322,85443.6004,145.4757,-2.8955,0.0001,0.0040,pathgraph
1577.7795,101801.8625,85443.3567,145.4794,-2.8955,0.0000,0.0039,pathgraph
1578.7793,101800.8928,85443.1130,145.4831,-2.8954,0.0000,0.0038,pathgraph
1579.7792,101799.9231,85442.8692,145.4868,-2.8954,0.0000,0.0038,pathgraph
1580.7791,101798.9534,85442.6255,145.4906,-2.8954,0.0000,0.0037,pathgraph
1581.7789,101797.9837,85442.3817,145.4943,-2.8954,0.0000,0.0037,pathgraph
1582.7788,101797.0140,85442.1380,145.4980,-2.8954,-0.0000,0.0036,pathgraph
1583.7786,101796.0443,85441.8943,145.5018,-2.8954,-0.0000,0.0035,pathgraph
1584.7785,101795.0747,85441.6505,145.5055,-2.8954,-0.0000,0.0035,pathgraph
1585.7784,101794.1050,85441.4068,145.5091,-2.8953,-0.0000,0.0034,pathgraph
1586.7782,101793.1353,85441.1630,145.5122,-2.8953,-0.0000,0.0033,pathgraph
1587.7781,101792.1656,85440.9193,145.5153,-2.8953,-0.0000,0.0033,pathgraph
1588.7779,101791.1958,85440.6756,145.5184,-2.8953,-0.0000,0.0032,pathgraph
1589.7778,101790.2261,85440.4319,145.5215,-2.8953,0.0000,0.0031,pathgraph
1590.7777,101789.2564,85440.1881,145.5246,-2.8953,0.0000,0.0031,pathgraph
1591.7775,101788.2867,85439.9444,145.5277,-2.8953,0.0000,0.0030,pathgraph
1592.7774,101787.3170,85439.7007,145.5308,-2.8952,0.0000,0.0029,pathgraph
1593.7773,101786.3473,85439.4570,145.5339,-2.8952,0.0000,0.0029,pathgraph
1594.7771,101785.3776,85439.2132,145.5370,-2.8952,0.0001,0.0028,pathgraph
1595.7770,101784.4080,85438.9693,145.5397,-2.8952,0.0001,0.0027,pathgraph
1596.7768,101783.4384,85438.7253,145.5421,-2.8952,0.0000,0.0026,pathgraph
1597.7767,101782.4687,85438.4813,145.5446,-2.8952,0.0000,0.0026,pathgraph
1598.7766,101781.4991,85438.2372,145.5470,-2.8951,0.0000,0.0025,pathgraph
1599.7764,101780.5295,85437.9932,145.5494,-2.8951,0.0000,0.0024,pathgraph
1600.7763,101779.5599,85437.7492,145.5519,-2.8951,0.0000,0.0024,pathgraph
1601.7761,101778.5902,85437.5052,145.5543,-2.8951,0.0000,0.0023,pathgraph
1602.7760,101777.6206,85437.2611,145.5568,-2.8950,-0.0000,0.0022,pathgraph
1603.7759,101776.6510,85437.0171,145.5592,-2.8950,-0.0000,0.0022,pathgraph
1604.7757,101775.6814,85436.7731,145.5615,-2.8950,-0.0000,0.0021,pathgraph
1605.7756,101774.7117,85436.5291,145.5633,-2.8950,-0.0000,0.0020,pathgraph
1606.7754,101773.7421,85436.2850,145.5650,-2.8950,-0.0000,0.0019,pathgraph
1607.7753,101772.7725,85436.0410,145.5668,-2.8950,-0.0000,0.0019,pathgraph
1608.7752,101771.8029,85435.7970,145.5686,-2.8950,-0.0000,0.0018,pathgraph
1609.7750,101770.8333,85435.5529,145.5703,-2.8950,0.0000,0.0017,pathgraph
1610.7749,101769.8636,85435.3089,145.5721,-2.8950,0.0000,0.0017,pathgraph
1611.7747,101768.8940,85435.0648,145.5738,-2.8950,0.0000,0.0016,pathgraph
1612.7746,101767.9244,85434.8208,145.5756,-2.8950,0.0000,0.0015,pathgraph
1613.7745,101766.9548,85434.5768,145.5773,-2.8950,0.0000,0.0014,pathgraph
1614.7743,101765.9851,85434.3328,145.5786,-2.8950,0.0000,0.0013,pathgraph
1615.7742,101765.0155,85434.0888,145.5797,-2.8951,0.0000,0.0013,pathgraph
1616.7741,101764.0459,85433.8447,145.5807,-2.8951,-0.0000,0.0012,pathgraph
1617.7739,101763.0762,85433.6007,145.5818,-2.8951,-0.0000,0.0011,pathgraph
1618.7738,101762.1066,85433.3567,145.5829,-2.8951,-0.0000,0.0011,pathgraph
1619.7736,101761.1370,85433.1127,145.5839,-2.8952,-0.0000,0.0010,pathgraph
1620.7735,101760.1674,85432.8687,145.5850,-2.8952,-0.0000,0.0009,pathgraph
1621.7734,101759.1977,85432.6247,145.5861,-2.8952,-0.0001,0.0009,pathgraph
1622.7732,101758.2281,85432.3807,145.5871,-2.8953,-0.0001,0.0008,pathgraph
1623.7731,101757.2585,85432.1367,145.5881,-2.8953,-0.0001,0.0007,pathgraph
1624.7729,101756.2888,85431.8929,145.5884,-2.8952,-0.0000,0.0006,pathgraph
1625.7728,101755.3191,85431.6491,145.5888,-2.8952,-0.0000,0.0005,pathgraph
1626.7727,101754.3494,85431.4054,145.5892,-2.8952,-0.0000,0.0005,pathgraph
1627.7725,101753.3797,85431.1616,145.5896,-2.8951,0.0000,0.0004,pathgraph
1628.7724,101752.4100,85430.9178,145.5900,-2.8951,0.0000,0.0004,pathgraph
1629.7722,101751.4404,85430.6740,145.5903,-2.8951,0.0001,0.0003,pathgraph
1630.7721,101750.4707,85430.4302,145.5907,-2.8950,0.0001,0.0002,pathgraph
1631.7720,101749.5010,85430.1864,145.5911,-2.8950,0.0001,0.0002,pathgraph
1632.7718,101748.5313,85429.9426,145.5915,-2.8949,0.0001,0.0001,pathgraph
1633.7717,101747.5617,85429.6985,145.5914,-2.8949,0.0001,-0.0000,pathgraph
1634.7715,101746.5921,85429.4542,145.5911,-2.8949,0.0001,-0.0001,pathgraph
1635.7714,101745.6226,85429.2099,145.5908,-2.8948,0.0000,-0.0001,pathgraph
1636.7713,101744.6530,85428.9656,145.5905,-2.8948,-0.0000,-0.0002,pathgraph
1637.7711,101743.6835,85428.7213,145.5903,-2.8947,-0.0000,-0.0003,pathgraph
1638.7710,101742.7139,85428.4770,145.5900,-2.8947,-0.0000,-0.0003,pathgraph
1639.7709,101741.7443,85428.2327,145.5897,-2.8947,0.0000,-0.0004,pathgraph
1640.7707,101740.7748,85427.9884,145.5894,-2.8947,0.0000,-0.0005,pathgraph
1641.7706,101739.8052,85427.7442,145.5891,-2.8947,0.0001,-0.0005,pathgraph
1642.7704,101738.8357,85427.4998,145.5887,-2.8946,0.0001,-0.0006,pathgraph
1643.7703,101737.8662,85427.2552,145.5878,-2.8946,0.0001,-0.0007,pathgraph
1644.7702,101736.8967,85427.0106,145.5869,-2.8946,0.0001,-0.0008,pathgraph
1645.7700,101735.9273,85426.7659,145.5860,-2.8946,0.0000,-0.0008,pathgraph
1646.7699,101734.9578,85426.5213,145.5850,-2.8946,0.0000,-0.0009,pathgraph
1647.7697,101733.9883,85426.2767,145.5841,-2.8945,0.0000,-0.0009,pathgraph
1648.7696,101733.0188,85426.0321,145.5832,-2.8945,0.0000,-0.0010,pathgraph
1649.7695,101732.0494,85425.7874,145.5823,-2.8945,-0.0000,-0.0010,pathgraph
1650.7693,101731.0799,85425.5428,145.5814,-2.8945,-0.0000,-0.0011,pathgraph
1651.7692,101730.1104,85425.2982,145.5805,-2.8944,-0.0000,-0.0012,pathgraph
1652.7690,101729.1409,85425.0537,145.5791,-2.8945,-0.0000,-0.0013,pathgraph
1653.7689,101728.1714,85424.8093,145.5776,-2.8945,-0.0000,-0.0013,pathgraph
1654.7688,101727.2019,85424.5649,145.5761,-2.8945,-0.0000,-0.0014,pathgraph
1655.7686,101726.2323,85424.3204,145.5746,-2.8946,-0.0000,-0.0014,pathgraph
1656.7685,101725.2628,85424.0760,145.5731,-2.8946,-0.0000,-0.0015,pathgraph
1657.7683,101724.2933,85423.8316,145.5716,-2.8947,-0.0000,-0.0015,pathgraph
1658.7682,101723.3238,85423.5872,145.5701,-2.8947,-0.0000,-0.0016,pathgraph
1659.7681,101722.3542,85423.3427,145.5686,-2.8947,-0.0000,-0.0016,pathgraph
1660.7679,101721.3847,85423.0983,145.5671,-2.8948,-0.0000,-0.0017,pathgraph
1661.7678,101720.4152,85422.8539,145.5655,-2.8948,-0.0000,-0.0018,pathgraph
1662.7676,101719.4456,85422.6098,145.5635,-2.8948,-0.0000,-0.0018,pathgraph
1663.7675,101718.4760,85422.3656,145.5615,-2.8948,-0.0000,-0.0019,pathgraph
1664.7674,101717.5064,85422.1214,145.5594,-2.8948,-0.0000,-0.0019,pathgraph
1665.7672,101716.5368,85421.8773,145.5574,-2.8949,-0.0000,-0.0020,pathgraph
1666.7671,101715.5672,85421.6331,145.5553,-2.8949,-0.0000,-0.0020,pathgraph
1667.7670,101714.5976,85421.3889,145.5533,-2.8949,-0.0000,-0.0021,pathgraph
1668.7668,101713.6280,85421.1448,145.5513,-2.8949,0.0000,-0.0021,pathgraph
1669.7667,101712.6585,85420.9006,145.5492,-2.8949,0.0000,-0.0022,pathgraph
1670.7665,101711.6889,85420.6564,145.5472,-2.8949,0.0000,-0.0022,pathgraph
1671.7664,101710.7192,85420.4124,145.5448,-2.8950,0.0000,-0.0023,pathgraph
1672.7663,101709.7496,85420.1685,145.5423,-2.8950,-0.0000,-0.0024,pathgraph
1673.7661,101708.7799,85419.9245,145.5398,-2.8951,-0.0000,-0.0024,pathgraph
1674.7660,101707.8103,85419.6806,145.5373,-2.8952,-0.0001,-0.0025,pathgraph
1675.7658,101706.8407,85419.4366,145.5348,-2.8953,-0.0001,-0.0025,pathgraph
1676.7657,101705.8710,85419.1926,145.5323,-2.8953,-0.0001,-0.0025,pathgraph
1677.7656,101704.9014,85418.9487,145.5298,-2.8954,-0.0001,-0.0026,pathgraph
1678.7654,101703.9317,85418.7047,145.5273,-2.8955,-0.0001,-0.0026,pathgraph
1679.7653,101702.9621,85418.4608,145.5248,-2.8956,-0.0001,-0.0027,pathgraph
1680.7651,101701.9924,85418.2170,145.5222,-2.8956,-0.0002,-0.0027,pathgraph
1681.7650,101701.0225,85417.9739,145.5192,-2.8957,-0.0001,-0.0028,pathgraph
1682.7649,101700.0527,85417.7308,145.5163,-2.8957,-0.0001,-0.0028,pathgraph
1683.7647,101699.0828,85417.4877,145.5134,-2.8957,-0.0001,-0.0029,pathgraph
1684.7646,101698.1130,85417.2446,145.5104,-2.8958,-0.0001,-0.0029,pathgraph
1685.7644,101697.1431,85417.0015,145.5075,-2.8958,-0.0000,-0.0029,pathgraph
1686.7643,101696.1732,85416.7584,145.5046,-2.8959,-0.0000,-0.0030,pathgraph
1687.7642,101695.2034,85416.5154,145.5017,-2.8959,0.0000,-0.0030,pathgraph
1688.7640,101694.2335,85416.2723,145.4987,-2.8959,0.0001,-0.0030,pathgraph
1689.7639,101693.2637,85416.0292,145.4958,-2.8960,0.0001,-0.0031,pathgraph
1690.7638,101692.2939,85415.7859,145.4926,-2.8960,0.0001,-0.0031,pathgraph
1691.7636,101691.3241,85415.5424,145.4893,-2.8959,0.0001,-0.0032,pathgraph
1692.7635,101690.3543,85415.2990,145.4860,-2.8958,0.0001,-0.0032,pathgraph
1693.7633,101689.3845,85415.0556,145.4828,-2.8958,0.0001,-0.0032,pathgraph
1694.7632,101688.4148,85414.8121,145.4795,-2.8957,0.0001,-0.0033,pathgraph
1695.7631,101687.4450,85414.5687,145.4762,-2.8956,0.0001,-0.0033,pathgraph
1696.7629,101686.4752,85414.3253,145.4729,-2.8956,0.0001,-0.0033,pathgraph
1697.7628,101685.5054,85414.0819,145.4696,-2.8955,0.0000,-0.0034,pathgraph
1698.7626,101684.5357,85413.8384,145.4663,-2.8954,0.0000,-0.0034,pathgraph
1699.7625,101683.5659,85413.5949,145.4630,-2.8954,0.0000,-0.0034,pathgraph
1700.7624,101682.5963,85413.3509,145.4594,-2.8953,0.0001,-0.0035,pathgraph
1701.7622,101681.6267,85413.1068,145.4558,-2.8952,0.0001,-0.0035,pathgraph
1702.7621,101680.6570,85412.8628,145.4522,-2.8951,0.0001,-0.0035,pathgraph
1703.7619,101679.6874,85412.6188,145.4486,-2.8950,0.0001,-0.0036,pathgraph
1704.7618,101678.7178,85412.3748,145.4450,-2.8949,0.0001,-0.0036,pathgraph
1705.7617,101677.7482,85412.1307,145.4414,-2.8948,0.0001,-0.0036,pathgraph
1706.7615,101676.7785,85411.8867,145.4378,-2.8947,0.0001,-0.0037,pathgraph
1707.7614,101675.8089,85411.6427,145.4342,-2.8946,0.0001,-0.0037,pathgraph
1708.7612,101674.8393,85411.3987,145.4306,-2.8946,0.0001,-0.0037,pathgraph
1709.7611,101673.8698,85411.1542,145.4268,-2.8946,0.0001,-0.0037,pathgraph
1710.7610,101672.9003,85410.9096,145.4229,-2.8946,0.0001,-0.0038,pathgraph
1711.7608,101671.9308,85410.6650,145.4191,-2.8946,0.0000,-0.0038,pathgraph
1712.7607,101670.9613,85410.4203,145.4152,-2.8947,0.0000,-0.0038,pathgraph
1713.7606,101669.9919,85410.1757,145.4114,-2.8947,-0.0000,-0.0038,pathgraph
1714.7604,101669.0224,85409.9311,145.4075,-2.8947,-0.0001,-0.0039,pathgraph
1715.7603,101668.0529,85409.6865,145.4037,-2.8948,-0.0001,-0.0039,pathgraph
1716.7601,101667.0835,85409.4418,145.3998,-2.8948,-0.0001,-0.0039,pathgraph
1717.7600,101666.1140,85409.1972,145.3960,-2.8949,-0.0002,-0.0039,pathgraph
1718.7599,101665.1445,85408.9528,145.3921,-2.8949,-0.0002,-0.0040,pathgraph
1719.7597,101664.1747,85408.7091,145.3880,-2.8950,-0.0002,-0.0040,pathgraph
1720.7596,101663.2050,85408.4655,145.3840,-2.8950,-0.0001,-0.0040,pathgraph
1721.7594,101662.2353,85408.2219,145.3799,-2.8951,-0.0001,-0.0040,pathgraph
1722.7593,101661.2656,85407.9783,145.3758,-2.8952,-0.0001,-0.0040,pathgraph
1723.7592,101660.2958,85407.7346,145.3718,-2.8953,-0.0001,-0.0041,pathgraph
1724.7590,101659.3261,85407.4910,145.3677,-2.8953,-0.0000,-0.0041,pathgraph
1725.7589,101658.3564,85407.2474,145.3637,-2.8954,0.0000,-0.0041,pathgraph
1726.7587,101657.3866,85407.0038,145.3596,-2.8955,0.0000,-0.0041,pathgraph
1727.7586,101656.4169,85406.7601,145.3555,-2.8955,0.0001,-0.0041,pathgraph
1728.7585,101655.4472,85406.5165,145.3514,-2.8955,0.0001,-0.0041,pathgraph
1729.7583,101654.4775,85406.2729,145.3472,-2.8955,0.0001,-0.0042,pathgraph
1730.7582,101653.5077,85406.0292,145.3430,-2.8954,0.0000,-0.0042,pathgraph
1731.7580,101652.5380,85405.7856,145.3388,-2.8954,0.0000,-0.0042,pathgraph
1732.7579,101651.5683,85405.5420,145.3346,-2.8954,0.0000,-0.0042,pathgraph
1733.7578,101650.5986,85405.2983,145.3303,-2.8955,-0.0000,-0.0042,pathgraph
1734.7576,101649.6289,85405.0547,145.3261,-2.8955,-0.0001,-0.0042,pathgraph
1735.7575,101648.6591,85404.8111,145.3219,-2.8956,-0.0001,-0.0042,pathgraph
1736.7573,101647.6894,85404.5674,145.3177,-2.8957,-0.0001,-0.0042,pathgraph
1737.7572,101646.7197,85404.3239,145.3135,-2.8957,-0.0002,-0.0042,pathgraph
1738.7571,101645.7498,85404.0809,145.3092,-2.8957,-0.0001,-0.0043,pathgraph
1739.7569,101644.7799,85403.8378,145.3049,-2.8958,-0.0001,-0.0043,pathgraph
1740.7568,101643.8100,85403.5948,145.3006,-2.8958,-0.0001,-0.0043,pathgraph
1741.7567,101642.8402,85403.3517,145.2963,-2.8958,-0.0000,-0.0043,pathgraph
1742.7565,101641.8703,85403.1087,145.2920,-2.8958,0.0000,-0.0043,pathgraph
1743.7564,101640.9004,85402.8656,145.2877,-2.8958,0.0000,-0.0043,pathgraph
1744.7562,101639.9306,85402.6226,145.2835,-2.8958,0.0001,-0.0043,pathgraph
1745.7561,101638.9607,85402.3795,145.2792,-2.8958,0.0001,-0.0043,pathgraph
1746.7560,101637.9908,85402.1365,145.2749,-2.8958,0.0002,-0.0043,pathgraph
1747.7558,101637.0211,85401.8930,145.2706,-2.8958,0.0001,-0.0043,pathgraph
1748.7557,101636.0513,85401.6493,145.2663,-2.8957,0.0001,-0.0043,pathgraph
1749.7555,101635.0816,85401.4056,145.2620,-2.8957,0.0001,-0.0043,pathgraph
1750.7554,101634.1119,85401.1619,145.2577,-2.8956,0.0001,-0.0043,pathgraph
1751.7553,101633.1422,85400.9183,145.2534,-2.8956,0.0000,-0.0043,pathgraph
1752.7551,101632.1725,85400.6746,145.2491,-2.8955,0.0000,-0.0043,pathgraph
1753.7550,101631.2028,85400.4309,145.2448,-2.8955,-0.0000,-0.0043,pathgraph
1754.7548,101630.2331,85400.1872,145.2405,-2.8955,-0.0000,-0.0043,pathgraph
1755.7547,101629.2634,85399.9435,145.2362,-2.8954,-0.0000,-0.0043,pathgraph
1756.7546,101628.2936,85399.6999,145.2319,-2.8954,-0.0001,-0.0042,pathgraph
1757.7544,101627.3239,85399.4564,145.2277,-2.8954,-0.0001,-0.0042,pathgraph
1758.7543,101626.3541,85399.2129,145.2235,-2.8954,-0.0001,-0.0042,pathgraph
1759.7541,101625.3844,85398.9694,145.2192,-2.8955,-0.0000,-0.0042,pathgraph
1760.7540,101624.4146,85398.7259,145.2150,-2.8955,-0.0000,-0.0042,pathgraph
1761.7539,101623.4448,85398.4824,145.2108,-2.8956,-0.0000,-0.0042,pathgraph
1762.7537,101622.4751,85398.2389,145.2066,-2.8956,-0.0000,-0.0042,pathgraph
1763.7536,101621.5053,85397.9954,145.2024,-2.8956,-0.0000,-0.0042,pathgraph
1764.7535,101620.5356,85397.7519,145.1981,-2.8957,-0.0000,-0.0042,pathgraph
1765.7533,101619.5658,85397.5084,145.1939,-2.8957,-0.0000,-0.0041,pathgraph
1766.7532,101618.5960,85397.2650,145.1898,-2.8957,0.0000,-0.0041,pathgraph
1767.7530,101617.6263,85397.0215,145.1858,-2.8957,0.0000,-0.0041,pathgraph
1768.7529,101616.6565,85396.7781,145.1817,-2.8956,0.0000,-0.0041,pathgraph
1769.7528,101615.6867,85396.5346,145.1777,-2.8956,0.0000,-0.0040,pathgraph
1770.7526,101614.7170,85396.2911,145.1736,-2.8956,0.0000,-0.0040,pathgraph
1771.7525,101613.7472,85396.0477,145.1696,-2.8956,0.0000,-0.0040,pathgraph
1772.7523,101612.7774,85395.8042,145.1656,-2.8955,0.0000,-0.0040,pathgraph
1773.7522,101611.8077,85395.5608,145.1615,-2.8955,0.0000,-0.0040,pathgraph
1774.7521,101610.8379,85395.3173,145.1575,-2.8955,0.0000,-0.0039,pathgraph
1775.7519,101609.8682,85395.0738,145.1535,-2.8955,0.0000,-0.0039,pathgraph
1776.7518,101608.8984,85394.8301,145.1497,-2.8955,0.0000,-0.0039,pathgraph
1777.7516,101607.9287,85394.5864,145.1459,-2.8955,0.0000,-0.0038,pathgraph
1778.7515,101606.9590,85394.3427,145.1421,-2.8954,0.0000,-0.0038,pathgraph
1779.7514,101605.9893,85394.0989,145.1384,-2.8954,0.0000,-0.0038,pathgraph
1780.7512,101605.0196,85393.8552,145.1346,-2.8954,0.0000,-0.0037,pathgraph
1781.7511,101604.0499,85393.6115,145.1308,-2.8954,-0.0000,-0.0037,pathgraph
1782.7509,101603.0802,85393.3678,145.1270,-2.8954,-0.0000,-0.0037,pathgraph
1783.7508,101602.1105,85393.1241,145.1232,-2.8954,-0.0000,-0.0037,pathgraph
1784.7507,101601.1408,85392.8804,145.1195,-2.8954,-0.0000,-0.0036,pathgraph
1785.7505,101600.1711,85392.6368,145.1159,-2.8954,-0.0000,-0.0036,pathgraph
1786.7504,101599.2013,85392.3932,145.1125,-2.8955,-0.0000,-0.0035,pathgraph
1787.7503,101598.2316,85392.1497,145.1091,-2.8955,-0.0000,-0.0035,pathgraph
1788.7501,101597.2618,85391.9062,145.1056,-2.8955,-0.0000,-0.0034,pathgraph
1789.7500,101596.2921,85391.6626,145.1022,-2.8955,-0.0000,-0.0034,pathgraph
1790.7498,101595.3223,85391.4191,145.0988,-2.8955,-0.0000,-0.0034,pathgraph
1791.7497,101594.3526,85391.1756,145.0953,-2.8956,-0.0000,-0.0033,pathgraph
1792.7496,101593.3828,85390.9320,145.0919,-2.8956,-0.0000,-0.0033,pathgraph
1793.7494,101592.4131,85390.6885,145.0885,-2.8956,-0.0000,-0.0033,pathgraph
1794.7493,101591.4433,85390.4450,145.0851,-2.8956,0.0000,-0.0032,pathgraph
1795.7491,101590.4736,85390.2015,145.0821,-2.8956,0.0000,-0.0031,pathgraph
1796.7490,101589.5038,85389.9580,145.0791,-2.8956,0.0000,-0.0031,pathgraph
1797.7489,101588.5341,85389.7145,145.0761,-2.8956,0.0000,-0.0030,pathgraph
1798.7487,101587.5643,85389.4710,145.0731,-2.8956,0.0000,-0.0030,pathgraph
1799.7486,101586.5946,85389.2275,145.0701,-2.8956,0.0000,-0.0030,pathgraph
1800.7484,101585.6248,85388.9840,145.0671,-2.8956,0.0000,-0.0029,pathgraph
1801.7483,101584.6550,85388.7405,145.0642,-2.8956,0.0000,-0.0029,pathgraph
1802.7482,101583.6853,85388.4970,145.0612,-2.8956,0.0000,-0.0028,pathgraph
1803.7480,101582.7155,85388.2535,145.0582,-2.8956,0.0000,-0.0028,pathgraph
1804.7479,101581.7458,85388.0101,145.0555,-2.8956,0.0000,-0.0027,pathgraph
1805.7477,101580.7760,85387.7666,145.0530,-2.8956,-0.0000,-0.0026,pathgraph
1806.7476,101579.8062,85387.5231,145.0505,-2.8956,-0.0000,-0.0026,pathgraph
1807.7475,101578.8364,85387.2797,145.0480,-2.8957,-0.0000,-0.0025,pathgraph
1808.7473,101577.8667,85387.0362,145.0456,-2.8957,-0.0000,-0.0025,pathgraph
1809.7472,101576.8969,85386.7927,145.0431,-2.8957,-0.0000,-0.0024,pathgraph
1810.7470,101575.9271,85386.5493,145.0406,-2.8957,-0.0000,-0.0024,pathgraph
1811.7469,101574.9574,85386.3058,145.0381,-2.8958,-0.0000,-0.0023,pathgraph
1812.7468,101573.9876,85386.0624,145.0356,-2.8958,-0.0001,-0.0023,pathgraph
1813.7466,101573.0179,85385.8188,145.0332,-2.8958,-0.0000,-0.0022,pathgraph
1814.7465,101572.0482,85385.5751,145.0313,-2.8956,-0.0000,-0.0021,pathgraph
1815.7464,101571.0785,85385.3313,145.0294,-2.8954,0.0000,-0.0020,pathgraph
1816.7462,101570.1088,85385.0875,145.0275,-2.8952,0.0001,-0.0020,pathgraph
1817.7461,101569.1391,85384.8438,145.0256,-2.8950,0.0001,-0.0019,pathgraph
1818.7459,101568.1694,85384.6000,145.0237,-2.8948,0.0002,-0.0019,pathgraph
1819.7458,101567.1997,85384.3562,145.0218,-2.8946,0.0002,-0.0018,pathgraph
1820.7457,101566.2300,85384.1125,145.0199,-2.8944,0.0002,-0.0018,pathgraph
1821.7455,101565.2603,85383.8687,145.0180,-2.8942,0.0003,-0.0017,pathgraph
1822.7454,101564.2906,85383.6249,145.0160,-2.8940,0.0003,-0.0016,pathgraph
1823.7452,101563.3212,85383.3802,145.0146,-2.8939,0.0002,-0.0015,pathgraph
1824.7451,101562.3519,85383.1350,145.0133,-2.8938,0.0001,-0.0014,pathgraph
1825.7450,101561.3825,85382.8898,145.0120,-2.8938,0.0001,-0.0014,pathgraph
1826.7448,101560.4132,85382.6446,145.0108,-2.8938,0.0001,-0.0013,pathgraph
1827.7447,101559.4439,85382.3994,145.0095,-2.8938,0.0001,-0.0013,pathgraph
1828.7445,101558.4746,85382.1542,145.0082,-2.8938,0.0001,-0.0012,pathgraph
1829.7444,101557.5052,85381.9090,145.0070,-2.8937,0.0001,-0.0011,pathgraph
1830.7443,101556.5359,85381.6638,145.0057,-2.8937,0.0001,-0.0011,pathgraph
1831.7441,101555.5666,85381.4186,145.0044,-2.8937,0.0001,-0.0010,pathgraph
1832.7440,101554.5972,85381.1734,145.0033,-2.8937,0.0001,-0.0009,pathgraph
1833.7438,101553.6280,85380.9280,145.0027,-2.8937,0.0000,-0.0008,pathgraph
1834.7437,101552.6587,85380.6825,145.0021,-2.8937,0.0000,-0.0007,pathgraph
1835.7436,101551.6894,85380.4371,145.0015,-2.8937,0.0000,-0.0007,pathgraph
1836.7434,101550.7202,85380.1917,145.0009,-2.8937,0.0000,-0.0006,pathgraph
1837.7433,101549.7509,85379.9463,145.0004,-2.8937,-0.0000,-0.0005,pathgraph
1838.7432,101548.7816,85379.7008,144.9998,-2.8937,-0.0000,-0.0005,pathgraph
1839.7430,101547.8123,85379.4554,144.9992,-2.8937,-0.0000,-0.0004,pathgraph
1840.7429,101546.8431,85379.2100,144.9986,-2.8937,-0.0000,-0.0003,pathgraph
1841.7427,101545.8738,85378.9646,144.9980,-2.8937,-0.0000,-0.0003,pathgraph
1842.7426,101544.9045,85378.7194,144.9979,-2.8937,-0.0001,-0.0002,pathgraph
1843.7425,101543.9351,85378.4744,144.9981,-2.8938,-0.0001,-0.0001,pathgraph
1844.7423,101542.9657,85378.2294,144.9982,-2.8939,-0.0001,-0.0000,pathgraph
1845.7422,101541.9963,85377.9844,144.9983,-2.8940,-0.0001,0.0001,pathgraph
1846.7420,101541.0270,85377.7393,144.9985,-2.8941,-0.0001,0.0001,pathgraph
1847.7419,101540.0576,85377.4943,144.9986,-2.8942,-0.0001,0.0002,pathgraph
1848.7418,101539.0882,85377.2493,144.9987,-2.8943,-0.0001,0.0003,pathgraph
1849.7416,101538.1188,85377.0043,144.9989,-2.8943,-0.0001,0.0003,pathgraph
1850.7415,101537.1495,85376.7593,144.9990,-2.8944,-0.0001,0.0004,pathgraph
1851.7413,101536.1800,85376.5144,144.9993,-2.8945,-0.0001,0.0005,pathgraph
1852.7412,101535.2104,85376.2703,145.0001,-2.8946,-0.0001,0.0006,pathgraph
1853.7411,101534.2408,85376.0262,145.0010,-2.8947,-0.0001,0.0007,pathgraph
1854.7409,101533.2712,85375.7821,145.0018,-2.8947,-0.0001,0.0007,pathgraph
1855.7408,101532.3016,85375.5380,145.0027,-2.8948,-0.0001,0.0008,pathgraph
1856.7406,101531.3320,85375.2939,145.0036,-2.8949,-0.0001,0.0009,pathgraph
1857.7405,101530.3624,85375.0497,145.0044,-2.8950,-0.0001,0.0010,pathgraph
1858.7404,101529.3928,85374.8056,145.0053,-2.8950,-0.0000,0.0010,pathgraph
1859.7402,101528.4232,85374.5615,145.0061,-2.8951,-0.0000,0.0011,pathgraph
1860.7401,101527.4536,85374.3174,145.0070,-2.8952,-0.0000,0.0012,pathgraph
1861.7399,101526.4839,85374.0736,145.0083,-2.8953,-0.0000,0.0013,pathgraph
1862.7398,101525.5142,85373.8300,145.0099,-2.8953,-0.0000,0.0014,pathgraph
1863.7397,101524.5445,85373.5864,145.0115,-2.8954,-0.0000,0.0014,pathgraph
1864.7395,101523.5747,85373.3428,145.0130,-2.8955,-0.0001,0.0015,pathgraph
1865.7394,101522.6050,85373.0992,145.0146,-2.8956,-0.0001,0.0015,pathgraph
1866.7393,101521.6353,85372.8556,145.0162,-2.8956,-0.0001,0.0016,pathgraph
1867.7391,101520.6655,85372.6120,145.0177,-2.8957,-0.0001,0.0017,pathgraph
1868.7390,101519.6958,85372.3684,145.0193,-2.8958,-0.0001,0.0017,pathgraph
1869.7388,101518.7261,85372.1248,145.0209,-2.8958,-0.0001,0.0018,pathgraph
1870.7387,101517.7563,85371.8812,145.0225,-2.8959,-0.0001,0.0019,pathgraph
1871.7386,101516.7865,85371.6381,145.0248,-2.8958,-0.0001,0.0020,pathgraph
1872.7384,101515.8166,85371.3949,145.0270,-2.8958,-0.0000,0.0020,pathgraph
1873.7383,101514.8468,85371.1518,145.0292,-2.8957,-0.0000,0.0021,pathgraph
1874.7381,101513.8770,85370.9086,145.0314,-2.8957,0.0000,0.0022,pathgraph
1875.7380,101512.9071,85370.6655,145.0336,-2.8956,0.0001,0.0022,pathgraph
1876.7379,101511.9373,85370.4223,145.0358,-2.8956,0.0001,0.0023,pathgraph
1877.7377,101510.9674,85370.1792,145.0381,-2.8955,0.0001,0.0023,pathgraph
1878.7376,101509.9976,85369.9360,145.0403,-2.8955,0.0002,0.0024,pathgraph
1879.7374,101509.0277,85369.6929,145.0425,-2.8954,0.0002,0.0025,pathgraph
1880.7373,101508.0581,85369.4489,145.0451,-2.8953,0.0002,0.0025,pathgraph
1881.7372,101507.0885,85369.2046,145.0479,-2.8952,0.0002,0.0026,pathgraph
1882.7370,101506.1190,85368.9602,145.0506,-2.8951,0.0002,0.0026,pathgraph
1883.7369,101505.1495,85368.7158,145.0534,-2.8950,0.0001,0.0027,pathgraph
1884.7367,101504.1799,85368.4714,145.0562,-2.8949,0.0001,0.0027,pathgraph
1885.7366,101503.2104,85368.2271,145.0590,-2.8948,0.0001,0.0028,pathgraph
1886.7365,101502.2408,85367.9827,145.0617,-2.8946,0.0001,0.0028,pathgraph
1887.7363,101501.2713,85367.7383,145.0645,-2.8945,0.0000,0.0029,pathgraph
1888.7362,101500.3018,85367.4940,145.0673,-2.8944,0.0000,0.0029,pathgraph
1889.7361,101499.3322,85367.2498,145.0701,-2.8944,-0.0000,0.0030,pathgraph
1890.7359,101498.3623,85367.0066,145.0733,-2.8951,-0.0002,0.0030,pathgraph
1891.7358,101497.3925,85366.7634,145.0764,-2.8957,-0.0004,0.0031,pathgraph
1892.7356,101496.4227,85366.5203,145.0796,-2.8964,-0.0005,0.0031,pathgraph
1893.7355,101495.4528,85366.2771,145.0827,-2.8970,-0.0007,0.0031,pathgraph
1894.7354,101494.4830,85366.0339,145.0859,-2.8977,-0.0009,0.0031,pathgraph
1895.7352,101493.5132,85365.7907,145.0890,-2.8983,-0.0011,0.0032,pathgraph
1896.7351,101492.5433,85365.5475,145.0922,-2.8990,-0.0012,0.0032,pathgraph
1897.7349,101491.5724,85365.3087,145.0955,-2.9003,-0.0014,0.0032,pathgraph
1898.7348,101490.6010,85365.0720,145.0988,-2.9020,-0.0016,0.0033,pathgraph
1899.7347,101489.6295,85364.8354,145.1022,-2.9036,-0.0017,0.0033,pathgraph
1900.7345,101488.6581,85364.5987,145.1055,-2.9053,-0.0019,0.0033,pathgraph
1901.7344,101487.6863,85364.3634,145.1088,-2.9070,-0.0020,0.0033,pathgraph
1902.7342,101486.7130,85364.1346,145.1123,-2.9090,-0.0020,0.0034,pathgraph
1903.7341,101485.7396,85363.9058,145.1157,-2.9110,-0.0020,0.0034,pathgraph
1904.7340,101484.7663,85363.6770,145.1191,-2.9130,-0.0020,0.0034,pathgraph
1905.7338,101483.7927,85363.4496,145.1225,-2.9151,-0.0020,0.0034,pathgraph
1906.7337,101482.8175,85363.2288,145.1260,-2.9172,-0.0021,0.0034,pathgraph
1907.7335,101481.8423,85363.0080,145.1294,-2.9194,-0.0022,0.0034,pathgraph
1908.7334,101480.8671,85362.7872,145.1329,-2.9215,-0.0022,0.0034,pathgraph
1909.7332,101479.8916,85362.5677,145.1363,-2.9237,-0.0023,0.0034,pathgraph
1910.7331,101478.9146,85362.3553,145.1398,-2.9262,-0.0024,0.0034,pathgraph
1911.7330,101477.9376,85362.1429,145.1432,-2.9287,-0.0025,0.0034,pathgraph
1912.7328,101476.9605,85361.9305,145.1467,-2.9311,-0.0026,0.0034,pathgraph
1913.7327,101475.9822,85361.7241,145.1501,-2.9337,-0.0026,0.0034,pathgraph
1914.7325,101475.0033,85361.5206,145.1535,-2.9364,-0.0026,0.0034,pathgraph
1915.7324,101474.0243,85361.3172,145.1569,-2.9391,-0.0026,0.0033,pathgraph
1916.7323,101473.0451,85361.1153,145.1603,-2.9418,-0.0026,0.0033,pathgraph
1917.7321,101472.0642,85360.9214,145.1636,-2.9451,-0.0031,0.0033,pathgraph
1918.7320,101471.0833,85360.7276,145.1670,-2.9485,-0.0036,0.0033,pathgraph
1919.7318,101470.1024,85360.5337,145.1703,-2.9518,-0.0041,0.0033,pathgraph
1920.7317,101469.1202,85360.3469,145.1736,-2.9539,-0.0039,0.0032,pathgraph
1921.7316,101468.1372,85360.1637,145.1768,-2.9554,-0.0033,0.0032,pathgraph
1922.7314,101467.1543,85359.9805,145.1800,-2.9569,-0.0028,0.0032,pathgraph
1923.7313,101466.1710,85359.7991,145.1832,-2.9599,-0.0036,0.0031,pathgraph
1924.7311,101465.1861,85359.6271,145.1864,-2.9652,-0.0035,0.0031,pathgraph
1925.7310,101464.2011,85359.4551,145.1895,-2.9705,-0.0033,0.0030,pathgraph
1926.7308,101463.2159,85359.2850,145.1926,-2.9756,-0.0033,0.0030,pathgraph
1927.7307,101462.2289,85359.1249,145.1955,-2.9798,-0.0038,0.0030,pathgraph
1928.7306,101461.2419,85358.9648,145.1985,-2.9840,-0.0044,0.0029,pathgraph
1929.7304,101460.2547,85358.8067,145.2015,-2.9883,-0.0048,0.0029,pathgraph
1930.7303,101459.2657,85358.6592,145.2043,-2.9933,-0.0050,0.0028,pathgraph
1931.7301,101458.2768,85358.5118,145.2072,-2.9983,-0.0052,0.0028,pathgraph
1932.7300,101457.2867,85358.3729,145.2099,-3.0035,-0.0054,0.0027,pathgraph
1933.7298,101456.2959,85358.2384,145.2126,-3.0090,-0.0055,0.0026,pathgraph
1934.7297,101455.3048,85358.1061,145.2153,-3.0144,-0.0056,0.0026,pathgraph
1935.7295,101454.3123,85357.9853,145.2178,-3.0200,-0.0055,0.0025,pathgraph
1936.7294,101453.3198,85357.8645,145.2204,-3.0255,-0.0055,0.0025,pathgraph
1937.7292,101452.3262,85357.7527,145.2228,-3.0310,-0.0055,0.0024,pathgraph
1938.7291,101451.3321,85357.6455,145.2252,-3.0364,-0.0054,0.0023,pathgraph
1939.7290,101450.3378,85357.5405,145.2275,-3.0418,-0.0053,0.0023,pathgraph
1940.7288,101449.3423,85357.4465,145.2298,-3.0469,-0.0051,0.0022,pathgraph
1941.7287,101448.3469,85357.3525,145.2320,-3.0520,-0.0050,0.0021,pathgraph
1942.7285,101447.3508,85357.2666,145.2341,-3.0569,-0.0048,0.0021,pathgraph
1943.7284,101446.3542,85357.1848,145.2361,-3.0616,-0.0046,0.0020,pathgraph
1944.7282,101445.3576,85357.1050,145.2381,-3.0662,-0.0044,0.0019,pathgraph
1945.7281,101444.3601,85357.0355,145.2399,-3.0704,-0.0043,0.0018,pathgraph
1946.7279,101443.3627,85356.9659,145.2417,-3.0746,-0.0041,0.0018,pathgraph
1947.7278,101442.3652,85356.8982,145.2435,-3.0788,-0.0040,0.0017,pathgraph
1948.7277,101441.3669,85356.8407,145.2451,-3.0827,-0.0040,0.0016,pathgraph
1949.7275,101440.3687,85356.7833,145.2467,-3.0867,-0.0039,0.0015,pathgraph
1950.7274,101439.3704,85356.7277,145.2483,-3.0906,-0.0039,0.0015,pathgraph
1951.7272,101438.3716,85356.6820,145.2496,-3.0946,-0.0040,0.0014,pathgraph
1952.7271,101437.3728,85356.6363,145.2510,-3.0985,-0.0040,0.0013,pathgraph
1953.7269,101436.3739,85356.5925,145.2523,-3.1025,-0.0040,0.0012,pathgraph
1954.7268,101435.3746,85356.5589,145.2535,-3.1066,-0.0040,0.0012,pathgraph
1955.7267,101434.3753,85356.5252,145.2546,-3.1106,-0.0041,0.0011,pathgraph
1956.7265,101433.3760,85356.4935,145.2557,-3.1147,-0.0041,0.0010,pathgraph
1957.7264,101432.3763,85356.4720,145.2566,-3.1187,-0.0040,0.0010,pathgraph
1958.7262,101431.3767,85356.4505,145.2576,-3.1227,-0.0040,0.0009,pathgraph
1959.7261,101430.3771,85356.4309,145.2584,-3.1267,-0.0040,0.0008,pathgraph
1960.7260,101429.3772,85356.4213,145.2591,-3.1307,-0.0039,0.0007,pathgraph
1961.7258,101428.3774,85356.4118,145.2598,-3.1346,-0.0039,0.0020,pathgraph
1962.7257,101427.3776,85356.4040,145.2605,-3.1385,-0.0039,0.0039,pathgraph
1963.7255,101426.3777,85356.4061,145.2610,3.1409,-0.0038,0.0036,pathgraph
1964.7254,101425.3779,85356.4081,145.2615,3.1372,-0.0037,0.0019,pathgraph
1965.7252,101424.3780,85356.4118,145.2619,3.1335,-0.0036,0.0007,pathgraph
1966.7251,101423.3783,85356.4247,145.2622,3.1301,-0.0034,0.0003,pathgraph
1967.7250,101422.3785,85356.4376,145.2625,3.1268,-0.0031,0.0003,pathgraph
1968.7248,101421.3787,85356.4521,145.2628,3.1234,-0.0029,0.0002,pathgraph
1969.7247,101420.3791,85356.4755,145.2628,3.1194,-0.0031,0.0001,pathgraph
1970.7245,101419.3796,85356.4989,145.2629,3.1154,-0.0032,0.0001,pathgraph
1971.7244,101418.3800,85356.5223,145.2630,3.1115,-0.0034,0.0000,pathgraph
1972.7242,101417.3806,85356.5525,145.3190,3.1088,-0.0017,-0.0001,pathgraph
1973.7241,101416.3813,85356.5861,145.3456,3.1074,-0.0008,-0.0001,pathgraph
1974.7240,101415.3820,85356.6193,145.3102,3.1065,-0.0017,-0.0002,pathgraph
1975.7238,101414.3827,85356.6526,145.2748,3.1057,-0.0027,-0.0002,pathgraph
1976.7237,101413.3836,85356.6918,145.2622,3.1039,-0.0027,-0.0003,pathgraph
1977.7235,101412.3846,85356.7341,145.2618,3.1016,-0.0023,-0.0003,pathgraph
1978.7234,101411.3857,85356.7763,145.2615,3.0993,-0.0019,-0.0004,pathgraph
1979.7233,101410.3867,85356.8186,145.2611,3.0970,-0.0016,-0.0004,pathgraph
1980.7231,101409.3878,85356.8620,145.2607,3.0949,-0.0012,-0.0005,pathgraph
1981.7230,101408.3891,85356.9115,145.2600,3.0943,-0.0011,-0.0005,pathgraph
1982.7228,101407.3905,85356.9611,145.2594,3.0937,-0.0009,-0.0019,pathgraph
1983.7227,101406.3919,85357.0106,145.2587,3.0931,-0.0008,-0.0039,pathgraph
1984.7226,101405.3932,85357.0602,145.2581,3.0924,-0.0006,-0.0038,pathgraph
1985.7224,101404.3946,85357.1097,145.2574,3.0918,-0.0005,-0.0021,pathgraph
1986.7223,101403.3960,85357.1592,145.2567,3.0912,-0.0003,-0.0010,pathgraph
1987.7221,101402.3973,85357.2088,145.2561,3.0906,-0.0001,-0.0008,pathgraph
1988.7220,101401.3988,85357.2597,145.2552,3.0903,-0.0001,-0.0008,pathgraph
1989.7219,101400.4002,85357.3113,145.2542,3.0902,-0.0001,-0.0009,pathgraph
1990.7217,101399.4017,85357.3629,145.2532,3.0902,-0.0001,-0.0009,pathgraph
1991.7216,101398.4032,85357.4145,145.2522,3.0901,-0.0001,-0.0009,pathgraph
1992.7215,101397.4047,85357.4661,145.2513,3.0900,-0.0001,-0.0010,pathgraph
1993.7213,101396.4061,85357.5177,145.2503,3.0899,-0.0001,-0.0010,pathgraph
1994.7212,101395.4076,85357.5693,145.2493,3.0899,-0.0001,-0.0010,pathgraph
1995.7210,101394.4091,85357.6209,145.2483,3.0898,-0.0001,-0.0011,pathgraph
1996.7209,101393.4105,85357.6725,145.2473,3.0897,-0.0000,-0.0011,pathgraph
1997.7208,101392.4120,85357.7241,145.2463,3.0897,-0.0000,-0.0011,pathgraph
1998.7206,101391.4135,85357.7760,145.2450,3.0897,-0.0000,-0.0012,pathgraph
1999.7205,101390.4150,85357.8278,145.2438,3.0897,-0.0000,-0.0012,pathgraph
2000.7203,101389.4165,85357.8797,145.2425,3.0898,0.0000,-0.0012,pathgraph
2001.7202,101388.4180,85357.9315,145.2412,3.0898,0.0000,-0.0012,pathgraph
2002.7201,101387.4194,85357.9834,145.2400,3.0899,0.0000,-0.0013,pathgraph
2003.7199,101386.4209,85358.0352,145.2387,3.0899,0.0001,-0.0013,pathgraph
2004.7198,101385.4224,85358.0871,145.2374,3.0899,0.0001,-0.0013,pathgraph
2005.7196,101384.4239,85358.1389,145.2362,3.0900,0.0001,-0.0013,pathgraph
2006.7195,101383.4254,85358.1908,145.2349,3.0900,0.0001,-0.0014,pathgraph
2007.7194,101382.4268,85358.2420,145.2335,3.0901,0.0001,-0.0014,pathgraph
2008.7192,101381.4283,85358.2928,145.2320,3.0903,0.0001,-0.0014,pathgraph
2009.7191,101380.4297,85358.3437,145.2305,3.0904,0.0001,-0.0014,pathgraph
2010.7189,101379.4311,85358.3945,145.2291,3.0906,0.0001,-0.0014,pathgraph
2011.7188,101378.4326,85358.4454,145.2276,3.0907,0.0001,-0.0015,pathgraph
2012.7187,101377.4340,85358.4962,145.2261,3.0909,0.0001,-0.0015,pathgraph
2013.7185,101376.4354,85358.5471,145.2246,3.0910,0.0001,-0.0015,pathgraph
2014.7184,101375.4369,85358.5979,145.2232,3.0912,0.0002,-0.0015,pathgraph
2015.7182,101374.4383,85358.6488,145.2217,3.0913,0.0002,-0.0015,pathgraph
2016.7181,101373.4397,85358.6995,145.2202,3.0914,0.0001,-0.0016,pathgraph
2017.7180,101372.4411,85358.7495,145.2185,3.0915,0.0001,-0.0016,pathgraph
2018.7178,101371.4425,85358.7995,145.2169,3.0915,0.0000,-0.0016,pathgraph
2019.7177,101370.4439,85358.8494,145.2153,3.0916,-0.0001,-0.0016,pathgraph
2020.7176,101369.4453,85358.8994,145.2136,3.0916,-0.0001,-0.0016,pathgraph
2021.7174,101368.4467,85358.9494,145.2120,3.0917,-0.0000,-0.0016,pathgraph
2022.7173,101367.4481,85358.9994,145.2104,3.0917,0.0000,-0.0016,pathgraph
2023.7171,101366.4494,85359.0494,145.2087,3.0918,0.0001,-0.0017,pathgraph
2024.7170,101365.4508,85359.0994,145.2071,3.0918,0.0001,-0.0017,pathgraph
2025.7169,101364.4522,85359.1493,145.2055,3.0919,0.0002,-0.0017,pathgraph
2026.7167,101363.4536,85359.1992,145.2038,3.0918,0.0001,-0.0017,pathgraph
2027.7166,101362.4550,85359.2491,145.2020,3.0916,0.0001,-0.0017,pathgraph
2028.7164,101361.4564,85359.2989,145.2003,3.0915,-0.0000,-0.0017,pathgraph
2029.7163,101360.4578,85359.3488,145.1985,3.0913,-0.0001,-0.0017,pathgraph
2030.7162,101359.4591,85359.3986,145.1967,3.0912,-0.0002,-0.0017,pathgraph
2031.7160,101358.4605,85359.4484,145.1950,3.0910,-0.0002,-0.0018,pathgraph
2032.7159,101357.4619,85359.4983,145.1932,3.0908,-0.0003,-0.0018,pathgraph
2033.7157,101356.4633,85359.5481,145.1915,3.0907,-0.0004,-0.0018,pathgraph
2034.7156,101355.4647,85359.5980,145.1897,3.0905,-0.0005,-0.0018,pathgraph
2035.7155,101354.4661,85359.6482,145.1880,3.0903,-0.0005,-0.0018,pathgraph
2036.7153,101353.4676,85359.7011,145.1861,3.0901,-0.0005,-0.0018,pathgraph
2037.7152,101352.4692,85359.7540,145.1843,3.0898,-0.0004,-0.0018,pathgraph
2038.7150,101351.4707,85359.8069,145.1825,3.0895,-0.0004,-0.0018,pathgraph
2039.7149,101350.4722,85359.8598,145.1806,3.0892,-0.0003,-0.0018,pathgraph
2040.7148,101349.4738,85359.9126,145.1788,3.0890,-0.0003,-0.0018,pathgraph
2041.7146,101348.4753,85359.9655,145.1769,3.0887,-0.0002,-0.0018,pathgraph
2042.7145,101347.4768,85360.0184,145.1751,3.0884,-0.0001,-0.0019,pathgraph
2043.7144,101346.4784,85360.0713,145.1733,3.0882,-0.0001,-0.0019,pathgraph
2044.7142,101345.4799,85360.1242,145.1714,3.0879,-0.0000,-0.0019,pathgraph
2045.7141,101344.4815,85360.1781,145.1695,3.0877,-0.0000,-0.0019,pathgraph
2046.7139,101343.4831,85360.2325,145.1676,3.0875,-0.0001,-0.0019,pathgraph
2047.7138,101342.4848,85360.2869,145.1657,3.0873,-0.0001,-0.0019,pathgraph
2048.7137,101341.4864,85360.3414,145.1638,3.0871,-0.0002,-0.0019,pathgraph
2049.7135,101340.4880,85360.3958,145.1619,3.0869,-0.0002,-0.0019,pathgraph
2050.7134,101339.4896,85360.4502,145.1600,3.0867,-0.0002,-0.0019,pathgraph
2051.7132,101338.4912,85360.5047,145.1581,3.0865,-0.0003,-0.0019,pathgraph
2052.7131,101337.4929,85360.5591,145.1562,3.0863,-0.0003,-0.0019,pathgraph
2053.7130,101336.4945,85360.6135,145.1543,3.0861,-0.0003,-0.0019,pathgraph
2054.7128,101335.4961,85360.6684,145.1524,3.0858,-0.0004,-0.0019,pathgraph
2055.7127,101334.4979,85360.7260,145.1504,3.0852,-0.0004,-0.0019,pathgraph
2056.7125,101333.4997,85360.7836,145.1485,3.0846,-0.0005,-0.0019,pathgraph
2057.7124,101332.5015,85360.8412,145.1465,3.0840,-0.0006,-0.0019,pathgraph
2058.7123,101331.5033,85360.8988,145.1446,3.0834,-0.0006,-0.0019,pathgraph
2059.7121,101330.5051,85360.9564,145.1426,3.0828,-0.0007,-0.0020,pathgraph
2060.7120,101329.5069,85361.0140,145.1407,3.0823,-0.0007,-0.0020,pathgraph
2061.7118,101328.5087,85361.0716,145.1388,3.0817,-0.0008,-0.0020,pathgraph
2062.7117,101327.5107,85361.1326,145.1368,3.0808,-0.0009,-0.0020,pathgraph
2063.7116,101326.5129,85361.1956,145.1348,3.0798,-0.0009,-0.0020,pathgraph
2064.7114,101325.5150,85361.2585,145.1328,3.0788,-0.0010,-0.0020,pathgraph
2065.7113,101324.5171,85361.3214,145.1308,3.0778,-0.0010,-0.0020,pathgraph
2066.7111,101323.5192,85361.3843,145.1289,3.0768,-0.0011,-0.0020,pathgraph
2067.7110,101322.5213,85361.4473,145.1269,3.0758,-0.0012,-0.0020,pathgraph
2068.7109,101321.5237,85361.5143,145.1249,3.0746,-0.0012,-0.0020,pathgraph
2069.7107,101320.5263,85361.5836,145.1229,3.0732,-0.0013,-0.0020,pathgraph
2070.7106,101319.5288,85361.6529,145.1209,3.0719,-0.0013,-0.0020,pathgraph
2071.7104,101318.5314,85361.7222,145.1189,3.0706,-0.0014,-0.0020,pathgraph
2072.7103,101317.5339,85361.7915,145.1169,3.0693,-0.0014,-0.0020,pathgraph
2073.7102,101316.5368,85361.8653,145.1149,3.0679,-0.0015,-0.0020,pathgraph
2074.7100,101315.5398,85361.9417,145.1129,3.0664,-0.0014,-0.0020,pathgraph
2075.7099,101314.5429,85362.0180,145.1109,3.0650,-0.0014,-0.0020,pathgraph
2076.7097,101313.5460,85362.0943,145.1089,3.0636,-0.0014,-0.0020,pathgraph
2077.7096,101312.5490,85362.1707,145.1069,3.0621,-0.0014,-0.0020,pathgraph
2078.7095,101311.5524,85362.2516,145.1049,3.0608,-0.0014,-0.0020,pathgraph
2079.7093,101310.5561,85362.3352,145.1028,3.0595,-0.0013,-0.0020,pathgraph
2080.7092,101309.5597,85362.4187,145.1008,3.0582,-0.0013,-0.0020,pathgraph
2081.7090,101308.5634,85362.5023,145.0988,3.0569,-0.0013,-0.0020,pathgraph
2082.7089,101307.5670,85362.5859,145.0968,3.0556,-0.0012,-0.0020,pathgraph
2083.7088,101306.5707,85362.6703,145.0948,3.0544,-0.0012,-0.0020,pathgraph
2084.7086,101305.5749,85362.7603,145.0927,3.0536,-0.0010,-0.0020,pathgraph
2085.7085,101304.5791,85362.8504,145.0907,3.0527,-0.0009,-0.0020,pathgraph
2086.7083,101303.5833,85362.9404,145.0887,3.0519,-0.0008,-0.0020,pathgraph
2087.7082,101302.5875,85363.0304,145.0867,3.0511,-0.0007,-0.0020,pathgraph
2088.7081,101301.5917,85363.1204,145.0847,3.0503,-0.0006,-0.0020,pathgraph
2089.7079,101300.5959,85363.2105,145.0827,3.0494,-0.0005,-0.0020,pathgraph
2090.7078,101299.6003,85363.3030,145.0807,3.0489,-0.0005,-0.0020,pathgraph
2091.7076,101298.6049,85363.3970,145.0787,3.0486,-0.0004,-0.0020,pathgraph
2092.7075,101297.6095,85363.4910,145.0767,3.0484,-0.0004,-0.0020,pathgraph
2093.7074,101296.6141,85363.5850,145.0747,3.0481,-0.0003,-0.0020,pathgraph
2094.7072,101295.6186,85363.6790,145.0727,3.0478,-0.0003,-0.0020,pathgraph
2095.7071,101294.6232,85363.7730,145.0708,3.0475,-0.0003,-0.0020,pathgraph
2096.7069,101293.6278,85363.8670,145.0688,3.0472,-0.0002,-0.0020,pathgraph
2097.7068,101292.6323,85363.9610,145.0668,3.0469,-0.0002,-0.0019,pathgraph
2098.7067,101291.6369,85364.0550,145.0648,3.0466,-0.0001,-0.0019,pathgraph
2099.7065,101290.6415,85364.1493,145.0628,3.0463,-0.0001,-0.0019,pathgraph
2100.7064,101289.6463,85364.2454,145.0610,3.0460,-0.0001,-0.0019,pathgraph
2101.7063,101288.6510,85364.3415,145.0591,3.0458,-0.0002,-0.0019,pathgraph
2102.7061,101287.6558,85364.4377,145.0572,3.0455,-0.0002,-0.0019,pathgraph
2103.7060,101286.6606,85364.5338,145.0553,3.0452,-0.0003,-0.0019,pathgraph
2104.7058,101285.6653,85364.6299,145.0534,3.0450,-0.0003,-0.0019,pathgraph
2105.7057,101284.6701,85364.7260,145.0515,3.0447,-0.0003,-0.0018,pathgraph
2106.7056,101283.6749,85364.8221,145.0497,3.0445,-0.0004,-0.0018,pathgraph
2107.7054,101282.6796,85364.9182,145.0478,3.0442,-0.0004,-0.0018,pathgraph
2108.7053,101281.6844,85365.0144,145.0459,3.0439,-0.0004,-0.0018,pathgraph
2109.7051,101280.6895,85365.1134,145.0441,3.0431,-0.0006,-0.0018,pathgraph
2110.7050,101279.6947,85365.2140,145.0424,3.0418,-0.0008,-0.0017,pathgraph
2111.7049,101278.6999,85365.3147,145.0407,3.0406,-0.0010,-0.0017,pathgraph
2112.7047,101277.7051,85365.4154,145.0389,3.0394,-0.0012,-0.0017,pathgraph
2113.7046,101276.7103,85365.5160,145.0372,3.0382,-0.0014,-0.0017,pathgraph
2114.7044,101275.7156,85365.6167,145.0355,3.0369,-0.0016,-0.0017,pathgraph
2115.7043,101274.7209,85365.7183,145.0338,3.0358,-0.0017,-0.0016,pathgraph
2116.7042,101273.7268,85365.8257,145.0322,3.0354,-0.0012,-0.0016,pathgraph
2117.7040,101272.7327,85365.9331,145.0306,3.0349,-0.0007,-0.0016,pathgraph
2118.7039,101271.7387,85366.0405,145.0290,3.0344,-0.0002,-0.0015,pathgraph
2119.7037,101270.7446,85366.1479,145.0275,3.0334,-0.0012,-0.0015,pathgraph
2120.7036,101269.7506,85366.2565,145.0259,3.0316,-0.0029,-0.0015,pathgraph
2121.7035,101268.7575,85366.3726,145.0245,3.0286,-0.0028,-0.0014,pathgraph
2122.7033,101267.7644,85366.4887,145.0231,3.0256,-0.0026,-0.0014,pathgraph
2123.7032,101266.7713,85366.6048,145.0217,3.0226,-0.0025,-0.0014,pathgraph
2124.7030,101265.7784,85366.7221,145.0203,3.0196,-0.0024,-0.0013,pathgraph
2125.7029,101264.7865,85366.8478,145.0190,3.0169,-0.0026,-0.0013,pathgraph
2126.7028,101263.7945,85366.9735,145.0177,3.0142,-0.0028,-0.0012,pathgraph
2127.7026,101262.8026,85367.0992,145.0165,3.0114,-0.0031,-0.0012,pathgraph
2128.7025,101261.8116,85367.2316,145.0153,3.0084,-0.0032,-0.0011,pathgraph
2129.7023,101260.8210,85367.3679,145.0142,3.0052,-0.0032,-0.0011,pathgraph
2130.7022,101259.8305,85367.5043,145.0131,3.0020,-0.0032,-0.0010,pathgraph
2131.7020,101258.8402,85367.6420,145.0120,2.9988,-0.0033,-0.0010,pathgraph
2132.7019,101257.8513,85367.7895,145.0110,2.9956,-0.0032,-0.0009,pathgraph
2133.7018,101256.8624,85367.9370,145.0101,2.9924,-0.0032,-0.0009,pathgraph
2134.7016,101255.8734,85368.0845,145.0092,2.9892,-0.0032,-0.0008,pathgraph
2135.7015,101254.8856,85368.2389,145.0084,2.9860,-0.0031,-0.0008,pathgraph
2136.7013,101253.8983,85368.3973,145.0076,2.9828,-0.0032,-0.0007,pathgraph
2137.7012,101252.9111,85368.5557,145.0069,2.9797,-0.0032,-0.0007,pathgraph
2138.7010,101251.9241,85368.7155,145.0062,2.9765,-0.0032,-0.0006,pathgraph
2139.7009,101250.9387,85368.8849,145.0056,2.9733,-0.0032,-0.0005,pathgraph
2140.7008,101249.9533,85369.0543,145.0051,2.9702,-0.0032,-0.0005,pathgraph
2141.7006,101248.9679,85369.2236,145.0046,2.9670,-0.0032,-0.0004,pathgraph
2142.7005,101247.9837,85369.3998,145.0042,2.9639,-0.0032,-0.0003,pathgraph
2143.7003,101247.0002,85369.5801,145.0039,2.9608,-0.0031,-0.0003,pathgraph
2144.7002,101246.0167,85369.7603,145.0036,2.9577,-0.0030,-0.0002,pathgraph
2145.7001,101245.0335,85369.9418,145.0033,2.9547,-0.0029,-0.0001,pathgraph
2146.6999,101244.0519,85370.1321,145.0033,2.9520,-0.0028,-0.0001,pathgraph
2147.6998,101243.0703,85370.3224,145.0032,2.9492,-0.0027,0.0000,pathgraph
2148.6996,101242.0887,85370.5126,145.0032,2.9465,-0.0026,0.0001,pathgraph
2149.6995,101241.1083,85370.7087,145.0033,2.9440,-0.0024,0.0002,pathgraph
2150.6993,101240.1285,85370.9081,145.0036,2.9418,-0.0023,0.0003,pathgraph
2151.6992,101239.1487,85371.1075,145.0038,2.9395,-0.0022,0.0004,pathgraph
2152.6991,101238.1690,85371.3070,145.0040,2.9373,-0.0020,0.0004,pathgraph
2153.6989,101237.1903,85371.5116,145.0045,2.9357,-0.0018,0.0005,pathgraph
2154.6988,101236.2122,85371.7192,145.0052,2.9345,-0.0015,0.0006,pathgraph
2155.6986,101235.2341,85371.9268,145.0058,2.9333,-0.0012,0.0007,pathgraph
2156.6985,101234.2561,85372.1344,145.0064,2.9321,-0.0009,0.0008,pathgraph
2157.6984,101233.2780,85372.3420,145.0071,2.9309,-0.0006,0.0008,pathgraph
2158.6982,101232.3000,85372.5502,145.0078,2.9298,-0.0004,0.0009,pathgraph
2159.6981,101231.3230,85372.7624,145.0091,2.9294,-0.0004,0.0010,pathgraph
2160.6979,101230.3459,85372.9745,145.0105,2.9289,-0.0004,0.0011,pathgraph
2161.6978,101229.3688,85373.1866,145.0118,2.9284,-0.0004,0.0012,pathgraph
2162.6977,101228.3917,85373.3988,145.0131,2.9279,-0.0005,0.0013,pathgraph
2163.6975,101227.4146,85373.6109,145.0145,2.9275,-0.0005,0.0014,pathgraph
2164.6974,101226.4375,85373.8230,145.0158,2.9270,-0.0005,0.0015,pathgraph
2165.6972,101225.4604,85374.0352,145.0171,2.9265,-0.0005,0.0016,pathgraph
2166.6971,101224.4833,85374.2473,145.0185,2.9261,-0.0005,0.0017,pathgraph
2167.6970,101223.5062,85374.4595,145.0198,2.9256,-0.0005,0.0018,pathgraph
2168.6968,101222.5297,85374.6744,145.0217,2.9250,-0.0006,0.0019,pathgraph
2169.6967,101221.5536,85374.8910,145.0239,2.9244,-0.0006,0.0020,pathgraph
2170.6965,101220.5775,85375.1076,145.0261,2.9238,-0.0006,0.0021,pathgraph
2171.6964,101219.6013,85375.3242,145.0283,2.9232,-0.0006,0.0022,pathgraph
2172.6963,101218.6252,85375.5409,145.0305,2.9226,-0.0006,0.0023,pathgraph
2173.6961,101217.6491,85375.7575,145.0327,2.9220,-0.0006,0.0024,pathgraph
2174.6960,101216.6730,85375.9741,145.0349,2.9214,-0.0006,0.0025,pathgraph
2175.6959,101215.6970,85376.1913,145.0372,2.9208,-0.0007,0.0026,pathgraph
2176.6957,101214.7220,85376.4126,145.0402,2.9200,-0.0007,0.0027,pathgraph
2177.6956,101213.7469,85376.6340,145.0431,2.9191,-0.0008,0.0029,pathgraph
2178.6954,101212.7719,85376.8553,145.0461,2.9182,-0.0009,0.0030,pathgraph
2179.6953,101211.7968,85377.0767,145.0491,2.9174,-0.0009,0.0031,pathgraph
2180.6952,101210.8218,85377.2980,145.0521,2.9165,-0.0010,0.0032,pathgraph
2181.6950,101209.8467,85377.5194,145.0550,2.9156,-0.0011,0.0033,pathgraph
2182.6949,101208.8725,85377.7444,145.0584,2.9146,-0.0011,0.0034,pathgraph
2183.6947,101207.8988,85377.9716,145.0621,2.9136,-0.0011,0.0035,pathgraph
2184.6946,101206.9251,85378.1988,145.0658,2.9125,-0.0011,0.0037,pathgraph
2185.6945,101205.9514,85378.4261,145.0694,2.9114,-0.0011,0.0038,pathgraph
2186.6943,101204.9777,85378.6533,145.0731,2.9103,-0.0011,0.0039,pathgraph
2187.6942,101204.0042,85378.8812,145.0769,2.9093,-0.0011,0.0041,pathgraph
2188.6940,101203.0319,85379.1144,145.0812,2.9083,-0.0010,0.0042,pathgraph
2189.6939,101202.0596,85379.3476,145.0856,2.9074,-0.0010,0.0043,pathgraph
2190.6938,101201.0873,85379.5808,145.0900,2.9065,-0.0009,0.0044,pathgraph
2191.6936,101200.1150,85379.8140,145.0944,2.9056,-0.0009,0.0045,pathgraph
2192.6935,101199.1427,85380.0471,145.0988,2.9047,-0.0008,0.0046,pathgraph
2193.6933,101198.1704,85380.2803,145.1032,2.9038,-0.0008,0.0047,pathgraph
2194.6932,101197.1989,85380.5166,145.1081,2.9032,-0.0007,0.0049,pathgraph
2195.6931,101196.2278,85380.7548,145.1135,2.9028,-0.0006,0.0050,pathgraph
2196.6929,101195.2567,85380.9929,145.1189,2.9025,-0.0005,0.0051,pathgraph
2197.6928,101194.2856,85381.2311,145.1242,2.9021,-0.0005,0.0053,pathgraph
2198.6926,101193.3146,85381.4693,145.1296,2.9018,-0.0004,0.0054,pathgraph
2199.6925,101192.3435,85381.7074,145.1349,2.9014,-0.0003,0.0055,pathgraph
2200.6924,101191.3724,85381.9456,145.1403,2.9010,-0.0002,0.0056,pathgraph
2201.6922,101190.4013,85382.1838,145.1457,2.9007,-0.0001,0.0057,pathgraph
2202.6921,101189.4302,85382.4219,145.1510,2.9003,-0.0000,0.0058,pathgraph
2203.6919,101188.4592,85382.6602,145.1565,2.9000,0.0000,0.0060,pathgraph
2204.6918,101187.4884,85382.8996,145.1630,2.8999,0.0000,0.0061,pathgraph
2205.6917,101186.5176,85383.1389,145.1695,2.8999,-0.0000,0.0062,pathgraph
2206.6915,101185.5468,85383.3782,145.1761,2.8998,-0.0000,0.0063,pathgraph
2207.6914,101184.5760,85383.6176,145.1826,2.8998,-0.0000,0.0064,pathgraph
2208.6912,101183.6052,85383.8569,145.1891,2.8997,-0.0001,0.0065,pathgraph
2209.6911,101182.6344,85384.0962,145.1956,2.8997,-0.0001,0.0067,pathgraph
2210.6910,101181.6636,85384.3356,145.2021,2.8996,-0.0001,0.0068,pathgraph
2211.6908,101180.6928,85384.5749,145.2086,2.8996,-0.0001,0.0069,pathgraph
2212.6907,101179.7220,85384.8142,145.2152,2.8995,-0.0001,0.0070,pathgraph
2213.6906,101178.7514,85385.0541,145.2224,2.8995,-0.0001,0.0072,pathgraph
2214.6904,101177.7808,85385.2943,145.2300,2.8994,-0.0001,0.0073,pathgraph
2215.6903,101176.8102,85385.5345,145.2377,2.8992,-0.0001,0.0074,pathgraph
2216.6901,101175.8396,85385.7747,145.2453,2.8991,-0.0001,0.0075,pathgraph
2217.6900,101174.8691,85386.0149,145.2529,2.8990,-0.0001,0.0076,pathgraph
2218.6899,101173.8985,85386.2551,145.2606,2.8989,-0.0001,0.0077,pathgraph
2219.6897,101172.9279,85386.4953,145.2682,2.8988,-0.0001,0.0078,pathgraph
2220.6896,101171.9573,85386.7355,145.2759,2.8987,-0.0001,0.0079,pathgraph
2221.6894,101170.9867,85386.9757,145.2835,2.8986,-0.0001,0.0080,pathgraph
2222.6893,101170.0162,85387.2159,145.2913,2.8985,-0.0001,0.0082,pathgraph
2223.6892,101169.0457,85387.4566,145.3000,2.8985,-0.0001,0.0083,pathgraph
2224.6890,101168.0753,85387.6973,145.3087,2.8986,-0.0000,0.0084,pathgraph
2225.6889,101167.1048,85387.9380,145.3174,2.8986,-0.0000,0.0085,pathgraph
2226.6887,101166.1343,85388.1787,145.3261,2.8987,0.0000,0.0086,pathgraph
2227.6886,101165.1639,85388.4194,145.3348,2.8987,0.0000,0.0087,pathgraph
2228.6885,101164.1934,85388.6601,145.3436,2.8987,0.0001,0.0088,pathgraph
2229.6883,101163.2230,85388.9008,145.3523,2.8988,0.0001,0.0089,pathgraph
2230.6882,101162.2525,85389.1415,145.3610,2.8988,0.0001,0.0090,pathgraph
2231.6880,101161.2820,85389.3822,145.3697,2.8988,0.0002,0.0092,pathgraph
2232.6879,101160.3114,85389.6221,145.3790,2.8990,0.0002,0.0093,pathgraph
2233.6878,101159.3406,85389.8616,145.3887,2.8992,0.0002,0.0094,pathgraph
2234.6876,101158.3699,85390.1011,145.3984,2.8994,0.0002,0.0095,pathgraph
2235.6875,101157.3991,85390.3405,145.4082,2.8996,0.0002,0.0096,pathgraph
2236.6874,101156.4284,85390.5800,145.4179,2.8998,0.0002,0.0097,pathgraph
2237.6872,101155.4576,85390.8195,145.4276,2.9000,0.0002,0.0098,pathgraph
2238.6871,101154.4869,85391.0590,145.4373,2.9002,0.0002,0.0099,pathgraph
2239.6869,101153.5161,85391.2984,145.4470,2.9004,0.0002,0.0099,pathgraph
2240.6868,101152.5453,85391.5379,145.4567,2.9006,0.0002,0.0101,pathgraph
2241.6867,101151.5745,85391.7773,145.4665,2.9007,0.0002,0.0102,pathgraph
2242.6865,101150.6035,85392.0158,145.4772,2.9006,0.0002,0.0103,pathgraph
2243.6864,101149.6325,85392.2542,145.4878,2.9005,0.0001,0.0104,pathgraph
2244.6862,101148.6615,85392.4927,145.4984,2.9004,0.0000,0.0105,pathgraph
2245.6861,101147.6905,85392.7311,145.5090,2.9003,-0.0001,0.0105,pathgraph
2246.6860,101146.7195,85392.9696,145.5196,2.9002,-0.0001,0.0106,pathgraph
2247.6858,101145.7485,85393.2081,145.5303,2.9000,-0.0002,0.0107,pathgraph
2248.6857,101144.7775,85393.4465,145.5409,2.8999,-0.0003,0.0108,pathgraph
2249.6855,101143.8065,85393.6850,145.5515,2.8998,-0.0004,0.0109,pathgraph
2250.6854,101142.8355,85393.9235,145.5621,2.8997,-0.0004,0.0110,pathgraph
2251.6853,101141.8648,85394.1632,145.5732,2.8996,-0.0004,0.0111,pathgraph
2252.6851,101140.8943,85394.4037,145.5846,2.8995,-0.0003,0.0112,pathgraph
2253.6850,101139.9238,85394.6442,145.5961,2.8995,-0.0002,0.0112,pathgraph
2254.6848,101138.9533,85394.8847,145.6075,2.8994,-0.0002,0.0113,pathgraph
2255.6847,101137.9828,85395.1252,145.6189,2.8993,-0.0001,0.0114,pathgraph
2256.6846,101137.0122,85395.3657,145.6303,2.8993,0.0000,0.0114,pathgraph
2257.6844,101136.0417,85395.6062,145.6417,2.8992,0.0001,0.0115,pathgraph
2258.6843,101135.0712,85395.8467,145.6531,2.8991,0.0002,0.0116,pathgraph
2259.6842,101134.1007,85396.0872,145.6645,2.8990,0.0003,0.0117,pathgraph
2260.6840,101133.1302,85396.3275,145.6760,2.8990,0.0003,0.0117,pathgraph
2261.6839,101132.1594,85396.5670,145.6881,2.8991,0.0003,0.0118,pathgraph
2262.6837,101131.1887,85396.8064,145.7002,2.8992,0.0002,0.0119,pathgraph
2263.6836,101130.2179,85397.0459,145.7123,2.8992,0.0002,0.0120,pathgraph
2264.6835,101129.2471,85397.2853,145.7244,2.8993,0.0001,0.0120,pathgraph
2265.6833,101128.2764,85397.5248,145.7364,2.8994,0.0001,0.0121,pathgraph
2266.6832,101127.3056,85397.7642,145.7485,2.8995,0.0000,0.0121,pathgraph
2267.6830,101126.3348,85398.0037,145.7606,2.8996,-0.0000,0.0122,pathgraph
2268.6829,101125.3641,85398.2431,145.7727,2.8996,-0.0001,0.0122,pathgraph
2269.6828,101124.3933,85398.4825,145.7848,2.8997,-0.0001,0.0123,pathgraph
2270.6826,101123.4226,85398.7223,145.7972,2.8997,-0.0002,0.0124,pathgraph
2271.6825,101122.4520,85398.9624,145.8098,2.8996,-0.0001,0.0125,pathgraph
2272.6823,101121.4814,85399.2024,145.8225,2.8995,-0.0001,0.0125,pathgraph
2273.6822,101120.5107,85399.4424,145.8351,2.8994,-0.0001,0.0126,pathgraph
2274.6821,101119.5401,85399.6824,145.8477,2.8993,-0.0001,0.0126,pathgraph
2275.6819,101118.5695,85399.9224,145.8603,2.8992,-0.0001,0.0126,pathgraph
2276.6818,101117.5989,85400.1624,145.8730,2.8991,-0.0001,0.0127,pathgraph
2277.6816,101116.6282,85400.4024,145.8856,2.8990,-0.0001,0.0127,pathgraph
2278.6815,101115.6576,85400.6424,145.8982,2.8989,-0.0000,0.0128,pathgraph
2279.6814,101114.6870,85400.8825,145.9109,2.8988,-0.0000,0.0129,pathgraph
2280.6812,101113.7164,85401.1227,145.9240,2.8989,-0.0000,0.0129,pathgraph
2281.6811,101112.7458,85401.3628,145.9371,2.8990,0.0000,0.0130,pathgraph
2282.6809,101111.7752,85401.6030,145.9502,2.8990,0.0000,0.0130,pathgraph
2283.6808,101110.8046,85401.8432,145.9633,2.8991,0.0001,0.0130,pathgraph
2284.6807,101109.8341,85402.0834,145.9763,2.8992,0.0001,0.0131,pathgraph
2285.6805,101108.8635,85402.3236,145.9894,2.8993,0.0001,0.0131,pathgraph
2286.6804,101107.8929,85402.5638,146.0025,2.8993,0.0001,0.0132,pathgraph
2287.6803,101106.9223,85402.8040,146.0156,2.8994,0.0001,0.0132,pathgraph
2288.6801,101105.9517,85403.0441,146.0287,2.8995,0.0002,0.0133,pathgraph
2289.6800,101104.9811,85403.2840,146.0420,2.8995,0.0001,0.0133,pathgraph
2290.6798,101104.0103,85403.5236,146.0555,2.8994,0.0001,0.0134,pathgraph
2291.6797,101103.0396,85403.7632,146.0690,2.8993,0.0000,0.0134,pathgraph
2292.6796,101102.0689,85404.0029,146.0825,2.8993,-0.0000,0.0134,pathgraph
2293.6794,101101.0982,85404.2425,146.0959,2.8992,-0.0001,0.0135,pathgraph
2294.6793,101100.1275,85404.4821,146.1094,2.8992,-0.0001,0.0135,pathgraph
2295.6791,101099.1567,85404.7217,146.1229,2.8991,-0.0001,0.0135,pathgraph
2296.6790,101098.1860,85404.9614,146.1364,2.8990,-0.0002,0.0136,pathgraph
2297.6789,101097.2153,85405.2010,146.1498,2.8990,-0.0002,0.0136,pathgraph
2298.6787,101096.2446,85405.4408,146.1634,2.8989,-0.0003,0.0137,pathgraph
2299.6786,101095.2742,85405.6816,146.1772,2.8988,-0.0002,0.0137,pathgraph
2300.6784,101094.3038,85405.9225,146.1910,2.8988,-0.0002,0.0137,pathgraph
2301.6783,101093.3334,85406.1634,146.2048,2.8987,-0.0001,0.0138,pathgraph
2302.6782,101092.3630,85406.4043,146.2186,2.8986,-0.0001,0.0138,pathgraph
2303.6780,101091.3926,85406.6452,146.2325,2.8985,-0.0000,0.0138,pathgraph
2304.6779,101090.4221,85406.8861,146.2463,2.8984,0.0000,0.0139,pathgraph
2305.6777,101089.4517,85407.1270,146.2601,2.8983,0.0001,0.0139,pathgraph
2306.6776,101088.4813,85407.3679,146.2739,2.8983,0.0001,0.0139,pathgraph
2307.6775,101087.5109,85407.6088,146.2877,2.8983,0.0001,0.0140,pathgraph
2308.6773,101086.5404,85407.8492,146.3018,2.8984,0.0002,0.0140,pathgraph
2309.6772,101085.5698,85408.0894,146.3159,2.8985,0.0002,0.0140,pathgraph
2310.6771,101084.5992,85408.3295,146.3300,2.8987,0.0001,0.0141,pathgraph
2311.6769,101083.6286,85408.5697,146.3441,2.8988,0.0001,0.0141,pathgraph
2312.6768,101082.6580,85408.8098,146.3583,2.8989,0.0001,0.0141,pathgraph
2313.6766,101081.6874,85409.0500,146.3724,2.8991,0.0001,0.0141,pathgraph
2314.6765,101080.7168,85409.2901,146.3865,2.8992,0.0001,0.0142,pathgraph
2315.6764,101079.7463,85409.5303,146.4007,2.8993,0.0001,0.0142,pathgraph
2316.6762,101078.7757,85409.7704,146.4148,2.8995,0.0001,0.0142,pathgraph
2317.6761,101077.8051,85410.0106,146.4289,2.8996,0.0001,0.0143,pathgraph
2318.6759,101076.8344,85410.2503,146.4434,2.8995,0.0001,0.0143,pathgraph
2319.6758,101075.8637,85410.4900,146.4578,2.8994,0.0000,0.0143,pathgraph
2320.6757,101074.8930,85410.7298,146.4722,2.8993,-0.0000,0.0144,pathgraph
2321.6755,101073.9223,85410.9695,146.4866,2.8992,-0.0001,0.0144,pathgraph
2322.6754,101072.9516,85411.2092,146.5010,2.8991,-0.0001,0.0144,pathgraph
2323.6752,101071.9809,85411.4490,146.5154,2.8991,-0.0001,0.0144,pathgraph
2324.6751,101071.0102,85411.6887,146.5298,2.8990,-0.0002,0.0145,pathgraph
2325.6750,101070.0395,85411.9284,146.5442,2.8989,-0.0002,0.0145,pathgraph
2326.6748,101069.0688,85412.1681,146.5586,2.8988,-0.0003,0.0145,pathgraph
2327.6747,101068.0983,85412.4087,146.5731,2.8987,-0.0002,0.0145,pathgraph
2328.6745,101067.1279,85412.6497,146.5878,2.8986,-0.0002,0.0146,pathgraph
2329.6744,101066.1576,85412.8908,146.6024,2.8986,-0.0002,0.0146,pathgraph
2330.6743,101065.1872,85413.1319,146.6171,2.8985,-0.0001,0.0146,pathgraph
2331.6741,101064.2168,85413.3729,146.6317,2.8984,-0.0001,0.0146,pathgraph
2332.6740,101063.2465,85413.6140,146.6464,2.8984,-0.0000,0.0147,pathgraph
2333.6738,101062.2761,85413.8550,146.6610,2.8983,0.0000,0.0147,pathgraph
2334.6737,101061.3057,85414.0961,146.6756,2.8982,0.0000,0.0147,pathgraph
2335.6736,101060.3354,85414.3372,146.6903,2.8981,0.0001,0.0147,pathgraph
2336.6734,101059.3650,85414.5782,146.7050,2.8981,0.0001,0.0147,pathgraph
2337.6733,101058.3946,85414.8192,146.7198,2.8980,0.0001,0.0148,pathgraph
2338.6732,101057.4243,85415.0603,146.7346,2.8980,0.0000,0.0148,pathgraph
2339.6730,101056.4539,85415.3013,146.7495,2.8979,0.0000,0.0148,pathgraph
2340.6729,101055.4835,85415.5424,146.7643,2.8979,-0.0000,0.0148,pathgraph
2341.6727,101054.5131,85415.7834,146.7792,2.8978,-0.0001,0.0148,pathgraph
2342.6726,101053.5428,85416.0244,146.7940,2.8978,-0.0001,0.0149,pathgraph
2343.6725,101052.5724,85416.2655,146.8089,2.8977,-0.0001,0.0149,pathgraph
2344.6723,101051.6020,85416.5065,146.8237,2.8977,-0.0002,0.0149,pathgraph
2345.6722,101050.6316,85416.7475,146.8386,2.8976,-0.0002,0.0149,pathgraph
2346.6720,101049.6613,85416.9889,146.8535,2.8977,-0.0002,0.0149,pathgraph
2347.6719,101048.6911,85417.2304,146.8685,2.8978,-0.0001,0.0149,pathgraph
2348.6718,101047.7208,85417.4719,146.8835,2.8979,-0.0000,0.0150,pathgraph
2349.6716,101046.7506,85417.7135,146.8985,2.8980,0.0000,0.0150,pathgraph
2350.6715,101045.7804,85417.9550,146.9135,2.8981,0.0001,0.0150,pathgraph
2351.6713,101044.8101,85418.1965,146.9285,2.8983,0.0002,0.0150,pathgraph
2352.6712,101043.8399,85418.4381,146.9435,2.8984,0.0002,0.0150,pathgraph
2353.6711,101042.8696,85418.6796,146.9585,2.8985,0.0003,0.0150,pathgraph
2354.6709,101041.8994,85418.9211,146.9734,2.8986,0.0004,0.0152,pathgraph
2355.6708,101040.9291,85419.1626,146.9884,2.8987,0.0004,0.0157,pathgraph
2356.6706,101039.9586,85419.4032,147.0035,2.8984,0.0003,0.0163,pathgraph
2357.6705,101038.9881,85419.6438,147.0186,2.8981,0.0001,0.0168,pathgraph
2358.6704,101038.0176,85419.8844,147.0337,2.8978,-0.0000,0.0174,pathgraph
2359.6702,101037.0472,85420.1250,147.0488,2.8976,-0.0002,0.0180,pathgraph
2360.6701,101036.0767,85420.3656,147.0638,2.8973,-0.0003,0.0186,pathgraph
2361.6700,101035.1062,85420.6062,147.0789,2.8970,-0.0005,0.0192,pathgraph
2362.6698,101034.1357,85420.8468,147.0940,2.8967,-0.0006,0.0198,pathgraph
2363.6697,101033.1652,85421.0874,147.1091,2.8964,-0.0008,0.0176,pathgraph
2364.6695,101032.1947,85421.3279,147.1241,2.8961,-0.0009,0.0151,pathgraph
2365.6694,101031.2245,85421.5693,147.1465,2.8966,-0.0008,0.0151,pathgraph
2366.6693,101030.2543,85421.8112,147.1737,2.8975,-0.0006,0.0151,pathgraph
2367.6691,101029.2841,85422.0531,147.2010,2.8985,-0.0003,0.0151,pathgraph
2368.6690,101028.3140,85422.2950,147.2282,2.8994,-0.0001,0.0151,pathgraph
2369.6688,101027.3438,85422.5369,147.2555,2.9004,0.0001,0.0151,pathgraph
2370.6687,101026.3737,85422.7788,147.2827,2.9013,0.0004,0.0151,pathgraph
2371.6686,101025.4035,85423.0208,147.3100,2.9023,0.0006,0.0151,pathgraph
2372.6684,101024.4334,85423.2627,147.3372,2.9032,0.0008,0.0151,pathgraph
2373.6683,101023.4632,85423.5046,147.3645,2.9042,0.0011,0.0151,pathgraph
2374.6681,101022.4920,85423.7422,147.2749,2.9045,-0.0005,0.0150,pathgraph
2375.6680,101021.5216,85423.9831,147.2900,2.9036,-0.0004,0.0149,pathgraph
2376.6679,101020.5512,85424.2240,147.3050,2.9028,-0.0003,0.0144,pathgraph
2377.6677,101019.5808,85424.4650,147.3200,2.9019,-0.0002,0.0138,pathgraph
2378.6676,101018.6104,85424.7059,147.3350,2.9010,-0.0001,0.0132,pathgraph
2379.6674,101017.6400,85424.9469,147.3500,2.9002,0.0000,0.0126,pathgraph
2380.6673,101016.6696,85425.1878,147.3650,2.8993,0.0001,0.0120,pathgraph
2381.6672,101015.6992,85425.4287,147.3801,2.8985,0.0002,0.0115,pathgraph
2382.6670,101014.7288,85425.6697,147.3951,2.8976,0.0003,0.0109,pathgraph
2383.6669,101013.7584,85425.9106,147.4101,2.8967,0.0004,0.0103,pathgraph
2384.6667,101012.7880,85426.1516,147.4251,2.8966,0.0005,0.0125,pathgraph
2385.6666,101011.8177,85426.3926,147.4400,2.8969,0.0004,0.0149,pathgraph
2386.6665,101010.8473,85426.6336,147.4549,2.8972,0.0004,0.0149,pathgraph
2387.6663,101009.8769,85426.8746,147.4698,2.8974,0.0003,0.0149,pathgraph
2388.6662,101008.9065,85427.1155,147.4847,2.8977,0.0003,0.0149,pathgraph
2389.6660,101007.9361,85427.3565,147.4996,2.8980,0.0002,0.0149,pathgraph
2390.6659,101006.9657,85427.5975,147.5145,2.8983,0.0002,0.0149,pathgraph
2391.6658,101005.9953,85427.8385,147.5294,2.8986,0.0002,0.0148,pathgraph
2392.6656,101005.0250,85428.0795,147.5443,2.8989,0.0001,0.0148,pathgraph
2393.6655,101004.0546,85428.3205,147.5591,2.8992,0.0001,0.0148,pathgraph
2394.6654,101003.0842,85428.5615,147.5739,2.8988,-0.0000,0.0148,pathgraph
2395.6652,101002.1138,85428.8025,147.5886,2.8984,-0.0001,0.0148,pathgraph
2396.6651,101001.1434,85429.0435,147.6033,2.8981,-0.0002,0.0147,pathgraph
2397.6649,101000.1731,85429.2846,147.6181,2.8977,-0.0003,0.0147,pathgraph
2398.6648,100999.2027,85429.5256,147.6328,2.8973,-0.0004,0.0147,pathgraph
2399.6647,100998.2323,85429.7666,147.6475,2.8969,-0.0005,0.0147,pathgraph
2400.6645,100997.2619,85430.0076,147.6623,2.8966,-0.0006,0.0147,pathgraph
2401.6644,100996.2916,85430.2487,147.6770,2.8962,-0.0007,0.0147,pathgraph
2402.6642,100995.3212,85430.4897,147.6917,2.8958,-0.0008,0.0146,pathgraph
2403.6641,100994.3513,85430.7328,147.7063,2.8957,-0.0007,0.0146,pathgraph
2404.6640,100993.3818,85430.9773,147.7208,2.8958,-0.0005,0.0146,pathgraph
2405.6638,100992.4123,85431.2218,147.7353,2.8958,-0.0003,0.0146,pathgraph
2406.6637,100991.4428,85431.4663,147.7498,2.8958,-0.0002,0.0145,pathgraph
2407.6635,100990.4733,85431.7109,147.7643,2.8959,0.0000,0.0145,pathgraph
2408.6634,100989.5038,85431.9554,147.7788,2.8959,0.0002,0.0145,pathgraph
2409.6633,100988.5343,85432.1999,147.7934,2.8960,0.0004,0.0145,pathgraph
2410.6631,100987.5648,85432.4444,147.8079,2.8960,0.0006,0.0145,pathgraph
2411.6630,100986.5953,85432.6889,147.8224,2.8961,0.0007,0.0144,pathgraph
2412.6628,100985.6257,85432.9330,147.8369,2.8962,0.0009,0.0144,pathgraph
2413.6627,100984.6551,85433.1732,147.8511,2.8966,0.0008,0.0144,pathgraph
2414.6626,100983.6846,85433.4134,147.8654,2.8971,0.0007,0.0144,pathgraph
2415.6624,100982.7140,85433.6536,147.8797,2.8975,0.0006,0.0143,pathgraph
2416.6623,100981.7434,85433.8938,147.8940,2.8980,0.0005,0.0143,pathgraph
2417.6621,100980.7728,85434.1340,147.9083,2.8984,0.0004,0.0143,pathgraph
2418.6620,100979.8022,85434.3742,147.9226,2.8989,0.0003,0.0143,pathgraph
2419.6619,100978.8317,85434.6144,147.9369,2.8994,0.0002,0.0143,pathgraph
2420.6617,100977.8611,85434.8546,147.9512,2.8998,0.0001,0.0143,pathgraph
2421.6616,100976.8905,85435.0948,147.9655,2.9003,0.0001,0.0142,pathgraph
2422.6615,100975.9197,85435.3343,147.9797,2.9004,0.0000,0.0142,pathgraph
2423.6613,100974.9489,85435.5733,147.9939,2.9003,-0.0000,0.0142,pathgraph
2424.6612,100973.9780,85435.8123,148.0080,2.9003,-0.0000,0.0142,pathgraph
2425.6610,100973.0071,85436.0513,148.0222,2.9002,-0.0001,0.0142,pathgraph
2426.6609,100972.0362,85436.2903,148.0364,2.9001,-0.0001,0.0142,pathgraph
2427.6608,100971.0653,85436.5292,148.0505,2.9000,-0.0001,0.0142,pathgraph
2428.6606,100970.0945,85436.7682,148.0647,2.8999,-0.0001,0.0142,pathgraph
2429.6605,100969.1236,85437.0072,148.0788,2.8999,-0.0001,0.0142,pathgraph
2430.6603,100968.1527,85437.2462,148.0930,2.8998,-0.0002,0.0141,pathgraph
2431.6602,100967.1819,85437.4853,148.1071,2.8997,-0.0002,0.0141,pathgraph
2432.6601,100966.2113,85437.7258,148.1212,2.8995,-0.0002,0.0141,pathgraph
2433.6599,100965.2408,85437.9663,148.1353,2.8992,-0.0002,0.0141,pathgraph
2434.6598,100964.2703,85438.2068,148.1494,2.8990,-0.0002,0.0141,pathgraph
2435.6596,100963.2998,85438.4473,148.1635,2.8987,-0.0002,0.0141,pathgraph
2436.6595,100962.3293,85438.6878,148.1776,2.8985,-0.0002,0.0141,pathgraph
2437.6594,100961.3588,85438.9283,148.1917,2.8982,-0.0003,0.0141,pathgraph
2438.6592,100960.3883,85439.1688,148.2058,2.8980,-0.0003,0.0141,pathgraph
2439.6591,100959.4178,85439.4093,148.2198,2.8978,-0.0003,0.0141,pathgraph
2440.6589,100958.4473,85439.6497,148.2339,2.8975,-0.0003,0.0141,pathgraph
2441.6588,100957.4770,85439.8911,148.2480,2.8975,-0.0003,0.0141,pathgraph
2442.6587,100956.5069,85440.1331,148.2620,2.8975,-0.0002,0.0141,pathgraph
2443.6585,100955.5367,85440.3751,148.2761,2.8976,-0.0001,0.0140,pathgraph
2444.6584,100954.5666,85440.6171,148.2901,2.8977,-0.0000,0.0140,pathgraph
2445.6583,100953.5965,85440.8591,148.3041,2.8977,0.0001,0.0140,pathgraph
2446.6581,100952.6263,85441.1011,148.3182,2.8978,0.0001,0.0140,pathgraph
2447.6580,100951.6562,85441.3431,148.3322,2.8979,0.0002,0.0140,pathgraph
2448.6578,100950.6861,85441.5851,148.3462,2.8980,0.0003,0.0140,pathgraph
2449.6577,100949.7159,85441.8271,148.3603,2.8980,0.0004,0.0140,pathgraph
2450.6576,100948.7458,85442.0690,148.3743,2.8981,0.0005,0.0140,pathgraph
2451.6574,100947.7752,85442.3091,148.3883,2.8982,0.0004,0.0140,pathgraph
2452.6573,100946.8046,85442.5492,148.4023,2.8983,0.0003,0.0140,pathgraph
2453.6571,100945.8340,85442.7893,148.4163,2.8983,0.0002,0.0140,pathgraph
2454.6570,100944.8633,85443.0294,148.4303,2.8984,0.0001,0.0140,pathgraph
2455.6569,100943.8927,85443.2695,148.4442,2.8985,0.0000,0.0140,pathgraph
2456.6567,100942.9221,85443.5096,148.4582,2.8986,-0.0000,0.0140,pathgraph
2457.6566,100941.9515,85443.7497,148.4722,2.8987,-0.0001,0.0140,pathgraph
2458.6564,100940.9809,85443.9898,148.4862,2.8987,-0.0002,0.0140,pathgraph
2459.6563,100940.0103,85444.2299,148.5002,2.8988,-0.0003,0.0140,pathgraph
2460.6562,100939.0399,85444.4707,148.5141,2.8987,-0.0003,0.0140,pathgraph
2461.6560,100938.0696,85444.7119,148.5281,2.8986,-0.0003,0.0139,pathgraph
2462.6559,100937.0993,85444.9532,148.5420,2.8984,-0.0002,0.0139,pathgraph
2463.6557,100936.1290,85445.1945,148.5559,2.8983,-0.0002,0.0139,pathgraph
2464.6556,100935.1586,85445.4358,148.5699,2.8981,-0.0002,0.0139,pathgraph
2465.6555,100934.1883,85445.6771,148.5838,2.8980,-0.0001,0.0139,pathgraph
2466.6553,100933.2180,85445.9184,148.5977,2.8978,-0.0001,0.0139,pathgraph
2467.6552,100932.2477,85446.1596,148.6117,2.8977,-0.0001,0.0139,pathgraph
2468.6550,100931.2774,85446.4009,148.6256,2.8975,-0.0000,0.0139,pathgraph
2469.6549,100930.3071,85446.6422,148.6395,2.8974,0.0000,0.0139,pathgraph
2470.6548,100929.3369,85446.8838,148.6534,2.8975,0.0000,0.0139,pathgraph
2471.6546,100928.3666,85447.1254,148.6673,2.8975,0.0000,0.0139,pathgraph
2472.6545,100927.3964,85447.3670,148.6811,2.8975,0.0000,0.0139,pathgraph
2473.6544,100926.4261,85447.6086,148.6950,2.8976,0.0000,0.0139,pathgraph
2474.6542,100925.4559,85447.8502,148.7089,2.8976,0.0000,0.0139,pathgraph
2475.6541,100924.4857,85448.0917,148.7227,2.8977,0.0001,0.0139,pathgraph
2476.6539,100923.5154,85448.3333,148.7366,2.8977,0.0001,0.0138,pathgraph
2477.6538,100922.5452,85448.5749,148.7505,2.8978,0.0001,0.0138,pathgraph
2478.6537,100921.5750,85448.8165,148.7643,2.8978,0.0001,0.0138,pathgraph
2479.6535,100920.6047,85449.0579,148.7782,2.8978,0.0001,0.0138,pathgraph
2480.6534,100919.6344,85449.2992,148.7919,2.8978,0.0000,0.0138,pathgraph
2481.6532,100918.6641,85449.5405,148.8057,2.8977,0.0000,0.0138,pathgraph
2482.6531,100917.6938,85449.7818,148.8195,2.8977,-0.0000,0.0138,pathgraph
2483.6530,100916.7235,85450.0231,148.8333,2.8977,-0.0000,0.0138,pathgraph
2484.6528,100915.7532,85450.2644,148.8471,2.8976,-0.0000,0.0138,pathgraph
2485.6527,100914.7828,85450.5057,148.8609,2.8976,-0.0001,0.0138,pathgraph
2486.6525,100913.8125,85450.7470,148.8747,2.8976,-0.0001,0.0138,pathgraph
2487.6524,100912.8422,85450.9883,148.8885,2.8976,-0.0001,0.0138,pathgraph
2488.6523,100911.8719,85451.2297,148.9023,2.8975,-0.0001,0.0137,pathgraph
2489.6521,100910.9018,85451.4715,148.9160,2.8975,-0.0001,0.0137,pathgraph
2490.6520,100909.9316,85451.7134,148.9297,2.8974,-0.0001,0.0137,pathgraph
2491.6518,100908.9614,85451.9552,148.9434,2.8974,-0.0000,0.0137,pathgraph
2492.6517,100907.9913,85452.1971,148.9571,2.8973,-0.0000,0.0137,pathgraph
2493.6516,100907.0211,85452.4389,148.9708,2.8972,0.0000,0.0137,pathgraph
2494.6514,100906.0509,85452.6808,148.9845,2.8972,0.0000,0.0137,pathgraph
2495.6513,100905.0807,85452.9226,148.9982,2.8973,0.0000,0.0137,pathgraph
2496.6512,100904.1106,85453.1645,149.0119,2.8973,0.0000,0.0137,pathgraph
2497.6510,100903.1404,85453.4063,149.0256,2.8974,0.0001,0.0137,pathgraph
2498.6509,100902.1702,85453.6479,149.0393,2.8974,0.0001,0.0137,pathgraph
2499.6507,100901.1999,85453.8893,149.0529,2.8975,0.0001,0.0136,pathgraph
2500.6506,100900.2296,85454.1308,149.0665,2.8976,0.0001,0.0136,pathgraph
2501.6505,100899.2593,85454.3722,149.0802,2.8977,0.0001,0.0136,pathgraph
2502.6503,100898.2891,85454.6136,149.0938,2.8978,0.0001,0.0136,pathgraph
2503.6502,100897.3188,85454.8550,149.1074,2.8978,0.0001,0.0136,pathgraph
2504.6500,100896.3485,85455.0965,149.1210,2.8979,0.0001,0.0136,pathgraph
2505.6499,100895.3782,85455.3379,149.1346,2.8980,0.0001,0.0136,pathgraph
2506.6498,100894.4080,85455.5793,149.1483,2.8981,0.0001,0.0136,pathgraph
2507.6496,100893.4377,85455.8207,149.1619,2.8982,0.0001,0.0136,pathgraph
2508.6495,100892.4672,85456.0614,149.1754,2.8982,0.0001,0.0136,pathgraph
2509.6493,100891.4968,85456.3022,149.1889,2.8982,0.0001,0.0135,pathgraph
2510.6492,100890.5263,85456.5430,149.2024,2.8982,0.0001,0.0135,pathgraph
2511.6491,100889.5559,85456.7837,149.2160,2.8982,0.0000,0.0135,pathgraph
2512.6489,100888.5855,85457.0245,149.2295,2.8983,0.0000,0.0135,pathgraph
2513.6488,100887.6150,85457.2652,149.2430,2.8983,-0.0000,0.0135,pathgraph
2514.6486,100886.6446,85457.5060,149.2565,2.8983,-0.0000,0.0135,pathgraph
2515.6485,100885.6741,85457.7467,149.2701,2.8983,-0.0001,0.0135,pathgraph
2516.6484,100884.7037,85457.9875,149.2836,2.8983,-0.0001,0.0135,pathgraph
2517.6482,100883.7333,85458.2284,149.2970,2.8983,-0.0001,0.0135,pathgraph
2518.6481,100882.7629,85458.4695,149.3104,2.8983,-0.0001,0.0134,pathgraph
2519.6479,100881.7926,85458.7106,149.3239,2.8982,-0.0001,0.0134,pathgraph
2520.6478,100880.8222,85458.9517,149.3373,2.8982,-0.0001,0.0134,pathgraph
2521.6477,100879.8519,85459.1928,149.3507,2.8981,-0.0000,0.0134,pathgraph
2522.6475,100878.8815,85459.4339,149.3641,2.8981,-0.0000,0.0134,pathgraph
2523.6474,100877.9112,85459.6750,149.3775,2.8981,-0.0000,0.0134,pathgraph
2524.6473,100876.9408,85459.9161,149.3909,2.8980,-0.0000,0.0134,pathgraph
2525.6471,100875.9704,85460.1572,149.4043,2.8980,-0.0000,0.0134,pathgraph
2526.6470,100875.0001,85460.3983,149.4177,2.8979,0.0000,0.0133,pathgraph
2527.6468,100874.0297,85460.6394,149.4310,2.8980,0.0000,0.0133,pathgraph
2528.6467,100873.0594,85460.8805,149.4443,2.8980,0.0000,0.0133,pathgraph
2529.6466,100872.0890,85461.1216,149.4575,2.8980,0.0000,0.0133,pathgraph
2530.6464,100871.1187,85461.3627,149.4708,2.8981,0.0000,0.0133,pathgraph
2531.6463,100870.1483,85461.6039,149.4841,2.8981,0.0000,0.0133,pathgraph
2532.6461,100869.1780,85461.8450,149.4974,2.8981,0.0000,0.0132,pathgraph
2533.6460,100868.2076,85462.0861,149.5106,2.8982,0.0001,0.0132,pathgraph
2534.6459,100867.2372,85462.3272,149.5239,2.8982,0.0001,0.0132,pathgraph
2535.6457,100866.2669,85462.5683,149.5372,2.8983,0.0001,0.0132,pathgraph
2536.6456,100865.2965,85462.8093,149.5504,2.8982,0.0001,0.0132,pathgraph
2537.6454,100864.3261,85463.0503,149.5635,2.8982,0.0000,0.0132,pathgraph
2538.6453,100863.3557,85463.2913,149.5766,2.8981,0.0000,0.0131,pathgraph
2539.6452,100862.3853,85463.5322,149.5897,2.8981,-0.0000,0.0131,pathgraph
2540.6450,100861.4150,85463.7732,149.6028,2.8980,-0.0001,0.0131,pathgraph
2541.6449,100860.4446,85464.0142,149.6159,2.8980,-0.0001,0.0131,pathgraph
2542.6447,100859.4742,85464.2551,149.6290,2.8979,-0.0001,0.0131,pathgraph
2543.6446,100858.5038,85464.4961,149.6421,2.8978,-0.0001,0.0131,pathgraph
2544.6445,100857.5334,85464.7370,149.6552,2.8978,-0.0002,0.0130,pathgraph
2545.6443,100856.5630,85464.9781,149.6683,2.8977,-0.0002,0.0130,pathgraph
2546.6442,100855.5930,85465.2205,149.6812,2.8975,-0.0002,0.0130,pathgraph
2547.6441,100854.6229,85465.4628,149.6941,2.8973,-0.0002,0.0130,pathgraph
2548.6439,100853.6529,85465.7052,149.7070,2.8971,-0.0002,0.0129,pathgraph
2549.6438,100852.6829,85465.9476,149.7200,2.8968,-0.0002,0.0129,pathgraph
2550.6436,100851.7128,85466.1899,149.7329,2.8966,-0.0002,0.0129,pathgraph
2551.6435,100850.7428,85466.4323,149.7458,2.8964,-0.0002,0.0129,pathgraph
2552.6434,100849.7727,85466.6747,149.7587,2.8962,-0.0002,0.0128,pathgraph
2553.6432,100848.8027,85466.9170,149.7716,2.8960,-0.0003,0.0128,pathgraph
2554.6431,100847.8327,85467.1594,149.7845,2.8957,-0.0003,0.0128,pathgraph
2555.6429,100846.8629,85467.4027,149.7972,2.8956,-0.0002,0.0128,pathgraph
2556.6428,100845.8932,85467.6468,149.8099,2.8955,-0.0002,0.0127,pathgraph
2557.6427,100844.9236,85467.8908,149.8226,2.8955,-0.0002,0.0127,pathgraph
2558.6425,100843.9540,85468.1348,149.8352,2.8954,-0.0001,0.0127,pathgraph
2559.6424,100842.9844,85468.3789,149.8479,2.8954,-0.0001,0.0127,pathgraph
2560.6422,100842.0147,85468.6229,149.8606,2.8953,-0.0000,0.0126,pathgraph
2561.6421,100841.0451,85468.8669,149.8732,2.8953,0.0000,0.0126,pathgraph
2562.6420,100840.0755,85469.1110,149.8859,2.8952,0.0001,0.0126,pathgraph
2563.6418,100839.1059,85469.3550,149.8985,2.8951,0.0001,0.0126,pathgraph
2564.6417,100838.1362,85469.5990,149.9112,2.8951,0.0001,0.0125,pathgraph
2565.6415,100837.1664,85469.8423,149.9236,2.8952,0.0001,0.0125,pathgraph
2566.6414,100836.1966,85470.0856,149.9359,2.8954,0.0001,0.0124,pathgraph
2567.6413,100835.2268,85470.3289,149.9483,2.8956,0.0002,0.0124,pathgraph
2568.6411,100834.2570,85470.5721,149.9607,2.8957,0.0002,0.0124,pathgraph
2569.6410,100833.2872,85470.8154,149.9731,2.8959,0.0002,0.0124,pathgraph
2570.6409,100832.3174,85471.0587,149.9854,2.8960,0.0002,0.0123,pathgraph
2571.6407,100831.3476,85471.3020,149.9978,2.8962,0.0002,0.0123,pathgraph
2572.6406,100830.3778,85471.5453,150.0102,2.8963,0.0002,0.0123,pathgraph
2573.6404,100829.4079,85471.7886,150.0226,2.8965,0.0002,0.0122,pathgraph
2574.6403,100828.4380,85472.0315,150.0347,2.8965,0.0001,0.0122,pathgraph
2575.6402,100827.4681,85472.2742,150.0468,2.8964,0.0001,0.0121,pathgraph
2576.6400,100826.4981,85472.5169,150.0588,2.8962,0.0000,0.0121,pathgraph
2577.6399,100825.5281,85472.7595,150.0709,2.8961,-0.0001,0.0121,pathgraph
2578.6397,100824.5582,85473.0022,150.0829,2.8960,-0.0001,0.0120,pathgraph
2579.6396,100823.5882,85473.2449,150.0949,2.8959,-0.0002,0.0120,pathgraph
2580.6395,100822.6182,85473.4875,150.1070,2.8957,-0.0002,0.0120,pathgraph
2581.6393,100821.6483,85473.7302,150.1190,2.8956,-0.0003,0.0119,pathgraph
2582.6392,100820.6783,85473.9729,150.1311,2.8955,-0.0004,0.0119,pathgraph
2583.6390,100819.7084,85474.2156,150.1431,2.8954,-0.0004,0.0119,pathgraph
2584.6389,100818.7388,85474.4599,150.1548,2.8952,-0.0003,0.0118,pathgraph
2585.6388,100817.7693,85474.7042,150.1665,2.8951,-0.0002,0.0118,pathgraph
2586.6386,100816.7997,85474.9485,150.1781,2.8950,-0.0001,0.0117,pathgraph
2587.6385,100815.8302,85475.1928,150.1898,2.8949,0.0000,0.0117,pathgraph
2588.6383,100814.8606,85475.4372,150.2015,2.8948,0.0001,0.0117,pathgraph
2589.6382,100813.8910,85475.6815,150.2132,2.8947,0.0001,0.0116,pathgraph
2590.6381,100812.9215,85475.9258,150.2249,2.8946,-0.0000,0.0116,pathgraph
2591.6379,100811.9519,85476.1701,150.2366,2.8945,-0.0002,0.0116,pathgraph
2592.6378,100810.9824,85476.4144,150.2482,2.8944,-0.0003,0.0115,pathgraph
2593.6376,100810.0131,85476.6598,150.2597,2.8942,-0.0004,0.0115,pathgraph
2594.6375,100809.0441,85476.9062,150.2711,2.8938,-0.0004,0.0114,pathgraph
2595.6374,100808.0751,85477.1526,150.2824,2.8934,-0.0004,0.0114,pathgraph
2596.6372,100807.1060,85477.3990,150.2937,2.8930,-0.0004,0.0114,pathgraph
2597.6371,100806.1370,85477.6454,150.3050,2.8926,-0.0004,0.0113,pathgraph
2598.6370,100805.1680,85477.8918,150.3164,2.8923,-0.0004,0.0113,pathgraph
2599.6368,100804.1989,85478.1381,150.3277,2.8919,-0.0004,0.0113,pathgraph
2600.6367,100803.2299,85478.3845,150.3390,2.8915,-0.0004,0.0113,pathgraph
2601.6365,100802.2609,85478.6309,150.3504,2.8911,-0.0004,0.0112,pathgraph
2602.6364,100801.2919,85478.8775,150.3617,2.8907,-0.0004,0.0112,pathgraph
2603.6363,100800.3237,85479.1270,150.3727,2.8905,-0.0004,0.0111,pathgraph
2604.6361,100799.3555,85479.3765,150.3837,2.8903,-0.0003,0.0111,pathgraph
2605.6360,100798.3872,85479.6260,150.3947,2.8901,-0.0003,0.0111,pathgraph
2606.6358,100797.4190,85479.8755,150.4058,2.8898,-0.0003,0.0111,pathgraph
2607.6357,100796.4508,85480.1251,150.4168,2.8896,-0.0002,0.0110,pathgraph
2608.6356,100795.4825,85480.3746,150.4278,2.8894,-0.0002,0.0110,pathgraph
2609.6354,100794.5143,85480.6241,150.4388,2.8891,-0.0001,0.0110,pathgraph
2610.6353,100793.5461,85480.8736,150.4498,2.8889,-0.0001,0.0110,pathgraph
2611.6351,100792.5779,85481.1231,150.4608,2.8887,-0.0001,0.0109,pathgraph
2612.6350,100791.6098,85481.3733,150.4717,2.8885,-0.0001,0.0109,pathgraph
2613.6349,100790.6419,85481.6241,150.4825,2.8884,-0.0001,0.0109,pathgraph
2614.6347,100789.6740,85481.8748,150.4933,2.8883,-0.0001,0.0109,pathgraph
2615.6346,100788.7061,85482.1256,150.5041,2.8881,-0.0001,0.0108,pathgraph
2616.6344,100787.7382,85482.3763,150.5149,2.8880,-0.0001,0.0108,pathgraph
2617.6343,100786.7703,85482.6271,150.5257,2.8879,-0.0001,0.0108,pathgraph
2618.6342,100785.8024,85482.8778,150.5365,2.8878,-0.0001,0.0108,pathgraph
2619.6340,100784.8345,85483.1286,150.5473,2.8877,-0.0002,0.0108,pathgraph
2620.6339,100783.8665,85483.3793,150.5581,2.8876,-0.0002,0.0108,pathgraph
2621.6338,100782.8987,85483.6302,150.5688,2.8874,-0.0002,0.0108,pathgraph
2622.6336,100781.9315,85483.8836,150.5795,2.8866,-0.0004,0.0108,pathgraph
2623.6335,100780.9642,85484.1369,150.5902,2.8858,-0.0005,0.0107,pathgraph
2624.6333,100779.9970,85484.3903,150.6009,2.8850,-0.0007,0.0107,pathgraph
2625.6332,100779.0298,85484.6437,150.6116,2.8842,-0.0009,0.0107,pathgraph
2626.6331,100778.0625,85484.8970,150.6223,2.8834,-0.0011,0.0107,pathgraph
2627.6329,100777.0953,85485.1504,150.6330,2.8826,-0.0013,0.0107,pathgraph
2628.6328,100776.1282,85485.4042,150.6437,2.8818,-0.0014,0.0107,pathgraph
2629.6326,100775.1629,85485.6647,150.6545,2.8813,-0.0012,0.0108,pathgraph
2630.6325,100774.1976,85485.9253,150.6652,2.8808,-0.0010,0.0108,pathgraph
2631.6324,100773.2322,85486.1858,150.6759,2.8803,-0.0008,0.0108,pathgraph
2632.6322,100772.2669,85486.4464,150.6867,2.8798,-0.0006,0.0108,pathgraph
2633.6321,100771.3016,85486.7069,150.6974,2.8793,-0.0004,0.0108,pathgraph
2634.6319,100770.3363,85486.9675,150.7081,2.8788,-0.0002,0.0108,pathgraph
2635.6318,100769.3710,85487.2280,150.7189,2.8783,-0.0001,0.0108,pathgraph
2636.6317,100768.4057,85487.4886,150.7296,2.8778,0.0001,0.0108,pathgraph
2637.6315,100767.4404,85487.7492,150.7403,2.8773,0.0003,0.0108,pathgraph
2638.6314,100766.4751,85488.0097,150.7512,2.8771,0.0004,0.0109,pathgraph
2639.6312,100765.5098,85488.2704,150.7621,2.8771,0.0003,0.0109,pathgraph
2640.6311,100764.5445,85488.5310,150.7731,2.8772,0.0002,0.0109,pathgraph
2641.6310,100763.5792,85488.7916,150.7840,2.8772,0.0001,0.0110,pathgraph
2642.6308,100762.6139,85489.0522,150.7950,2.8773,0.0001,0.0110,pathgraph
2643.6307,100761.6486,85489.3128,150.8059,2.8773,-0.0000,0.0110,pathgraph
2644.6305,100760.6833,85489.5735,150.8168,2.8774,-0.0001,0.0110,pathgraph
2645.6304,100759.7180,85489.8341,150.8278,2.8774,-0.0002,0.0111,pathgraph
2646.6303,100758.7527,85490.0947,150.8387,2.8774,-0.0003,0.0111,pathgraph
2647.6301,100757.7874,85490.3554,150.8497,2.8775,-0.0003,0.0111,pathgraph
2648.6300,100756.8225,85490.6174,150.8610,2.8773,-0.0003,0.0112,pathgraph
2649.6299,100755.8575,85490.8794,150.8723,2.8772,-0.0003,0.0112,pathgraph
2650.6297,100754.8926,85491.1414,150.8836,2.8770,-0.0002,0.0113,pathgraph
2651.6296,100753.9277,85491.4034,150.8949,2.8769,-0.0002,0.0113,pathgraph
2652.6294,100752.9628,85491.6654,150.9062,2.8767,-0.0001,0.0114,pathgraph
2653.6293,100751.9978,85491.9274,150.9176,2.8766,-0.0001,0.0114,pathgraph
2654.6292,100751.0329,85492.1893,150.9289,2.8764,-0.0001,0.0114,pathgraph
2655.6290,100750.0680,85492.4513,150.9402,2.8763,-0.0000,0.0115,pathgraph
2656.6289,100749.1031,85492.7133,150.9515,2.8761,0.0000,0.0115,pathgraph
2657.6287,100748.1382,85492.9757,150.9631,2.8760,0.0000,0.0116,pathgraph
2658.6286,100747.1735,85493.2384,150.9749,2.8759,-0.0000,0.0116,pathgraph
2659.6285,100746.2088,85493.5011,150.9866,2.8758,-0.0000,0.0117,pathgraph
2660.6283,100745.2440,85493.7638,150.9984,2.8756,-0.0001,0.0117,pathgraph
2661.6282,100744.2793,85494.0265,151.0102,2.8755,-0.0001,0.0118,pathgraph
2662.6280,100743.3146,85494.2892,151.0220,2.8754,-0.0001,0.0118,pathgraph
2663.6279,100742.3498,85494.5518,151.0338,2.8753,-0.0002,0.0119,pathgraph
2664.6278,100741.3851,85494.8145,151.0456,2.8752,-0.0002,0.0119,pathgraph
2665.6276,100740.4204,85495.0772,151.0574,2.8750,-0.0002,0.0120,pathgraph
2666.6275,100739.4556,85495.3399,151.0692,2.8750,-0.0003,0.0121,pathgraph
2667.6273,100738.4910,85495.6030,151.0815,2.8752,-0.0001,0.0121,pathgraph
2668.6272,100737.5264,85495.8661,151.0938,2.8755,-0.0000,0.0122,pathgraph
2669.6271,100736.5617,85496.1292,151.1061,2.8757,0.0001,0.0122,pathgraph
2670.6269,100735.5971,85496.3923,151.1184,2.8760,0.0002,0.0123,pathgraph
2671.6268,100734.6325,85496.6554,151.1307,2.8763,0.0003,0.0123,pathgraph
2672.6267,100733.6679,85496.9185,151.1430,2.8765,0.0004,0.0124,pathgraph
2673.6265,100732.7032,85497.1816,151.1553,2.8768,0.0005,0.0124,pathgraph
2674.6264,100731.7386,85497.4447,151.1677,2.8771,0.0006,0.0125,pathgraph
2675.6262,100730.7740,85497.7078,151.1800,2.8773,0.0007,0.0125,pathgraph
2676.6261,100729.8089,85497.9693,151.1926,2.8774,0.0007,0.0126,pathgraph
2677.6260,100728.8436,85498.2296,151.2054,2.8772,0.0005,0.0127,pathgraph
2678.6258,100727.8782,85498.4900,151.2182,2.8770,0.0003,0.0127,pathgraph
2679.6257,100726.9128,85498.7503,151.2311,2.8768,0.0001,0.0128,pathgraph
2680.6255,100725.9474,85499.0106,151.2439,2.8767,-0.0001,0.0128,pathgraph
2681.6254,100724.9820,85499.2709,151.2567,2.8765,-0.0002,0.0129,pathgraph
2682.6253,100724.0167,85499.5312,151.2696,2.8763,-0.0004,0.0129,pathgraph
2683.6251,100723.0513,85499.7915,151.2824,2.8761,-0.0006,0.0130,pathgraph
2684.6250,100722.0859,85500.0518,151.2952,2.8760,-0.0008,0.0130,pathgraph
2685.6248,100721.1206,85500.3123,151.3081,2.8758,-0.0009,0.0131,pathgraph
2686.6247,100720.1559,85500.5754,151.3214,2.8754,-0.0003,0.0131,pathgraph
2687.6246,100719.1913,85500.8385,151.3347,2.8751,0.0000,0.0132,pathgraph
2688.6244,100718.2267,85501.1017,151.3480,2.8751,-0.0000,0.0132,pathgraph
2689.6243,100717.2621,85501.3648,151.3613,2.8751,-0.0001,0.0133,pathgraph
2690.6241,100716.2975,85501.6279,151.3746,2.8750,-0.0001,0.0133,pathgraph
2691.6240,100715.3329,85501.8910,151.3879,2.8750,-0.0001,0.0133,pathgraph
2692.6239,100714.3682,85502.1542,151.4012,2.8750,-0.0001,0.0134,pathgraph
2693.6237,100713.4036,85502.4173,151.4145,2.8750,-0.0002,0.0134,pathgraph
2694.6236,100712.4390,85502.6804,151.4278,2.8749,-0.0002,0.0135,pathgraph
2695.6234,100711.4744,85502.9437,151.4413,2.8750,-0.0002,0.0135,pathgraph
2696.6233,100710.5099,85503.2071,151.4550,2.8751,-0.0001,0.0136,pathgraph
2697.6232,100709.5454,85503.4705,151.4687,2.8753,-0.0000,0.0136,pathgraph
2698.6230,100708.5808,85503.7339,151.4824,2.8754,0.0001,0.0136,pathgraph
2699.6229,100707.6163,85503.9973,151.4961,2.8756,0.0001,0.0136,pathgraph
2700.6228,100706.6517,85504.2607,151.5097,2.8757,0.0002,0.0137,pathgraph
2701.6226,100705.6872,85504.5241,151.5234,2.8758,0.0003,0.0137,pathgraph
2702.6225,100704.7226,85504.7875,151.5371,2.8760,0.0003,0.0137,pathgraph
2703.6223,100703.7581,85505.0510,151.5508,2.8761,0.0004,0.0138,pathgraph
2704.6222,100702.7935,85505.3142,151.5645,2.8762,0.0005,0.0138,pathgraph
2705.6221,100701.8283,85505.5750,151.5784,2.8765,0.0004,0.0138,pathgraph
2706.6219,100700.8630,85505.8357,151.5923,2.8767,0.0004,0.0138,pathgraph
2707.6218,100699.8977,85506.0964,151.6063,2.8770,0.0003,0.0138,pathgraph
2708.6216,100698.9325,85506.3571,151.6202,2.8772,0.0003,0.0139,pathgraph
2709.6215,100697.9672,85506.6179,151.6341,2.8774,0.0002,0.0139,pathgraph
2710.6214,100697.0019,85506.8786,151.6480,2.8777,0.0002,0.0139,pathgraph
2711.6212,100696.0367,85507.1393,151.6619,2.8779,0.0001,0.0139,pathgraph
2712.6211,100695.0714,85507.4001,151.6759,2.8781,0.0001,0.0139,pathgraph
2713.6209,100694.1061,85507.6608,151.6898,2.8784,0.0000,0.0139,pathgraph
2714.6208,100693.1408,85507.9212,151.7037,2.8785,-0.0000,0.0139,pathgraph
2715.6207,100692.1754,85508.1815,151.7177,2.8784,-0.0000,0.0139,pathgraph
2716.6205,100691.2100,85508.4417,151.7317,2.8784,-0.0000,0.0139,pathgraph
2717.6204,100690.2446,85508.7019,151.7457,2.8783,-0.0000,0.0139,pathgraph
2718.6202,100689.2792,85508.9621,151.7596,2.8783,-0.0000,0.0139,pathgraph
2719.6201,100688.3138,85509.2223,151.7736,2.8782,-0.0001,0.0139,pathgraph
2720.6200,100687.3484,85509.4826,151.7876,2.8782,-0.0001,0.0139,pathgraph
2721.6198,100686.3829,85509.7428,151.8016,2.8781,-0.0001,0.0139,pathgraph
2722.6197,100685.4175,85510.0030,151.8155,2.8781,-0.0001,0.0139,pathgraph
2723.6196,100684.4521,85510.2633,151.8295,2.8780,-0.0001,0.0139,pathgraph
2724.6194,100683.4869,85510.5242,151.8433,2.8779,-0.0001,0.0139,pathgraph
2725.6193,100682.5217,85510.7852,151.8572,2.8778,-0.0001,0.0139,pathgraph
2726.6191,100681.5565,85511.0462,151.8710,2.8777,-0.0001,0.0138,pathgraph
2727.6190,100680.5913,85511.3072,151.8849,2.8775,-0.0001,0.0138,pathgraph
2728.6189,100679.6261,85511.5681,151.8987,2.8774,-0.0001,0.0138,pathgraph
2729.6187,100678.6609,85511.8291,151.9126,2.8773,-0.0001,0.0138,pathgraph
2730.6186,100677.6957,85512.0901,151.9264,2.8771,-0.0002,0.0138,pathgraph
2731.6184,100676.7305,85512.3511,151.9403,2.8770,-0.0002,0.0137,pathgraph
2732.6183,100675.7653,85512.6120,151.9541,2.8769,-0.0002,0.0137,pathgraph
2733.6182,100674.8003,85512.8736,151.9678,2.8768,-0.0002,0.0137,pathgraph
2734.6180,100673.8354,85513.1357,151.9814,2.8768,-0.0001,0.0136,pathgraph
2735.6179,100672.8705,85513.3978,151.9950,2.8767,-0.0001,0.0136,pathgraph
2736.6177,100671.9056,85513.6598,152.0085,2.8766,-0.0001,0.0136,pathgraph
2737.6176,100670.9407,85513.9219,152.0221,2.8766,-0.0001,0.0136,pathgraph
2738.6175,100669.9758,85514.1840,152.0357,2.8765,-0.0000,0.0135,pathgraph
2739.6173,100669.0109,85514.4461,152.0493,2.8765,-0.0000,0.0135,pathgraph
2740.6172,100668.0460,85514.7082,152.0628,2.8764,0.0000,0.0135,pathgraph
2741.6170,100667.0811,85514.9702,152.0764,2.8764,0.0000,0.0134,pathgraph
2742.6169,100666.1162,85515.2323,152.0900,2.8763,0.0001,0.0134,pathgraph
2743.6168,100665.1511,85515.4939,152.1032,2.8765,0.0001,0.0133,pathgraph
2744.6166,100664.1861,85515.7555,152.1164,2.8766,0.0001,0.0133,pathgraph
2745.6165,100663.2211,85516.0171,152.1296,2.8767,0.0001,0.0133,pathgraph
2746.6163,100662.2560,85516.2787,152.1428,2.8769,0.0001,0.0132,pathgraph
2747.6162,100661.2910,85516.5403,152.1560,2.8770,0.0001,0.0132,pathgraph
2748.6161,100660.3260,85516.8019,152.1692,2.8772,0.0002,0.0131,pathgraph
2749.6159,100659.3609,85517.0635,152.1824,2.8773,0.0002,0.0131,pathgraph
2750.6158,100658.3959,85517.3251,152.1956,2.8774,0.0002,0.0131,pathgraph
2751.6157,100657.4309,85517.5867,152.2088,2.8776,0.0002,0.0130,pathgraph
2752.6155,100656.4656,85517.8475,152.2218,2.8777,0.0002,0.0130,pathgraph
2753.6154,100655.5002,85518.1077,152.2346,2.8778,0.0002,0.0129,pathgraph
2754.6152,100654.5348,85518.3678,152.2474,2.8780,0.0002,0.0129,pathgraph
2755.6151,100653.5694,85518.6280,152.2602,2.8781,0.0001,0.0128,pathgraph
2756.6150,100652.6039,85518.8882,152.2729,2.8782,0.0001,0.0128,pathgraph
2757.6148,100651.6385,85519.1483,152.2857,2.8784,0.0001,0.0128,pathgraph
2758.6147,100650.6731,85519.4085,152.2985,2.8785,0.0001,0.0127,pathgraph
2759.6145,100649.7077,85519.6686,152.3113,2.8786,0.0001,0.0127,pathgraph
2760.6144,100648.7423,85519.9288,152.3241,2.8788,0.0001,0.0126,pathgraph
2761.6143,100647.7768,85520.1889,152.3369,2.8789,0.0001,0.0126,pathgraph
2762.6141,100646.8112,85520.4485,152.3492,2.8789,0.0001,0.0125,pathgraph
2763.6140,100645.8456,85520.7080,152.3616,2.8789,0.0000,0.0125,pathgraph
2764.6138,100644.8800,85520.9675,152.3739,2.8789,0.0000,0.0124,pathgraph
2765.6137,100643.9145,85521.2270,152.3863,2.8790,0.0000,0.0124,pathgraph
2766.6136,100642.9489,85521.4865,152.3986,2.8790,0.0000,0.0123,pathgraph
2767.6134,100641.9833,85521.7460,152.4110,2.8790,0.0000,0.0123,pathgraph
2768.6133,100641.0177,85522.0055,152.4233,2.8790,-0.0000,0.0123,pathgraph
2769.6131,100640.0521,85522.2650,152.4357,2.8790,-0.0000,0.0122,pathgraph
2770.6130,100639.0865,85522.5245,152.4480,2.8791,-0.0000,0.0122,pathgraph
2771.6129,100638.1209,85522.7840,152.4602,2.8791,-0.0000,0.0121,pathgraph
2772.6127,100637.1553,85523.0436,152.4721,2.8791,-0.0000,0.0121,pathgraph
2773.6126,100636.1897,85523.3031,152.4840,2.8790,-0.0000,0.0120,pathgraph
2774.6125,100635.2241,85523.5627,152.4960,2.8790,-0.0000,0.0120,pathgraph
2775.6123,100634.2585,85523.8222,152.5079,2.8790,-0.0000,0.0120,pathgraph
2776.6122,100633.2929,85524.0818,152.5198,2.8790,-0.0000,0.0119,pathgraph
2777.6120,100632.3274,85524.3413,152.5318,2.8790,-0.0001,0.0119,pathgraph
2778.6119,100631.3618,85524.6009,152.5437,2.8790,-0.0001,0.0119,pathgraph
2779.6118,100630.3962,85524.8604,152.5557,2.8790,-0.0001,0.0118,pathgraph
2780.6116,100629.4306,85525.1200,152.5676,2.8790,-0.0001,0.0118,pathgraph
2781.6115,100628.4652,85525.3801,152.5792,2.8789,-0.0001,0.0117,pathgraph
2782.6113,100627.4997,85525.6401,152.5907,2.8788,-0.0001,0.0117,pathgraph
2783.6112,100626.5343,85525.9002,152.6023,2.8788,-0.0001,0.0116,pathgraph
2784.6111,100625.5688,85526.1603,152.6139,2.8787,-0.0000,0.0116,pathgraph
2785.6109,100624.6034,85526.4204,152.6255,2.8786,-0.0000,0.0116,pathgraph
2786.6108,100623.6379,85526.6804,152.6370,2.8785,-0.0000,0.0116,pathgraph
2787.6106,100622.6725,85526.9405,152.6486,2.8785,-0.0000,0.0115,pathgraph
2788.6105,100621.7071,85527.2006,152.6602,2.8784,0.0000,0.0115,pathgraph
2789.6104,100620.7416,85527.4607,152.6718,2.8783,0.0000,0.0119,pathgraph
2790.6102,100619.7762,85527.7208,152.6832,2.8783,0.0000,0.0128,pathgraph
2791.6101,100618.8107,85527.9809,152.6945,2.8783,0.0000,0.0136,pathgraph
2792.6099,100617.8453,85528.2410,152.7057,2.8783,0.0000,0.0145,pathgraph
2793.6098,100616.8799,85528.5011,152.7170,2.8784,0.0000,0.0154,pathgraph
2794.6097,100615.9144,85528.7612,152.7283,2.8784,0.0000,0.0155,pathgraph
2795.6095,100614.9490,85529.0213,152.7396,2.8784,0.0000,0.0147,pathgraph
2796.6094,100613.9836,85529.2814,152.7509,2.8785,0.0000,0.0135,pathgraph
2797.6092,100613.0181,85529.5415,152.7621,2.8785,0.0000,0.0123,pathgraph
2798.6091,100612.0527,85529.8017,152.7734,2.8785,0.0000,0.0115,pathgraph
2799.6090,100611.0873,85530.0618,152.7854,2.8786,0.0000,0.0112,pathgraph
2800.6088,100610.1217,85530.3214,152.8152,2.8787,0.0001,0.0112,pathgraph
2801.6087,100609.1562,85530.5811,152.8450,2.8789,0.0001,0.0112,pathgraph
2802.6086,100608.1906,85530.8408,152.8748,2.8790,0.0002,0.0111,pathgraph
2803.6084,100607.2250,85531.1005,152.9046,2.8792,0.0002,0.0111,pathgraph
2804.6083,100606.2595,85531.3601,152.9344,2.8794,0.0003,0.0111,pathgraph
2805.6081,100605.2938,85531.6194,152.9346,2.8793,0.0001,0.0111,pathgraph
2806.6080,100604.3281,85531.8785,152.9216,2.8792,-0.0000,0.0111,pathgraph
2807.6079,100603.3624,85532.1376,152.9086,2.8791,-0.0002,0.0111,pathgraph
2808.6077,100602.3967,85532.3967,152.8956,2.8790,-0.0004,0.0111,pathgraph
2809.6076,100601.4312,85532.6566,152.8955,2.8789,-0.0004,0.0110,pathgraph
2810.6074,100600.4659,85532.9173,152.9065,2.8788,-0.0004,0.0106,pathgraph
2811.6073,100599.5007,85533.1780,152.9175,2.8787,-0.0003,0.0097,pathgraph
2812.6072,100598.5354,85533.4386,152.9285,2.8786,-0.0002,0.0088,pathgraph
2813.6070,100597.5701,85533.6993,152.9395,2.8785,-0.0001,0.0079,pathgraph
2814.6069,100596.6048,85533.9600,152.9505,2.8784,-0.0000,0.0070,pathgraph
2815.6067,100595.6395,85534.2207,152.9615,2.8783,0.0001,0.0068,pathgraph
2816.6066,100594.6743,85534.4814,152.9725,2.8782,0.0002,0.0076,pathgraph
2817.6065,100593.7090,85534.7420,152.9834,2.8782,0.0002,0.0088,pathgraph
2818.6063,100592.7437,85535.0026,152.9944,2.8781,0.0003,0.0099,pathgraph
2819.6062,100591.7780,85535.2619,153.0055,2.8783,0.0003,0.0108,pathgraph
2820.6060,100590.8123,85535.5211,153.0165,2.8786,0.0003,0.0110,pathgraph
2821.6059,100589.8466,85535.7803,153.0275,2.8788,0.0003,0.0110,pathgraph
2822.6058,100588.8810,85536.0395,153.0385,2.8790,0.0003,0.0110,pathgraph
2823.6056,100587.9153,85536.2987,153.0495,2.8793,0.0002,0.0111,pathgraph
2824.6055,100586.9496,85536.5579,153.0605,2.8795,0.0002,0.0111,pathgraph
2825.6054,100585.9839,85536.8171,153.0716,2.8798,0.0002,0.0111,pathgraph
2826.6052,100585.0183,85537.0764,153.0826,2.8800,0.0002,0.0111,pathgraph
2827.6051,100584.0526,85537.3356,153.0936,2.8803,0.0002,0.0111,pathgraph
2828.6049,100583.0869,85537.5946,153.1047,2.8802,0.0001,0.0111,pathgraph
2829.6048,100582.1211,85537.8535,153.1159,2.8799,0.0000,0.0111,pathgraph
2830.6047,100581.1554,85538.1124,153.1270,2.8796,-0.0001,0.0111,pathgraph
2831.6045,100580.1896,85538.3713,153.1382,2.8793,-0.0002,0.0112,pathgraph
2832.6044,100579.2238,85538.6302,153.1494,2.8790,-0.0003,0.0112,pathgraph
2833.6042,100578.2581,85538.8891,153.1605,2.8787,-0.0004,0.0112,pathgraph
2834.6041,100577.2923,85539.1480,153.1717,2.8784,-0.0005,0.0112,pathgraph
2835.6040,100576.3265,85539.4069,153.1829,2.8781,-0.0006,0.0113,pathgraph
2836.6038,100575.3608,85539.6658,153.1940,2.8778,-0.0007,0.0113,pathgraph
2837.6037,100574.3951,85539.9248,153.2052,2.8775,-0.0008,0.0113,pathgraph
2838.6035,100573.4303,85540.1876,153.2166,2.8769,-0.0007,0.0113,pathgraph
2839.6034,100572.4656,85540.4504,153.2280,2.8764,-0.0006,0.0114,pathgraph
2840.6033,100571.5009,85540.7131,153.2394,2.8759,-0.0005,0.0114,pathgraph
2841.6031,100570.5362,85540.9759,153.2507,2.8753,-0.0005,0.0114,pathgraph
2842.6030,100569.5715,85541.2387,153.2621,2.8748,-0.0004,0.0114,pathgraph
2843.6028,100568.6068,85541.5015,153.2735,2.8743,-0.0003,0.0115,pathgraph
2844.6027,100567.6424,85541.7655,153.2851,2.8745,-0.0002,0.0115,pathgraph
2845.6026,100566.6780,85542.0294,153.2967,2.8747,-0.0000,0.0115,pathgraph
2846.6024,100565.7136,85542.2934,153.3083,2.8749,0.0001,0.0116,pathgraph
2847.6023,100564.7493,85542.5574,153.3199,2.8752,0.0002,0.0116,pathgraph
2848.6022,100563.7849,85542.8214,153.3315,2.8754,0.0004,0.0116,pathgraph
2849.6020,100562.8205,85543.0854,153.3431,2.8756,0.0005,0.0116,pathgraph
2850.6019,100561.8561,85543.3494,153.3548,2.8758,0.0006,0.0117,pathgraph
2851.6017,100560.8917,85543.6133,153.3664,2.8761,0.0008,0.0117,pathgraph
2852.6016,100559.9264,85543.8738,153.3782,2.8763,0.0007,0.0117,pathgraph
2853.6015,100558.9610,85544.1343,153.3900,2.8765,0.0005,0.0117,pathgraph
2854.6013,100557.9957,85544.3948,153.4018,2.8767,0.0004,0.0117,pathgraph
2855.6012,100557.0304,85544.6553,153.4136,2.8769,0.0003,0.0118,pathgraph
2856.6010,100556.0651,85544.9158,153.4253,2.8772,0.0002,0.0118,pathgraph
2857.6009,100555.0997,85545.1763,153.4371,2.8774,0.0001,0.0118,pathgraph
2858.6008,100554.1344,85545.4368,153.4489,2.8776,-0.0000,0.0118,pathgraph
2859.6006,100553.1691,85545.6973,153.4607,2.8778,-0.0002,0.0118,pathgraph
2860.6005,100552.2037,85545.9578,153.4725,2.8780,-0.0003,0.0118,pathgraph
2861.6003,100551.2385,85546.2188,153.4844,2.8781,-0.0003,0.0118,pathgraph
2862.6002,100550.2735,85546.4802,153.4963,2.8779,-0.0003,0.0119,pathgraph
2863.6001,100549.3084,85546.7416,153.5082,2.8778,-0.0002,0.0119,pathgraph
2864.5999,100548.3433,85547.0029,153.5201,2.8776,-0.0002,0.0119,pathgraph
2865.5998,100547.3782,85547.2643,153.5320,2.8774,-0.0002,0.0119,pathgraph
2866.5996,100546.4131,85547.5257,153.5439,2.8773,-0.0001,0.0119,pathgraph
2867.5995,100545.4480,85547.7871,153.5557,2.8771,-0.0001,0.0119,pathgraph
2868.5994,100544.4829,85548.0485,153.5676,2.8770,-0.0001,0.0119,pathgraph
2869.5992,100543.5178,85548.3098,153.5795,2.8768,-0.0000,0.0119,pathgraph
2870.5991,100542.5527,85548.5712,153.5914,2.8767,0.0000,0.0119,pathgraph
2871.5989,100541.5877,85548.8330,153.6034,2.8767,0.0000,0.0119,pathgraph
2872.5988,100540.6227,85549.0947,153.6153,2.8767,0.0000,0.0119,pathgraph
2873.5987,100539.6577,85549.3565,153.6272,2.8767,0.0000,0.0119,pathgraph
2874.5985,100538.6928,85549.6182,153.6391,2.8767,0.0000,0.0119,pathgraph
2875.5984,100537.7278,85549.8800,153.6511,2.8768,0.0000,0.0119,pathgraph
2876.5983,100536.7628,85550.1417,153.6630,2.8768,0.0000,0.0119,pathgraph
2877.5981,100535.7978,85550.4034,153.6749,2.8767,-0.0000,0.0119,pathgraph
2878.5980,100534.8328,85550.6652,153.6868,2.8766,-0.0001,0.0119,pathgraph
2879.5978,100533.8678,85550.9269,153.6988,2.8766,-0.0001,0.0119,pathgraph
2880.5977,100532.9029,85551.1889,153.7107,2.8765,-0.0001,0.0119,pathgraph
2881.5976,100531.9380,85551.4511,153.7226,2.8765,-0.0001,0.0119,pathgraph
2882.5974,100530.9731,85551.7133,153.7345,2.8765,-0.0001,0.0119,pathgraph
2883.5973,100530.0083,85551.9755,153.7465,2.8765,-0.0000,0.0119,pathgraph
2884.5971,100529.0434,85552.2377,153.7584,2.8765,-0.0000,0.0119,pathgraph
2885.5970,100528.0785,85552.4999,153.7704,2.8765,0.0000,0.0119,pathgraph
2886.5969,100527.1137,85552.7621,153.7823,2.8764,0.0000,0.0119,pathgraph
2887.5967,100526.1488,85553.0244,153.7942,2.8764,0.0001,0.0119,pathgraph
2888.5966,100525.1839,85553.2866,153.8062,2.8764,0.0001,0.0119,pathgraph
2889.5964,100524.2190,85553.5487,153.8181,2.8764,0.0001,0.0119,pathgraph
2890.5963,100523.2540,85553.8104,153.8300,2.8765,0.0001,0.0119,pathgraph
2891.5962,100522.2890,85554.0720,153.8420,2.8765,0.0001,0.0119,pathgraph
2892.5960,100521.3240,85554.3337,153.8539,2.8766,0.0001,0.0119,pathgraph
2893.5959,100520.3590,85554.5953,153.8659,2.8767,0.0001,0.0119,pathgraph
2894.5957,100519.3939,85554.8570,153.8778,2.8768,0.0001,0.0119,pathgraph
2895.5956,100518.4289,85555.1186,153.8897,2.8769,0.0001,0.0119,pathgraph
2896.5955,100517.4639,85555.3803,153.9017,2.8769,0.0001,0.0120,pathgraph
2897.5953,100516.4989,85555.6419,153.9136,2.8770,0.0001,0.0120,pathgraph
2898.5952,100515.5339,85555.9036,153.9256,2.8771,0.0000,0.0120,pathgraph
2899.5951,100514.5688,85556.1649,153.9375,2.8772,0.0000,0.0120,pathgraph
2900.5949,100513.6036,85556.4260,153.9495,2.8772,0.0000,0.0120,pathgraph
2901.5948,100512.6384,85556.6871,153.9615,2.8773,0.0001,0.0120,pathgraph
2902.5946,100511.6733,85556.9482,153.9734,2.8774,0.0001,0.0120,pathgraph
2903.5945,100510.7081,85557.2092,153.9854,2.8775,0.0001,0.0120,pathgraph
2904.5944,100509.7429,85557.4703,153.9973,2.8775,0.0001,0.0120,pathgraph
2905.5942,100508.7777,85557.7314,154.0093,2.8776,0.0001,0.0120,pathgraph
2906.5941,100507.8126,85557.9925,154.0213,2.8777,0.0001,0.0120,pathgraph
2907.5939,100506.8474,85558.2536,154.0332,2.8777,0.0001,0.0120,pathgraph
2908.5938,100505.8822,85558.5146,154.0452,2.8778,0.0001,0.0120,pathgraph
2909.5937,100504.9169,85558.7751,154.0572,2.8778,0.0001,0.0120,pathgraph
2910.5935,100503.9516,85559.0356,154.0692,2.8779,0.0001,0.0120,pathgraph
2911.5934,100502.9862,85559.2962,154.0812,2.8779,0.0000,0.0120,pathgraph
2912.5932,100502.0209,85559.5567,154.0931,2.8780,0.0000,0.0120,pathgraph
2913.5931,100501.0556,85559.8172,154.1051,2.8780,0.0000,0.0120,pathgraph
2914.5930,100500.0902,85560.0777,154.1171,2.8780,-0.0000,0.0120,pathgraph
2915.5928,100499.1249,85560.3382,154.1291,2.8780,-0.0000,0.0120,pathgraph
2916.5927,100498.1596,85560.5987,154.1411,2.8780,-0.0001,0.0120,pathgraph
2917.5925,100497.1943,85560.8592,154.1531,2.8779,-0.0001,0.0120,pathgraph
2918.5924,100496.2290,85561.1199,154.1651,2.8779,-0.0001,0.0120,pathgraph
2919.5923,100495.2637,85561.3807,154.1771,2.8779,-0.0001,0.0120,pathgraph
2920.5921,100494.2985,85561.6416,154.1892,2.8778,-0.0001,0.0120,pathgraph
2921.5920,100493.3333,85561.9024,154.2012,2.8778,-0.0000,0.0120,pathgraph
2922.5918,100492.3680,85562.1632,154.2132,2.8778,-0.0000,0.0120,pathgraph
2923.5917,100491.4028,85562.4241,154.2253,2.8778,-0.0000,0.0121,pathgraph
2924.5916,100490.4375,85562.6849,154.2373,2.8777,-0.0000,0.0121,pathgraph
2925.5914,100489.4723,85562.9457,154.2493,2.8777,0.0000,0.0121,pathgraph
2926.5913,100488.5071,85563.2066,154.2614,2.8777,0.0000,0.0121,pathgraph
2927.5912,100487.5418,85563.4674,154.2734,2.8776,0.0000,0.0121,pathgraph
2928.5910,100486.5764,85563.7277,154.2855,2.8778,0.0001,0.0121,pathgraph
2929.5909,100485.6111,85563.9880,154.2977,2.8780,0.0001,0.0121,pathgraph
2930.5907,100484.6457,85564.2483,154.3098,2.8781,0.0001,0.0121,pathgraph
2931.5906,100483.6803,85564.5086,154.3219,2.8783,0.0001,0.0121,pathgraph
2932.5905,100482.7149,85564.7689,154.3340,2.8785,0.0002,0.0122,pathgraph
2933.5903,100481.7495,85565.0292,154.3462,2.8786,0.0002,0.0122,pathgraph
2934.5902,100480.7842,85565.2895,154.3583,2.8788,0.0002,0.0122,pathgraph
2935.5900,100479.8188,85565.5498,154.3704,2.8790,0.0003,0.0122,pathgraph
2936.5899,100478.8534,85565.8101,154.3825,2.8791,0.0003,0.0122,pathgraph
2937.5898,100477.8878,85566.0695,154.3948,2.8793,0.0003,0.0122,pathgraph
2938.5896,100476.9219,85566.3280,154.4071,2.8794,0.0002,0.0123,pathgraph
2939.5895,100475.9560,85566.5865,154.4193,2.8795,0.0002,0.0123,pathgraph
2940.5893,100474.9902,85566.8450,154.4316,2.8797,0.0002,0.0123,pathgraph
2941.5892,100474.0243,85567.1035,154.4439,2.8798,0.0001,0.0123,pathgraph
2942.5891,100473.0584,85567.3620,154.4562,2.8799,0.0001,0.0123,pathgraph
2943.5889,100472.0926,85567.6205,154.4685,2.8800,0.0001,0.0124,pathgraph
2944.5888,100471.1267,85567.8791,154.4808,2.8802,0.0000,0.0124,pathgraph
2945.5886,100470.1608,85568.1376,154.4931,2.8803,-0.0000,0.0124,pathgraph
2946.5885,100469.1950,85568.3961,154.5054,2.8804,-0.0000,0.0124,pathgraph
2947.5884,100468.2291,85568.6545,154.5180,2.8804,-0.0000,0.0125,pathgraph
2948.5882,100467.2632,85568.9129,154.5306,2.8803,-0.0000,0.0125,pathgraph
2949.5881,100466.2973,85569.1713,154.5431,2.8802,-0.0000,0.0126,pathgraph
2950.5880,100465.3314,85569.4298,154.5557,2.8802,-0.0001,0.0126,pathgraph
2951.5878,100464.3655,85569.6882,154.5683,2.8801,-0.0001,0.0126,pathgraph
2952.5877,100463.3996,85569.9466,154.5809,2.8801,-0.0001,0.0127,pathgraph
2953.5875,100462.4338,85570.2050,154.5934,2.8800,-0.0001,0.0127,pathgraph
2954.5874,100461.4679,85570.4635,154.6060,2.8799,-0.0001,0.0127,pathgraph
2955.5873,100460.5020,85570.7219,154.6186,2.8799,-0.0001,0.0128,pathgraph
2956.5871,100459.5361,85570.9804,154.6314,2.8799,-0.0000,0.0128,pathgraph
2957.5870,100458.5703,85571.2391,154.6444,2.8800,-0.0000,0.0129,pathgraph
2958.5868,100457.6045,85571.4978,154.6574,2.8800,0.0000,0.0129,pathgraph
2959.5867,100456.6387,85571.7565,154.6704,2.8801,0.0001,0.0130,pathgraph
2960.5866,100455.6728,85572.0151,154.6834,2.8802,0.0001,0.0130,pathgraph
2961.5864,100454.7070,85572.2738,154.6964,2.8802,0.0001,0.0131,pathgraph
2962.5863,100453.7412,85572.5325,154.7094,2.8802,0.0001,0.0131,pathgraph
2963.5861,100452.7754,85572.7911,154.7224,2.8797,-0.0003,0.0132,pathgraph
2964.5860,100451.8095,85573.0498,154.7354,2.8792,-0.0008,0.0132,pathgraph
2965.5859,100450.8437,85573.3085,154.7484,2.8787,-0.0013,0.0133,pathgraph
2966.5857,100449.8790,85573.5710,154.7620,2.8785,-0.0010,0.0134,pathgraph
2967.5856,100448.9142,85573.8335,154.7756,2.8784,-0.0008,0.0135,pathgraph
2968.5854,100447.9494,85574.0961,154.7892,2.8782,-0.0005,0.0135,pathgraph
2969.5853,100446.9846,85574.3586,154.8028,2.8781,-0.0003,0.0136,pathgraph
2970.5852,100446.0198,85574.6211,154.8164,2.8780,-0.0000,0.0136,pathgraph
2971.5850,100445.0550,85574.8836,154.8300,2.8778,0.0002,0.0137,pathgraph
2972.5849,100444.0903,85575.1461,154.8436,2.8777,0.0004,0.0138,pathgraph
2973.5848,100443.1255,85575.4086,154.8572,2.8776,0.0007,0.0138,pathgraph
2974.5846,100442.1607,85575.6711,154.8708,2.8774,0.0009,0.0139,pathgraph
2975.5845,100441.1957,85575.9328,154.8847,2.8776,0.0009,0.0140,pathgraph
2976.5843,100440.2304,85576.1937,154.8990,2.8775,0.0007,0.0141,pathgraph
2977.5842,100439.2652,85576.4546,154.9133,2.8770,0.0004,0.0142,pathgraph
2978.5841,100438.3000,85576.7155,154.9276,2.8764,0.0001,0.0142,pathgraph
2979.5839,100437.3348,85576.9763,154.9420,2.8758,-0.0003,0.0143,pathgraph
2980.5838,100436.3695,85577.2372,154.9563,2.8752,-0.0006,0.0144,pathgraph
2981.5836,100435.4043,85577.4981,154.9706,2.8747,-0.0009,0.0144,pathgraph
2982.5835,100434.4391,85577.7590,154.9849,2.8741,-0.0012,0.0145,pathgraph
2983.5834,100433.4739,85578.0199,154.9992,2.8735,-0.0015,0.0146,pathgraph
2984.5832,100432.5087,85578.2808,155.0135,2.8730,-0.0018,0.0147,pathgraph
2985.5831,100431.5449,85578.5469,155.0285,2.8733,-0.0004,0.0147,pathgraph
2986.5829,100430.5811,85578.8130,155.0435,2.8737,0.0010,0.0148,pathgraph
2987.5828,100429.6173,85579.0791,155.0586,2.8740,0.0024,0.0149,pathgraph
2988.5827,100428.6510,85579.3362,155.0736,2.8762,0.0025,0.0149,pathgraph
2989.5825,100427.6847,85579.5931,155.0886,2.8785,0.0025,0.0150,pathgraph
2990.5824,100426.7184,85579.8501,155.1036,2.8807,0.0026,0.0151,pathgraph
2991.5822,100425.7522,85580.1070,155.1187,2.8829,0.0026,0.0151,pathgraph
2992.5821,100424.7859,85580.3639,155.1337,2.8852,0.0027,0.0152,pathgraph
2993.5820,100423.8196,85580.6208,155.1487,2.8875,0.0028,0.0153,pathgraph
2994.5818,100422.8504,85580.8668,155.1642,2.8951,0.0070,0.0154,pathgraph
2995.5817,100421.8813,85581.1127,155.1796,2.9029,0.0113,0.0154,pathgraph
2996.5815,100420.9077,85581.3404,155.1951,2.9158,0.0139,0.0155,pathgraph
2997.5813,100419.9316,85581.5570,155.2107,2.9305,0.0161,0.0155,pathgraph
2998.5812,100418.9532,85581.7627,155.2263,2.9469,0.0178,0.0156,pathgraph
2999.5811,100417.9697,85581.9427,155.2419,2.9656,0.0190,0.0156,pathgraph
3000.5809,100416.9841,85582.1106,155.2576,2.9850,0.0200,0.0156,pathgraph
3001.5807,100415.9950,85582.2565,155.2734,3.0053,0.0205,0.0157,pathgraph
3002.5805,100415.0031,85582.3821,155.2892,3.0259,0.0208,0.0157,pathgraph
3003.5803,100414.0088,85582.4872,155.3050,3.0467,0.0208,0.0158,pathgraph
3004.5801,100413.0126,85582.5716,155.3209,3.0674,0.0206,0.0158,pathgraph
3005.5799,100412.0148,85582.6355,155.3368,3.0878,0.0203,0.0159,pathgraph
3006.5797,100411.0159,85582.6766,155.3527,3.1079,0.0199,0.0159,pathgraph
3007.5795,100410.0164,85582.7052,155.3687,3.1276,0.0194,0.0159,pathgraph
3008.5794,100409.0166,85582.7050,155.3847,-3.1366,0.0188,0.0160,pathgraph
3009.5792,100408.0169,85582.6908,155.4007,-3.1182,0.0181,0.0160,pathgraph
3010.5790,100407.0174,85582.6627,155.4167,-3.1003,0.0174,0.0160,pathgraph
3011.5789,100406.0190,85582.6087,155.4327,-3.0834,0.0168,0.0160,pathgraph
3012.5787,100405.0215,85582.5421,155.4488,-3.0669,0.0162,0.0160,pathgraph
3013.5785,100404.0247,85582.4633,155.4648,-3.0508,0.0157,0.0160,pathgraph
3014.5784,100403.0301,85582.3609,155.4809,-3.0350,0.0157,0.0161,pathgraph
3015.5782,100402.0369,85582.2465,155.4970,-3.0191,0.0161,0.0161,pathgraph
3016.5780,100401.0450,85582.1203,155.5131,-3.0028,0.0167,0.0161,pathgraph
3017.5779,100400.0566,85581.9693,155.5292,-2.9852,0.0180,0.0161,pathgraph
3018.5777,100399.0701,85581.8067,155.5453,-2.9665,0.0197,0.0161,pathgraph
3019.5775,100398.0874,85581.6226,155.5614,-2.9458,0.0217,0.0161,pathgraph
3020.5773,100397.1090,85581.4172,155.5776,-2.9230,0.0240,0.0161,pathgraph
3021.5771,100396.1357,85581.1884,155.5937,-2.8979,0.0263,0.0161,pathgraph
3022.5768,100395.1688,85580.9341,155.6098,-2.8704,0.0286,0.0162,pathgraph
3023.5766,100394.2096,85580.6523,155.6260,-2.8408,0.0306,0.0162,pathgraph
3024.5763,100393.2595,85580.3414,155.6421,-2.8094,0.0321,0.0162,pathgraph
3025.5760,100392.3198,85580.0002,155.6583,-2.7770,0.0329,0.0162,pathgraph
3026.5758,100391.3917,85579.6284,155.6745,-2.7441,0.0328,0.0162,pathgraph
3027.5755,100390.4763,85579.2266,155.6906,-2.7119,0.0317,0.0162,pathgraph
3028.5752,100389.5740,85578.7960,155.7068,-2.6813,0.0297,0.0162,pathgraph
3029.5750,100388.6848,85578.3390,155.7231,-2.6532,0.0270,0.0163,pathgraph
3030.5748,100387.8082,85577.8583,155.7393,-2.6282,0.0235,0.0163,pathgraph
3031.5746,100386.9437,85577.3561,155.7555,-2.6068,0.0197,0.0163,pathgraph
3032.5744,100386.0871,85576.8404,155.7718,-2.5876,0.0161,0.0163,pathgraph
3033.5743,100385.2428,85576.3048,155.7881,-2.5733,0.0133,0.0164,pathgraph
3034.5741,100384.4036,85575.7613,155.8045,-2.5608,0.0110,0.0164,pathgraph
3035.5740,100383.5694,85575.2101,155.8208,-2.5503,0.0092,0.0165,pathgraph
3036.5738,100382.7442,85574.6455,155.8372,-2.5415,0.0088,0.0165,pathgraph
3037.5737,100381.9191,85574.0808,155.8537,-2.5328,0.0084,0.0165,pathgraph
3038.5735,100381.1039,85573.5018,155.8702,-2.5234,0.0094,0.0166,pathgraph
3039.5734,100380.2888,85572.9227,155.8867,-2.5140,0.0105,0.0166,pathgraph
3040.5733,100379.4844,85572.3290,155.9033,-2.5023,0.0122,0.0167,pathgraph
3041.5731,100378.6858,85571.7273,155.9199,-2.4892,0.0139,0.0168,pathgraph
3042.5729,100377.8932,85571.1178,155.9366,-2.4749,0.0157,0.0168,pathgraph
3043.5728,100377.1150,85570.4900,155.9534,-2.4582,0.0170,0.0169,pathgraph
3044.5726,100376.3453,85569.8519,155.9703,-2.4407,0.0182,0.0170,pathgraph
3045.5724,100375.5841,85569.2037,155.9872,-2.4223,0.0190,0.0171,pathgraph
3046.5723,100374.8415,85568.5342,156.0042,-2.4030,0.0194,0.0172,pathgraph
3047.5720,100374.1090,85567.8538,156.0213,-2.3835,0.0197,0.0173,pathgraph
3048.5719,100373.3864,85567.1627,156.0385,-2.3638,0.0197,0.0174,pathgraph
3049.5718,100372.6844,85566.4507,156.0558,-2.3442,0.0196,0.0175,pathgraph
3050.5715,100371.9931,85565.7285,156.0732,-2.3247,0.0194,0.0176,pathgraph
3051.5714,100371.3123,85564.9962,156.0907,-2.3053,0.0192,0.0177,pathgraph
3052.5712,100370.6528,85564.2447,156.1084,-2.2862,0.0191,0.0178,pathgraph
3053.5710,100370.0043,85563.4838,156.1262,-2.2671,0.0190,0.0179,pathgraph
3054.5709,100369.3667,85562.7136,156.1440,-2.2481,0.0190,0.0182,pathgraph
3055.5707,100368.7513,85561.9256,156.1621,-2.2290,0.0191,0.0186,pathgraph
3056.5705,100368.1473,85561.1289,156.1803,-2.2099,0.0191,0.0189,pathgraph
3057.5703,100367.5548,85560.3235,156.1986,-2.1907,0.0192,0.0188,pathgraph
3058.5702,100366.9856,85559.5014,156.2171,-2.1714,0.0194,0.0187,pathgraph
3059.5699,100366.4286,85558.6712,156.2357,-2.1520,0.0196,0.0188,pathgraph
3060.5698,100365.8836,85557.8330,156.2544,-2.1325,0.0198,0.0190,pathgraph
3061.5697,100365.3631,85556.9793,156.2734,-2.1135,0.0195,0.0192,pathgraph
3062.5694,100364.8549,85556.1183,156.2926,-2.0953,0.0177,0.0194,pathgraph
3063.5693,100364.3591,85555.2500,156.3118,-2.0781,0.0142,0.0196,pathgraph
3064.5691,100363.8875,85554.3684,156.3314,-2.0620,0.0076,0.0198,pathgraph
3065.5690,100363.4213,85553.4839,156.3552,-2.0398,0.0108,0.0200,pathgraph
3066.5689,100362.9606,85552.5965,156.3833,-2.0114,0.0237,0.0202,pathgraph
3067.5681,100362.5241,85551.6976,156.4010,-1.9867,0.0262,0.0204,pathgraph
3068.5680,100362.1224,85550.7820,156.4150,-1.9821,0.0163,0.0206,pathgraph
3069.5678,100361.7194,85549.8670,156.4317,-1.9803,0.0074,0.0207,pathgraph
3070.5677,100361.3229,85548.9491,156.4526,-1.9777,0.0052,0.0209,pathgraph
3071.5675,100360.9264,85548.0312,156.4734,-1.9751,0.0031,0.0211,pathgraph
3072.5674,100360.5352,85547.1111,156.4950,-1.9734,0.0018,0.0214,pathgraph
3073.5672,100360.1495,85546.1886,156.5172,-1.9726,0.0015,0.0216,pathgraph
3074.5671,100359.7637,85545.2661,156.5395,-1.9717,0.0012,0.0219,pathgraph
3075.5670,100359.3780,85544.3437,156.5617,-1.9709,0.0009,0.0220,pathgraph
3076.5668,100358.9923,85543.4212,156.5839,-1.9701,0.0006,0.0219,pathgraph
3077.5667,100358.6065,85542.4988,156.6062,-1.9692,0.0004,0.0220,pathgraph
3078.5665,100358.2208,85541.5763,156.6284,-1.9684,0.0001,0.0224,pathgraph
3079.5664,100357.8350,85540.6539,156.6506,-1.9675,-0.0002,0.0229,pathgraph
3080.5663,100357.4493,85539.7314,156.6729,-1.9667,-0.0005,0.0232,pathgraph
3081.5661,100357.0635,85538.8090,156.6951,-1.9658,-0.0008,0.0234,pathgraph
3082.5660,100356.6769,85537.8869,156.7196,-1.9660,-0.0007,0.0237,pathgraph
3083.5658,100356.2903,85536.9648,156.7441,-1.9662,-0.0006,0.0239,pathgraph
3084.5657,100355.9037,85536.0427,156.7687,-1.9664,-0.0004,0.0241,pathgraph
3085.5656,100355.5171,85535.1206,156.7932,-1.9666,-0.0003,0.0243,pathgraph
3086.5654,100355.1305,85534.1985,156.8177,-1.9668,-0.0002,0.0245,pathgraph
3087.5653,100354.7439,85533.2764,156.8422,-1.9670,-0.0000,0.0247,pathgraph
3088.5652,100354.3573,85532.3543,156.8667,-1.9672,0.0001,0.0250,pathgraph
3089.5650,100353.9706,85531.4322,156.8913,-1.9674,0.0002,0.0252,pathgraph
3090.5649,100353.5840,85530.5101,156.9158,-1.9676,0.0004,0.0255,pathgraph
3091.5647,100353.1985,85529.5876,156.9413,-1.9674,0.0005,0.0258,pathgraph
3092.5646,100352.8140,85528.6646,156.9678,-1.9666,0.0006,0.0260,pathgraph
3093.5645,100352.4295,85527.7417,156.9943,-1.9659,0.0007,0.0262,pathgraph
3094.5643,100352.0450,85526.8187,157.0208,-1.9652,0.0007,0.0264,pathgraph
3095.5642,100351.6605,85525.8957,157.0473,-1.9644,0.0008,0.0266,pathgraph
3096.5640,100351.2760,85524.9727,157.0738,-1.9637,0.0009,0.0269,pathgraph
3097.5639,100350.8915,85524.0498,157.1002,-1.9629,0.0010,0.0271,pathgraph
3098.5638,100350.5096,85523.1257,157.1275,-1.9622,0.0010,0.0274,pathgraph
3099.5636,100350.1303,85522.2006,157.1555,-1.9615,0.0009,0.0276,pathgraph
3100.5635,100349.7510,85521.2755,157.1836,-1.9608,0.0008,0.0279,pathgraph
3101.5633,100349.3717,85520.3503,157.2116,-1.9601,0.0007,0.0281,pathgraph
3102.5632,100348.9924,85519.4252,157.2396,-1.9594,0.0006,0.0283,pathgraph
3103.5631,100348.6131,85518.5001,157.2676,-1.9587,0.0005,0.0284,pathgraph
3104.5629,100348.2338,85517.5750,157.2957,-1.9580,0.0004,0.0287,pathgraph
3105.5628,100347.8571,85516.6488,157.3254,-1.9579,0.0003,0.0289,pathgraph
3106.5626,100347.4804,85515.7226,157.3551,-1.9578,0.0003,0.0291,pathgraph
3107.5625,100347.1038,85514.7964,157.3848,-1.9577,0.0002,0.0294,pathgraph
3108.5624,100346.7271,85513.8702,157.4144,-1.9575,0.0001,0.0296,pathgraph
3109.5622,100346.3504,85512.9440,157.4441,-1.9574,0.0001,0.0298,pathgraph
3110.5621,100345.9738,85512.0178,157.4738,-1.9573,0.0000,0.0299,pathgraph
3111.5619,100345.5971,85511.0916,157.5035,-1.9572,-0.0000,0.0301,pathgraph
3112.5618,100345.2204,85510.1654,157.5332,-1.9571,-0.0001,0.0303,pathgraph
3113.5617,100344.8438,85509.2392,157.5629,-1.9570,-0.0001,0.0305,pathgraph
3114.5615,100344.4670,85508.3130,157.5935,-1.9570,-0.0001,0.0307,pathgraph
3115.5614,100344.0902,85507.3869,157.6250,-1.9570,-0.0001,0.0309,pathgraph
3116.5613,100343.7134,85506.4607,157.6564,-1.9570,-0.0001,0.0310,pathgraph
3117.5611,100343.3366,85505.5346,157.6879,-1.9570,-0.0000,0.0312,pathgraph
3118.5610,100342.9597,85504.6085,157.7194,-1.9570,-0.0000,0.0314,pathgraph
3119.5608,100342.5829,85503.6823,157.7508,-1.9570,0.0000,0.0315,pathgraph
3120.5607,100342.2061,85502.7562,157.7823,-1.9570,0.0001,0.0317,pathgraph
3121.5606,100341.8293,85501.8301,157.8138,-1.9570,0.0001,0.0318,pathgraph
3122.5604,100341.4524,85500.9039,157.8452,-1.9570,0.0001,0.0320,pathgraph
3123.5603,100341.0756,85499.9778,157.8767,-1.9570,0.0002,0.0322,pathgraph
3124.5601,100340.6992,85499.0515,157.9097,-1.9570,0.0001,0.0324,pathgraph
3125.5600,100340.3228,85498.1252,157.9427,-1.9570,0.0001,0.0326,pathgraph
3126.5599,100339.9464,85497.1989,157.9757,-1.9570,0.0000,0.0327,pathgraph
3127.5597,100339.5699,85496.2726,158.0087,-1.9570,0.0000,0.0328,pathgraph
3128.5596,100339.1935,85495.3463,158.0417,-1.9571,-0.0000,0.0330,pathgraph
3129.5594,100338.8171,85494.4200,158.0747,-1.9571,-0.0001,0.0331,pathgraph
3130.5593,100338.4407,85493.4937,158.1077,-1.9571,-0.0001,0.0333,pathgraph
3131.5592,100338.0643,85492.5674,158.1407,-1.9571,-0.0001,0.0334,pathgraph
3132.5590,100337.6878,85491.6411,158.1737,-1.9571,-0.0002,0.0335,pathgraph
3133.5589,100337.3112,85490.7149,158.2073,-1.9571,-0.0002,0.0337,pathgraph
3134.5587,100336.9344,85489.7888,158.2416,-1.9570,-0.0001,0.0339,pathgraph
3135.5586,100336.5576,85488.8626,158.2759,-1.9570,-0.0001,0.0340,pathgraph
3136.5585,100336.1807,85487.9365,158.3103,-1.9569,0.0000,0.0341,pathgraph
3137.5583,100335.8039,85487.0104,158.3446,-1.9568,0.0001,0.0342,pathgraph
3138.5582,100335.4271,85486.0842,158.3789,-1.9567,0.0001,0.0344,pathgraph
3139.5581,100335.0502,85485.1581,158.4132,-1.9567,0.0002,0.0345,pathgraph
3140.5579,100334.6734,85484.2320,158.4476,-1.9566,0.0002,0.0346,pathgraph
3141.5578,100334.2966,85483.3058,158.4819,-1.9565,0.0003,0.0347,pathgraph
3142.5576,100333.9197,85482.3797,158.5162,-1.9564,0.0003,0.0349,pathgraph
3143.5575,100333.5441,85481.4531,158.5516,-1.9565,0.0003,0.0350,pathgraph
3144.5574,100333.1684,85480.5265,158.5871,-1.9565,0.0002,0.0351,pathgraph
3145.5572,100332.7927,85479.5999,158.6226,-1.9565,0.0001,0.0352,pathgraph
3146.5571,100332.4171,85478.6733,158.6580,-1.9565,0.0000,0.0353,pathgraph
3147.5569,100332.0414,85477.7467,158.6935,-1.9566,-0.0000,0.0354,pathgraph
3148.5568,100331.6658,85476.8201,158.7290,-1.9566,-0.0001,0.0355,pathgraph
3149.5567,100331.2901,85475.8935,158.7644,-1.9566,-0.0002,0.0356,pathgraph
3150.5565,100330.9145,85474.9669,158.7999,-1.9567,-0.0003,0.0357,pathgraph
3151.5564,100330.5388,85474.0402,158.8353,-1.9567,-0.0004,0.0359,pathgraph
3152.5562,100330.1625,85473.1139,158.8713,-1.9567,-0.0004,0.0360,pathgraph
3153.5561,100329.7857,85472.1878,158.9077,-1.9567,-0.0003,0.0361,pathgraph
3154.5560,100329.4088,85471.2616,158.9442,-1.9566,-0.0002,0.0362,pathgraph
3155.5558,100329.0319,85470.3355,158.9806,-1.9566,-0.0001,0.0363,pathgraph
3156.5557,100328.6551,85469.4094,159.0170,-1.9566,-0.0000,0.0364,pathgraph
3157.5555,100328.2782,85468.4833,159.0535,-1.9566,0.0001,0.0365,pathgraph
3158.5554,100327.9013,85467.5572,159.0899,-1.9565,0.0002,0.0366,pathgraph
3159.5553,100327.5244,85466.6311,159.1264,-1.9565,0.0002,0.0366,pathgraph
3160.5551,100327.1476,85465.7050,159.1628,-1.9565,0.0003,0.0367,pathgraph
3161.5550,100326.7707,85464.7788,159.1992,-1.9565,0.0004,0.0369,pathgraph
3162.5548,100326.3949,85463.8523,159.2365,-1.9563,0.0003,0.0370,pathgraph
3163.5547,100326.0191,85462.9257,159.2738,-1.9560,0.0001,0.0370,pathgraph
3164.5546,100325.6434,85461.9992,159.3111,-1.9559,0.0000,0.0371,pathgraph
3165.5544,100325.2676,85461.0726,159.3484,-1.9560,-0.0000,0.0372,pathgraph
3166.5543,100324.8918,85460.1460,159.3856,-1.9561,-0.0001,0.0373,pathgraph
3167.5542,100324.5161,85459.2195,159.4229,-1.9562,-0.0001,0.0373,pathgraph
3168.5540,100324.1403,85458.2929,159.4602,-1.9563,-0.0001,0.0374,pathgraph
3169.5539,100323.7645,85457.3663,159.4975,-1.9564,-0.0002,0.0375,pathgraph
3170.5537,100323.3888,85456.4398,159.5348,-1.9565,-0.0002,0.0376,pathgraph
3171.5536,100323.0126,85455.5134,159.5724,-1.9566,-0.0002,0.0377,pathgraph
3172.5535,100322.6360,85454.5872,159.6104,-1.9566,-0.0002,0.0378,pathgraph
3173.5533,100322.2593,85453.6609,159.6484,-1.9566,-0.0001,0.0378,pathgraph
3174.5532,100321.8827,85452.7347,159.6864,-1.9566,-0.0001,0.0379,pathgraph
3175.5530,100321.5061,85451.8085,159.7244,-1.9566,-0.0000,0.0380,pathgraph
3176.5529,100321.1295,85450.8823,159.7624,-1.9567,0.0000,0.0380,pathgraph
3177.5528,100320.7529,85449.9561,159.8004,-1.9567,0.0001,0.0381,pathgraph
3178.5526,100320.3763,85449.0298,159.8384,-1.9567,0.0001,0.0381,pathgraph
3179.5525,100319.9997,85448.1036,159.8764,-1.9567,0.0002,0.0382,pathgraph
3180.5523,100319.6230,85447.1774,159.9144,-1.9567,0.0002,0.0383,pathgraph
3181.5522,100319.2473,85446.2508,159.9530,-1.9566,0.0002,0.0384,pathgraph
3182.5521,100318.8715,85445.3243,159.9916,-1.9565,0.0002,0.0384,pathgraph
3183.5519,100318.4958,85444.3977,160.0302,-1.9564,0.0001,0.0385,pathgraph
3184.5518,100318.1200,85443.4711,160.0688,-1.9563,0.0001,0.0385,pathgraph
3185.5516,100317.7443,85442.5446,160.1074,-1.9562,0.0001,0.0386,pathgraph
3186.5515,100317.3685,85441.6180,160.1460,-1.9561,0.0001,0.0386,pathgraph
3187.5514,100316.9928,85440.6914,160.1846,-1.9559,0.0001,0.0387,pathgraph
3188.5512,100316.6170,85439.7648,160.2232,-1.9558,0.0001,0.0387,pathgraph
3189.5511,100316.2413,85438.8383,160.2618,-1.9557,0.0000,0.0388,pathgraph
3190.5510,100315.8656,85437.9117,160.3007,-1.9557,0.0000,0.0389,pathgraph
3191.5508,100315.4898,85436.9851,160.3398,-1.9559,-0.0000,0.0389,pathgraph
3192.5507,100315.1141,85436.0585,160.3789,-1.9560,-0.0001,0.0390,pathgraph
3193.5505,100314.7384,85435.1320,160.4180,-1.9561,-0.0001,0.0390,pathgraph
3194.5504,100314.3626,85434.2054,160.4570,-1.9563,-0.0001,0.0391,pathgraph
3195.5503,100313.9869,85433.2788,160.4961,-1.9564,-0.0002,0.0391,pathgraph
3196.5501,100313.6112,85432.3522,160.5352,-1.9565,-0.0002,0.0391,pathgraph
3197.5500,100313.2354,85431.4257,160.5743,-1.9567,-0.0002,0.0392,pathgraph
3198.5498,100312.8597,85430.4991,160.6134,-1.9568,-0.0003,0.0392,pathgraph
3199.5497,100312.4840,85429.5725,160.6525,-1.9570,-0.0003,0.0393,pathgraph
3200.5496,100312.1069,85428.6464,160.6920,-1.9570,-0.0002,0.0393,pathgraph
3201.5494,100311.7299,85427.7204,160.7314,-1.9570,-0.0002,0.0393,pathgraph
3202.5493,100311.3529,85426.7943,160.7709,-1.9570,-0.0001,0.0394,pathgraph
3203.5491,100310.9758,85425.8683,160.8103,-1.9570,-0.0000,0.0394,pathgraph
3204.5490,100310.5988,85424.9422,160.8498,-1.9570,0.0000,0.0394,pathgraph
3205.5489,100310.2218,85424.0162,160.8892,-1.9570,0.0001,0.0395,pathgraph
3206.5487,100309.8447,85423.0901,160.9287,-1.9570,0.0001,0.0395,pathgraph
3207.5486,100309.4677,85422.1641,160.9681,-1.9570,0.0002,0.0395,pathgraph
3208.5484,100309.0906,85421.2381,161.0076,-1.9570,0.0003,0.0395,pathgraph
3209.5483,100308.7142,85420.3118,161.0472,-1.9569,0.0003,0.0396,pathgraph
3210.5482,100308.3383,85419.3853,161.0868,-1.9568,0.0002,0.0396,pathgraph
3211.5480,100307.9624,85418.4588,161.1265,-1.9568,0.0002,0.0396,pathgraph
3212.5479,100307.5865,85417.5322,161.1662,-1.9567,0.0001,0.0396,pathgraph
3213.5477,100307.2106,85416.6057,161.2059,-1.9566,0.0001,0.0396,pathgraph
3214.5476,100306.8347,85415.6792,161.2455,-1.9565,0.0001,0.0396,pathgraph
3215.5475,100306.4588,85414.7527,161.2852,-1.9564,0.0000,0.0397,pathgraph
3216.5473,100306.0829,85413.8262,161.3249,-1.9563,-0.0000,0.0397,pathgraph
3217.5472,100305.7071,85412.8997,161.3646,-1.9562,-0.0001,0.0397,pathgraph
3218.5471,100305.3312,85411.9731,161.4042,-1.9562,-0.0001,0.0397,pathgraph
3219.5469,100304.9549,85411.0468,161.4440,-1.9562,-0.0001,0.0397,pathgraph
3220.5468,100304.5787,85410.1204,161.4837,-1.9563,-0.0001,0.0397,pathgraph
3221.5466,100304.2025,85409.1940,161.5235,-1.9564,-0.0001,0.0397,pathgraph
3222.5465,100303.8262,85408.2677,161.5632,-1.9564,-0.0001,0.0397,pathgraph
3223.5464,100303.4500,85407.3413,161.6030,-1.9565,-0.0001,0.0397,pathgraph
3224.5462,100303.0737,85406.4149,161.6427,-1.9566,-0.0001,0.0397,pathgraph
3225.5461,100302.6975,85405.4885,161.6825,-1.9567,-0.0000,0.0397,pathgraph
3226.5459,100302.3213,85404.5622,161.7222,-1.9567,-0.0000,0.0397,pathgraph
3227.5458,100301.9450,85403.6358,161.7619,-1.9568,-0.0000,0.0397,pathgraph
3228.5457,100301.5687,85402.7095,161.8016,-1.9568,-0.0000,0.0397,pathgraph
3229.5455,100301.1923,85401.7831,161.8413,-1.9568,0.0000,0.0397,pathgraph
3230.5454,100300.8159,85400.8568,161.8809,-1.9568,0.0000,0.0396,pathgraph
3231.5452,100300.4395,85399.9305,161.9206,-1.9567,0.0000,0.0396,pathgraph
3232.5451,100300.0631,85399.0042,161.9602,-1.9567,0.0000,0.0396,pathgraph
3233.5450,100299.6867,85398.0779,161.9999,-1.9567,0.0000,0.0396,pathgraph
3234.5448,100299.3103,85397.1516,162.0395,-1.9566,0.0001,0.0396,pathgraph
3235.5447,100298.9339,85396.2253,162.0792,-1.9566,0.0001,0.0396,pathgraph
3236.5445,100298.5575,85395.2990,162.1188,-1.9565,0.0001,0.0395,pathgraph
3237.5444,100298.1811,85394.3727,162.1585,-1.9565,0.0001,0.0395,pathgraph
3238.5443,100297.8048,85393.4463,162.1978,-1.9566,0.0000,0.0395,pathgraph
3239.5441,100297.4285,85392.5200,162.2372,-1.9567,0.0000,0.0394,pathgraph
3240.5440,100297.0521,85391.5937,162.2766,-1.9568,-0.0000,0.0394,pathgraph
3241.5439,100296.6758,85390.6673,162.3160,-1.9569,-0.0001,0.0394,pathgraph
3242.5437,100296.2994,85389.7410,162.3553,-1.9570,-0.0001,0.0393,pathgraph
3243.5436,100295.9231,85388.8147,162.3947,-1.9571,-0.0001,0.0393,pathgraph
3244.5434,100295.5468,85387.8884,162.4341,-1.9572,-0.0002,0.0393,pathgraph
3245.5433,100295.1704,85386.9620,162.4734,-1.9573,-0.0002,0.0392,pathgraph
3246.5432,100294.7941,85386.0357,162.5128,-1.9574,-0.0003,0.0392,pathgraph
3247.5430,100294.4170,85385.1097,162.5520,-1.9575,-0.0003,0.0391,pathgraph
3248.5429,100294.0391,85384.1840,162.5909,-1.9577,-0.0002,0.0390,pathgraph
3249.5427,100293.6612,85383.2583,162.6298,-1.9578,-0.0002,0.0390,pathgraph
3250.5426,100293.2833,85382.3326,162.6687,-1.9580,-0.0002,0.0389,pathgraph
3251.5425,100292.9054,85381.4069,162.7077,-1.9581,-0.0002,0.0389,pathgraph
3252.5423,100292.5274,85380.4812,162.7466,-1.9583,-0.0001,0.0388,pathgraph
3253.5422,100292.1495,85379.5555,162.7855,-1.9584,-0.0001,0.0388,pathgraph
3254.5420,100291.7716,85378.6298,162.8244,-1.9586,-0.0001,0.0387,pathgraph
3255.5419,100291.3937,85377.7041,162.8634,-1.9587,-0.0000,0.0387,pathgraph
3256.5418,100291.0158,85376.7784,162.9023,-1.9589,-0.0000,0.0386,pathgraph
3257.5416,100290.6375,85375.8529,162.9406,-1.9589,-0.0000,0.0385,pathgraph
3258.5415,100290.2591,85374.9274,162.9789,-1.9588,0.0000,0.0384,pathgraph
3259.5413,100289.8808,85374.0019,163.0172,-1.9588,0.0000,0.0384,pathgraph
3260.5412,100289.5024,85373.0764,163.0555,-1.9588,0.0000,0.0383,pathgraph
3261.5411,100289.1241,85372.1509,163.0938,-1.9588,0.0000,0.0382,pathgraph
3262.5409,100288.7457,85371.2254,163.1321,-1.9589,-0.0000,0.0382,pathgraph
3263.5408,100288.3674,85370.2998,163.1704,-1.9589,-0.0001,0.0381,pathgraph
3264.5407,100287.9890,85369.3743,163.2087,-1.9590,-0.0001,0.0380,pathgraph
3265.5405,100287.6107,85368.4488,163.2470,-1.9590,-0.0001,0.0380,pathgraph
3266.5404,100287.2322,85367.5233,163.2850,-1.9590,-0.0001,0.0378,pathgraph
3267.5402,100286.8536,85366.5979,163.3225,-1.9590,-0.0001,0.0377,pathgraph
3268.5401,100286.4750,85365.6725,163.3600,-1.9589,-0.0000,0.0377,pathgraph
3269.5400,100286.0964,85364.7471,163.3975,-1.9589,0.0000,0.0376,pathgraph
3270.5398,100285.7178,85363.8217,163.4350,-1.9588,0.0000,0.0375,pathgraph
3271.5397,100285.3392,85362.8963,163.4725,-1.9588,0.0001,0.0374,pathgraph
3272.5395,100284.9606,85361.9709,163.5100,-1.9587,0.0001,0.0373,pathgraph
3273.5394,100284.5820,85361.0455,163.5476,-1.9586,0.0002,0.0373,pathgraph
3274.5393,100284.2034,85360.1201,163.5851,-1.9586,0.0002,0.0372,pathgraph
3275.5391,100283.8248,85359.1947,163.6226,-1.9585,0.0003,0.0370,pathgraph
3276.5390,100283.4476,85358.2687,163.6592,-1.9584,0.0002,0.0369,pathgraph
3277.5388,100283.0703,85357.3427,163.6958,-1.9582,0.0002,0.0368,pathgraph
3278.5387,100282.6931,85356.4168,163.7323,-1.9581,0.0002,0.0367,pathgraph
3279.5386,100282.3159,85355.4908,163.7689,-1.9580,0.0002,0.0366,pathgraph
3280.5384,100281.9387,85354.5648,163.8055,-1.9578,0.0001,0.0365,pathgraph
3281.5383,100281.5614,85353.6388,163.8421,-1.9577,0.0001,0.0364,pathgraph
3282.5381,100281.1842,85352.7129,163.8786,-1.9575,0.0001,0.0363,pathgraph
3283.5380,100280.8070,85351.7869,163.9152,-1.9574,0.0001,0.0362,pathgraph
3284.5379,100280.4298,85350.8609,163.9518,-1.9572,0.0000,0.0361,pathgraph
3285.5377,100280.0524,85349.9350,163.9879,-1.9573,-0.0000,0.0360,pathgraph
3286.5376,100279.6750,85349.0091,164.0234,-1.9575,-0.0001,0.0358,pathgraph
3287.5374,100279.2976,85348.0832,164.0589,-1.9577,-0.0001,0.0357,pathgraph
3288.5373,100278.9202,85347.1573,164.0944,-1.9580,-0.0002,0.0356,pathgraph
3289.5372,100278.5427,85346.2314,164.1299,-1.9582,-0.0002,0.0355,pathgraph
3290.5370,100278.1653,85345.3056,164.1654,-1.9584,-0.0003,0.0354,pathgraph
3291.5369,100277.7879,85344.3797,164.2009,-1.9587,-0.0003,0.0353,pathgraph
3292.5368,100277.4105,85343.4538,164.2364,-1.9589,-0.0004,0.0352,pathgraph
3293.5366,100277.0330,85342.5279,164.2720,-1.9591,-0.0004,0.0351,pathgraph
3294.5365,100276.6556,85341.6020,164.3075,-1.9594,-0.0005,0.0349,pathgraph
3295.5363,100276.2757,85340.6771,164.3418,-1.9595,-0.0004,0.0348,pathgraph
3296.5362,100275.8957,85339.7523,164.3762,-1.9597,-0.0003,0.0346,pathgraph
3297.5361,100275.5157,85338.8274,164.4105,-1.9598,-0.0003,0.0345,pathgraph
3298.5359,100275.1358,85337.9026,164.4449,-1.9600,-0.0002,0.0344,pathgraph
3299.5358,100274.7558,85336.9777,164.4792,-1.9601,-0.0001,0.0343,pathgraph
3300.5356,100274.3758,85336.0529,164.5136,-1.9603,-0.0001,0.0342,pathgraph
3301.5355,100273.9958,85335.1281,164.5479,-1.9604,-0.0000,0.0341,pathgraph
3302.5354,100273.6158,85334.2032,164.5823,-1.9606,0.0001,0.0340,pathgraph
3303.5352,100273.2358,85333.2784,164.6166,-1.9608,0.0001,0.0338,pathgraph
3304.5351,100272.8563,85332.3534,164.6504,-1.9607,0.0002,0.0336,pathgraph
3305.5349,100272.4771,85331.4282,164.6835,-1.9604,0.0002,0.0335,pathgraph
3306.5348,100272.0980,85330.5030,164.7166,-1.9602,0.0002,0.0334,pathgraph
3307.5347,100271.7189,85329.5778,164.7497,-1.9599,0.0002,0.0333,pathgraph
3308.5345,100271.3398,85328.6526,164.7828,-1.9596,0.0003,0.0331,pathgraph
3309.5344,100270.9606,85327.7274,164.8159,-1.9593,0.0003,0.0330,pathgraph
3310.5342,100270.5815,85326.8022,164.8490,-1.9591,0.0003,0.0329,pathgraph
3311.5341,100270.2024,85325.8770,164.8821,-1.9588,0.0003,0.0328,pathgraph
3312.5340,100269.8233,85324.9518,164.9152,-1.9585,0.0004,0.0326,pathgraph
3313.5338,100269.4441,85324.0266,164.9483,-1.9582,0.0004,0.0325,pathgraph
3314.5337,100269.0661,85323.1010,164.9802,-1.9585,0.0002,0.0323,pathgraph
3315.5336,100268.6881,85322.1753,165.0120,-1.9588,0.0001,0.0322,pathgraph
3316.5334,100268.3101,85321.2497,165.0438,-1.9591,-0.0000,0.0320,pathgraph
3317.5333,100267.9321,85320.3240,165.0756,-1.9593,-0.0002,0.0319,pathgraph
3318.5331,100267.5541,85319.3984,165.1074,-1.9596,-0.0003,0.0318,pathgraph
3319.5330,100267.1761,85318.4727,165.1392,-1.9599,-0.0004,0.0317,pathgraph
3320.5329,100266.7981,85317.5471,165.1710,-1.9602,-0.0006,0.0316,pathgraph
3321.5327,100266.4200,85316.6214,165.2029,-1.9605,-0.0007,0.0314,pathgraph
3322.5326,100266.0420,85315.6958,165.2347,-1.9607,-0.0009,0.0312,pathgraph
3323.5324,100265.6621,85314.7709,165.2659,-1.9610,-0.0009,0.0310,pathgraph
3324.5323,100265.2799,85313.8469,165.2964,-1.9613,-0.0007,0.0309,pathgraph
3325.5322,100264.8978,85312.9230,165.3270,-1.9615,-0.0005,0.0308,pathgraph
3326.5320,100264.5156,85311.9990,165.3575,-1.9618,-0.0004,0.0306,pathgraph
3327.5319,100264.1335,85311.0751,165.3881,-1.9621,-0.0002,0.0305,pathgraph
3328.5317,100263.7513,85310.1512,165.4186,-1.9623,-0.0001,0.0304,pathgraph
3329.5316,100263.3692,85309.2272,165.4492,-1.9626,0.0001,0.0303,pathgraph
3330.5315,100262.9870,85308.3033,165.4797,-1.9629,0.0002,0.0301,pathgraph
3331.5313,100262.6049,85307.3793,165.5103,-1.9631,0.0004,0.0300,pathgraph
3332.5312,100262.2235,85306.4550,165.5396,-1.9630,0.0003,0.0298,pathgraph
3333.5310,100261.8422,85305.5307,165.5688,-1.9629,0.0003,0.0296,pathgraph
3334.5309,100261.4609,85304.6064,165.5981,-1.9627,0.0002,0.0295,pathgraph
3335.5308,100261.0796,85303.6822,165.6273,-1.9626,0.0002,0.0293,pathgraph
3336.5306,100260.6982,85302.7579,165.6566,-1.9625,0.0001,0.0292,pathgraph
3337.5305,100260.3169,85301.8336,165.6858,-1.9623,0.0001,0.0291,pathgraph
3338.5303,100259.9356,85300.9093,165.7151,-1.9622,0.0000,0.0289,pathgraph
3339.5302,100259.5543,85299.9850,165.7443,-1.9621,-0.0000,0.0288,pathgraph
3340.5301,100259.1730,85299.0607,165.7736,-1.9619,-0.0001,0.0287,pathgraph
3341.5299,100258.7917,85298.1364,165.8022,-1.9619,-0.0001,0.0285,pathgraph
3342.5298,100258.4104,85297.2121,165.8300,-1.9618,-0.0001,0.0283,pathgraph
3343.5297,100258.0291,85296.2878,165.8579,-1.9618,-0.0001,0.0282,pathgraph
3344.5295,100257.6479,85295.3634,165.8858,-1.9618,-0.0000,0.0280,pathgraph
3345.5294,100257.2666,85294.4391,165.9137,-1.9618,0.0000,0.0279,pathgraph
3346.5292,100256.8853,85293.5148,165.9415,-1.9618,0.0000,0.0278,pathgraph
3347.5291,100256.5041,85292.5905,165.9694,-1.9618,0.0001,0.0277,pathgraph
3348.5290,100256.1228,85291.6662,165.9973,-1.9617,0.0001,0.0275,pathgraph
3349.5288,100255.7415,85290.7419,166.0251,-1.9617,0.0001,0.0274,pathgraph
3350.5287,100255.3603,85289.8176,166.0530,-1.9617,0.0002,0.0272,pathgraph
3351.5285,100254.9796,85288.8930,166.0796,-1.9616,0.0001,0.0270,pathgraph
3352.5284,100254.5990,85287.9684,166.1061,-1.9616,0.0001,0.0269,pathgraph
3353.5283,100254.2183,85287.0438,166.1326,-1.9615,0.0001,0.0267,pathgraph
3354.5281,100253.8377,85286.1193,166.1591,-1.9615,0.0000,0.0266,pathgraph
3355.5280,100253.4570,85285.1947,166.1856,-1.9614,0.0000,0.0265,pathgraph
3356.5278,100253.0764,85284.2701,166.2121,-1.9613,-0.0000,0.0264,pathgraph
3357.5277,100252.6957,85283.3456,166.2386,-1.9613,-0.0000,0.0262,pathgraph
3358.5276,100252.3151,85282.4210,166.2651,-1.9613,-0.0001,0.0261,pathgraph
3359.5274,100251.9345,85281.4964,166.2916,-1.9615,-0.0003,0.0259,pathgraph
3360.5273,100251.5533,85280.5721,166.3175,-1.9616,-0.0003,0.0257,pathgraph
3361.5271,100251.1714,85279.6480,166.3427,-1.9618,-0.0003,0.0256,pathgraph
3362.5270,100250.7896,85278.7239,166.3678,-1.9619,-0.0002,0.0254,pathgraph
3363.5269,100250.4078,85277.7998,166.3930,-1.9620,-0.0002,0.0253,pathgraph
3364.5267,100250.0260,85276.8757,166.4181,-1.9621,-0.0001,0.0252,pathgraph
3365.5266,100249.6442,85275.9517,166.4432,-1.9623,-0.0001,0.0250,pathgraph
3366.5265,100249.2623,85275.0276,166.4684,-1.9624,-0.0000,0.0249,pathgraph
3367.5263,100248.8805,85274.1035,166.4935,-1.9625,0.0000,0.0248,pathgraph
3368.5262,100248.4987,85273.1794,166.5187,-1.9627,0.0001,0.0246,pathgraph
3369.5260,100248.1169,85272.2553,166.5438,-1.9628,0.0001,0.0245,pathgraph
3370.5259,100247.7352,85271.3312,166.5676,-1.9628,0.0001,0.0243,pathgraph
3371.5258,100247.3535,85270.4070,166.5914,-1.9627,0.0001,0.0241,pathgraph
3372.5256,100246.9718,85269.4829,166.6151,-1.9627,0.0001,0.0240,pathgraph
3373.5255,100246.5901,85268.5588,166.6389,-1.9627,0.0000,0.0239,pathgraph
3374.5253,100246.2084,85267.6346,166.6627,-1.9627,0.0000,0.0237,pathgraph
3375.5252,100245.8267,85266.7105,166.6864,-1.9626,-0.0000,0.0236,pathgraph
3376.5251,100245.4450,85265.7863,166.7102,-1.9626,-0.0000,0.0235,pathgraph
3377.5249,100245.0633,85264.8622,166.7339,-1.9626,-0.0000,0.0233,pathgraph
3378.5248,100244.6816,85263.9381,166.7577,-1.9626,-0.0001,0.0231,pathgraph
3379.5246,100244.2997,85263.0140,166.7808,-1.9626,-0.0001,0.0229,pathgraph
3380.5245,100243.9176,85262.0900,166.8031,-1.9626,-0.0001,0.0228,pathgraph
3381.5244,100243.5356,85261.1661,166.8254,-1.9627,-0.0001,0.0226,pathgraph
3382.5242,100243.1535,85260.2421,166.8477,-1.9628,-0.0001,0.0225,pathgraph
3383.5241,100242.7714,85259.3181,166.8701,-1.9629,-0.0001,0.0224,pathgraph
3384.5239,100242.3893,85258.3941,166.8924,-1.9629,-0.0001,0.0222,pathgraph
3385.5238,100242.0072,85257.4702,166.9147,-1.9630,-0.0001,0.0221,pathgraph
3386.5237,100241.6251,85256.5462,166.9370,-1.9631,-0.0001,0.0219,pathgraph
3387.5235,100241.2430,85255.6222,166.9594,-1.9632,-0.0001,0.0218,pathgraph
3388.5234,100240.8609,85254.6982,166.9817,-1.9632,-0.0001,0.0216,pathgraph
3389.5232,100240.4783,85253.7745,167.0026,-1.9633,-0.0001,0.0214,pathgraph
3390.5231,100240.0956,85252.8508,167.0234,-1.9634,-0.0001,0.0212,pathgraph
3391.5230,100239.7129,85251.9271,167.0442,-1.9635,-0.0001,0.0211,pathgraph
3392.5228,100239.3302,85251.0033,167.0651,-1.9635,-0.0001,0.0209,pathgraph
3393.5227,100238.9474,85250.0796,167.0859,-1.9636,-0.0001,0.0208,pathgraph
3394.5226,100238.5647,85249.1559,167.1067,-1.9637,-0.0001,0.0206,pathgraph
3395.5224,100238.1820,85248.2322,167.1276,-1.9638,-0.0001,0.0205,pathgraph
3396.5223,100237.7993,85247.3085,167.1484,-1.9638,-0.0001,0.0204,pathgraph
3397.5221,100237.4166,85246.3847,167.1692,-1.9639,-0.0001,0.0202,pathgraph
3398.5220,100237.0338,85245.4611,167.1894,-1.9639,-0.0001,0.0200,pathgraph
3399.5219,100236.6508,85244.5375,167.2087,-1.9639,-0.0000,0.0198,pathgraph
3400.5217,100236.2678,85243.6139,167.2279,-1.9638,-0.0000,0.0196,pathgraph
3401.5216,100235.8848,85242.6903,167.2472,-1.9637,0.0000,0.0195,pathgraph
3402.5214,100235.5018,85241.7667,167.2665,-1.9636,0.0001,0.0193,pathgraph
3403.5213,100235.1189,85240.8431,167.2858,-1.9636,0.0001,0.0192,pathgraph
3404.5212,100234.7359,85239.9195,167.3050,-1.9635,0.0001,0.0190,pathgraph
3405.5210,100234.3529,85238.9958,167.3243,-1.9634,0.0002,0.0189,pathgraph
3406.5209,100233.9699,85238.0722,167.3436,-1.9634,0.0002,0.0187,pathgraph
3407.5207,100233.5869,85237.1486,167.3629,-1.9633,0.0002,0.0185,pathgraph
3408.5206,100233.2047,85236.2247,167.3806,-1.9633,0.0002,0.0183,pathgraph
3409.5205,100232.8225,85235.3008,167.3983,-1.9634,0.0001,0.0181,pathgraph
3410.5203,100232.4403,85234.3769,167.4159,-1.9634,0.0001,0.0179,pathgraph
3411.5202,100232.0581,85233.4529,167.4336,-1.9634,0.0000,0.0178,pathgraph
3412.5200,100231.6759,85232.5290,167.4512,-1.9635,-0.0000,0.0176,pathgraph
3413.5199,100231.2937,85231.6051,167.4689,-1.9635,-0.0001,0.0174,pathgraph
3414.5198,100230.9116,85230.6811,167.4865,-1.9635,-0.0002,0.0173,pathgraph
3415.5196,100230.5294,85229.7572,167.5042,-1.9636,-0.0002,0.0171,pathgraph
3416.5195,100230.1472,85228.8332,167.5218,-1.9636,-0.0003,0.0169,pathgraph
3417.5194,100229.7644,85227.9095,167.5387,-1.9637,-0.0003,0.0167,pathgraph
3418.5192,100229.3810,85226.9861,167.5547,-1.9637,-0.0002,0.0165,pathgraph
3419.5191,100228.9976,85226.0627,167.5706,-1.9638,-0.0002,0.0163,pathgraph
3420.5189,100228.6141,85225.1393,167.5866,-1.9639,-0.0001,0.0162,pathgraph
3421.5188,100228.2307,85224.2159,167.6026,-1.9640,-0.0001,0.0160,pathgraph
3422.5187,100227.8472,85223.2925,167.6185,-1.9640,-0.0000,0.0159,pathgraph
3423.5185,100227.4638,85222.3691,167.6345,-1.9641,0.0000,0.0157,pathgraph
3424.5184,100227.0804,85221.4456,167.6505,-1.9642,0.0001,0.0155,pathgraph
3425.5182,100226.6969,85220.5222,167.6665,-1.9643,0.0001,0.0153,pathgraph
3426.5181,100226.3135,85219.5988,167.6824,-1.9643,0.0002,0.0151,pathgraph
3427.5180,100225.9302,85218.6753,167.6968,-1.9644,0.0001,0.0149,pathgraph
3428.5178,100225.5469,85217.7519,167.7110,-1.9644,0.0001,0.0147,pathgraph
3429.5177,100225.1636,85216.8284,167.7253,-1.9645,0.0000,0.0146,pathgraph
3430.5175,100224.7803,85215.9049,167.7395,-1.9645,-0.0000,0.0144,pathgraph
3431.5174,100224.3970,85214.9815,167.7538,-1.9646,-0.0000,0.0142,pathgraph
3432.5173,100224.0137,85214.0580,167.7681,-1.9646,-0.0001,0.0141,pathgraph
3433.5171,100223.6304,85213.1345,167.7823,-1.9646,-0.0001,0.0139,pathgraph
3434.5170,100223.2470,85212.2110,167.7966,-1.9647,-0.0002,0.0138,pathgraph
3435.5168,100222.8637,85211.2876,167.8109,-1.9647,-0.0002,0.0136,pathgraph
3436.5167,100222.4802,85210.3642,167.8244,-1.9647,-0.0002,0.0133,pathgraph
3437.5166,100222.0965,85209.4409,167.8369,-1.9645,-0.0001,0.0131,pathgraph
3438.5164,100221.7128,85208.5176,167.8495,-1.9644,-0.0000,0.0130,pathgraph
3439.5163,100221.3291,85207.5943,167.8621,-1.9643,0.0000,0.0128,pathgraph
3440.5161,100220.9453,85206.6710,167.8747,-1.9641,0.0001,0.0126,pathgraph
3441.5160,100220.5616,85205.7477,167.8872,-1.9640,0.0002,0.0125,pathgraph
3442.5159,100220.1779,85204.8244,167.8998,-1.9638,0.0003,0.0123,pathgraph
3443.5157,100219.7941,85203.9011,167.9124,-1.9637,0.0004,0.0122,pathgraph
3444.5156,100219.4104,85202.9778,167.9250,-1.9635,0.0004,0.0120,pathgraph
3445.5155,100219.0267,85202.0545,167.9376,-1.9634,0.0005,0.0118,pathgraph
3446.5153,100218.6449,85201.1304,167.9486,-1.9632,0.0004,0.0116,pathgraph
3447.5152,100218.2632,85200.2063,167.9596,-1.9631,0.0003,0.0114,pathgraph
3448.5150,100217.8816,85199.2821,167.9705,-1.9629,0.0002,0.0113,pathgraph
3449.5149,100217.4999,85198.3580,167.9815,-1.9628,0.0001,0.0111,pathgraph
3450.5148,100217.1182,85197.4338,167.9925,-1.9626,-0.0000,0.0110,pathgraph
3451.5146,100216.7366,85196.5097,168.0034,-1.9625,-0.0001,0.0108,pathgraph
3452.5145,100216.3549,85195.5855,168.0144,-1.9624,-0.0001,0.0107,pathgraph
3453.5143,100215.9732,85194.6614,168.0254,-1.9624,-0.0000,0.0105,pathgraph
3454.5142,100215.5915,85193.7372,168.0363,-1.9623,0.0001,0.0103,pathgraph
3455.5141,100215.2101,85192.8130,168.0466,-1.9623,0.0002,0.0101,pathgraph
3456.5139,100214.8290,85191.8886,168.0561,-1.9623,0.0001,0.0100,pathgraph
3457.5138,100214.4479,85190.9642,168.0656,-1.9622,0.0001,0.0098,pathgraph
3458.5136,100214.0668,85190.0399,168.0751,-1.9622,0.0001,0.0097,pathgraph
3459.5135,100213.6857,85189.1155,168.0845,-1.9621,0.0000,0.0096,pathgraph
3460.5134,100213.3045,85188.1911,168.0940,-1.9621,0.0000,0.0094,pathgraph
3461.5132,100212.9234,85187.2667,168.1035,-1.9620,-0.0000,0.0093,pathgraph
3462.5131,100212.5423,85186.3423,168.1129,-1.9620,-0.0000,0.0091,pathgraph
3463.5129,100212.1612,85185.4180,168.1224,-1.9619,-0.0001,0.0090,pathgraph
3464.5128,100211.7801,85184.4936,168.1319,-1.9619,-0.0001,0.0088,pathgraph
3465.5127,100211.3982,85183.5695,168.1401,-1.9621,-0.0001,0.0086,pathgraph
3466.5125,100211.0164,85182.6455,168.1482,-1.9623,-0.0001,0.0085,pathgraph
3467.5124,100210.6345,85181.7214,168.1563,-1.9625,-0.0002,0.0084,pathgraph
3468.5123,100210.2526,85180.7973,168.1644,-1.9627,-0.0002,0.0083,pathgraph
3469.5121,100209.8707,85179.8733,168.1725,-1.9628,-0.0002,0.0081,pathgraph
3470.5120,100209.4888,85178.9492,168.1807,-1.9630,-0.0002,0.0080,pathgraph
3471.5118,100209.1070,85178.0251,168.1888,-1.9632,-0.0002,0.0079,pathgraph
3472.5117,100208.7251,85177.1011,168.1969,-1.9634,-0.0002,0.0078,pathgraph
3473.5116,100208.3432,85176.1770,168.2050,-1.9636,-0.0003,0.0076,pathgraph
3474.5114,100207.9607,85175.2532,168.2126,-1.9637,-0.0002,0.0075,pathgraph
3475.5113,100207.5774,85174.3297,168.2196,-1.9637,-0.0002,0.0073,pathgraph
3476.5111,100207.1942,85173.4063,168.2265,-1.9637,-0.0001,0.0072,pathgraph
3477.5110,100206.8109,85172.4828,168.2335,-1.9638,-0.0001,0.0071,pathgraph
3478.5109,100206.4276,85171.5593,168.2404,-1.9638,-0.0000,0.0070,pathgraph
3479.5107,100206.0443,85170.6358,168.2474,-1.9638,0.0000,0.0069,pathgraph
3480.5106,100205.6611,85169.7123,168.2543,-1.9638,0.0001,0.0068,pathgraph
3481.5104,100205.2778,85168.7888,168.2613,-1.9638,0.0001,0.0067,pathgraph
3482.5103,100204.8945,85167.8653,168.2682,-1.9638,0.0002,0.0066,pathgraph
3483.5102,100204.5112,85166.9419,168.2752,-1.9638,0.0003,0.0065,pathgraph
3484.5100,100204.1288,85166.0180,168.2812,-1.9638,0.0002,0.0064,pathgraph
3485.5099,100203.7464,85165.0942,168.2872,-1.9637,0.0002,0.0063,pathgraph
3486.5097,100203.3641,85164.1703,168.2932,-1.9636,0.0001,0.0062,pathgraph
3487.5096,100202.9817,85163.2465,168.2992,-1.9636,0.0001,0.0061,pathgraph
3488.5095,100202.5993,85162.3226,168.3052,-1.9635,0.0000,0.0060,pathgraph
3489.5093,100202.2169,85161.3987,168.3112,-1.9635,0.0000,0.0060,pathgraph
3490.5092,100201.8346,85160.4749,168.3172,-1.9634,-0.0000,0.0059,pathgraph
3491.5091,100201.4522,85159.5510,168.3232,-1.9634,-0.0001,0.0058,pathgraph
3492.5089,100201.0698,85158.6272,168.3291,-1.9633,-0.0001,0.0057,pathgraph
3493.5088,100200.6868,85157.7036,168.3348,-1.9635,-0.0002,0.0056,pathgraph
3494.5086,100200.3029,85156.7803,168.3400,-1.9639,-0.0002,0.0055,pathgraph
3495.5085,100199.9191,85155.8571,168.3453,-1.9643,-0.0003,0.0055,pathgraph
3496.5084,100199.5352,85154.9339,168.3505,-1.9647,-0.0003,0.0054,pathgraph
3497.5082,100199.1514,85154.0106,168.3558,-1.9651,-0.0004,0.0053,pathgraph
3498.5081,100198.7675,85153.0874,168.3610,-1.9655,-0.0005,0.0053,pathgraph
3499.5079,100198.3836,85152.1641,168.3663,-1.9660,-0.0005,0.0052,pathgraph
3500.5078,100197.9998,85151.2409,168.3715,-1.9664,-0.0006,0.0052,pathgraph
3501.5077,100197.6159,85150.3177,168.3768,-1.9668,-0.0006,0.0051,pathgraph
3502.5075,100197.2321,85149.3944,168.3820,-1.9672,-0.0007,0.0050,pathgraph
3503.5074,100196.8442,85148.4729,168.3868,-1.9679,-0.0007,0.0050,pathgraph
3504.5072,100196.4561,85147.5514,168.3916,-1.9686,-0.0007,0.0049,pathgraph
3505.5071,100196.0679,85146.6299,168.3964,-1.9692,-0.0007,0.0049,pathgraph
3506.5070,100195.6798,85145.7085,168.4012,-1.9699,-0.0007,0.0048,pathgraph
3507.5068,100195.2917,85144.7870,168.4060,-1.9706,-0.0007,0.0048,pathgraph
3508.5067,100194.9036,85143.8656,168.4108,-1.9713,-0.0007,0.0047,pathgraph
3509.5065,100194.5146,85142.9445,168.4155,-1.9715,-0.0005,0.0047,pathgraph
3510.5064,100194.1245,85142.0238,168.4200,-1.9711,-0.0002,0.0047,pathgraph
3511.5063,100193.7345,85141.1032,168.4246,-1.9707,0.0001,0.0046,pathgraph
3512.5061,100193.3444,85140.1826,168.4291,-1.9703,0.0005,0.0046,pathgraph
3513.5060,100192.9543,85139.2619,168.4337,-1.9699,0.0008,0.0045,pathgraph
3514.5058,100192.5642,85138.3413,168.4382,-1.9695,0.0011,0.0045,pathgraph
3515.5057,100192.1742,85137.4207,168.4428,-1.9691,0.0014,0.0045,pathgraph
3516.5056,100191.7893,85136.4978,168.4472,-1.9683,0.0013,0.0045,pathgraph
3517.5054,100191.4048,85135.5749,168.4515,-1.9676,0.0011,0.0044,pathgraph
3518.5053,100191.0204,85134.6519,168.4559,-1.9668,0.0009,0.0044,pathgraph
3519.5052,100190.6359,85133.7289,168.4603,-1.9660,0.0007,0.0044,pathgraph
3520.5050,100190.2514,85132.8059,168.4647,-1.9652,0.0005,0.0044,pathgraph
3521.5049,100189.8669,85131.8829,168.4690,-1.9645,0.0003,0.0044,pathgraph
3522.5047,100189.4824,85130.9599,168.4734,-1.9637,0.0001,0.0043,pathgraph
3523.5046,100189.0992,85130.0364,168.4777,-1.9638,0.0000,0.0043,pathgraph
3524.5045,100188.7161,85129.1129,168.4819,-1.9640,-0.0000,0.0043,pathgraph
3525.5043,100188.3330,85128.1894,168.4862,-1.9641,-0.0001,0.0043,pathgraph
3526.5042,100187.9498,85127.2658,168.4904,-1.9643,-0.0001,0.0043,pathgraph
3527.5040,100187.5667,85126.3423,168.4947,-1.9644,-0.0002,0.0043,pathgraph
3528.5039,100187.1835,85125.4187,168.4989,-1.9646,-0.0002,0.0043,pathgraph
3529.5038,100186.8004,85124.4952,168.5032,-1.9648,-0.0003,0.0043,pathgraph
3530.5036,100186.4173,85123.5717,168.5075,-1.9649,-0.0003,0.0043,pathgraph
3531.5035,100186.0341,85122.6481,168.5117,-1.9651,-0.0004,0.0042,pathgraph
3532.5033,100185.6501,85121.7249,168.5160,-1.9653,-0.0004,0.0042,pathgraph
3533.5032,100185.2649,85120.8023,168.5202,-1.9654,-0.0003,0.0042,pathgraph
3534.5031,100184.8797,85119.8796,168.5244,-1.9655,-0.0003,0.0042,pathgraph
3535.5029,100184.4946,85118.9569,168.5286,-1.9657,-0.0002,0.0042,pathgraph
3536.5028,100184.1094,85118.0342,168.5328,-1.9658,-0.0002,0.0042,pathgraph
3537.5026,100183.7242,85117.1115,168.5370,-1.9659,-0.0001,0.0042,pathgraph
3538.5025,100183.3390,85116.1888,168.5412,-1.9660,-0.0000,0.0042,pathgraph
3539.5024,100182.9538,85115.2661,168.5454,-1.9662,0.0000,0.0042,pathgraph
3540.5022,100182.5686,85114.3434,168.5496,-1.9663,0.0001,0.0042,pathgraph
3541.5021,100182.1834,85113.4207,168.5538,-1.9664,0.0001,0.0042,pathgraph
3542.5019,100181.7982,85112.4981,168.5580,-1.9664,0.0001,0.0042,pathgraph
3543.5018,100181.4131,85111.5754,168.5623,-1.9664,0.0001,0.0042,pathgraph
3544.5017,100181.0279,85110.6527,168.5665,-1.9663,0.0000,0.0042,pathgraph
3545.5015,100180.6427,85109.7300,168.5707,-1.9663,-0.0000,0.0042,pathgraph
3546.5014,100180.2575,85108.8073,168.5749,-1.9663,-0.0000,0.0042,pathgraph
3547.5013,100179.8723,85107.8846,168.5791,-1.9662,-0.0000,0.0042,pathgraph
3548.5011,100179.4871,85106.9620,168.5834,-1.9662,0.0000,0.0042,pathgraph
3549.5010,100179.1019,85106.0393,168.5876,-1.9662,0.0000,0.0042,pathgraph
3550.5008,100178.7167,85105.1166,168.5918,-1.9662,0.0000,0.0042,pathgraph
3551.5007,100178.3316,85104.1939,168.5960,-1.9662,0.0001,0.0042,pathgraph
3552.5006,100177.9466,85103.2711,168.6003,-1.9662,0.0001,0.0043,pathgraph
3553.5004,100177.5617,85102.3483,168.6046,-1.9661,0.0000,0.0043,pathgraph
3554.5003,100177.1768,85101.4255,168.6088,-1.9661,0.0000,0.0043,pathgraph
3555.5001,100176.7918,85100.5027,168.6131,-1.9661,0.0000,0.0043,pathgraph
3556.5000,100176.4069,85099.5799,168.6173,-1.9660,0.0000,0.0043,pathgraph
3557.4999,100176.0219,85098.6571,168.6216,-1.9660,0.0000,0.0043,pathgraph
3558.4997,100175.6370,85097.7343,168.6259,-1.9659,0.0000,0.0043,pathgraph
3559.4996,100175.2520,85096.8115,168.6301,-1.9659,0.0000,0.0043,pathgraph
3560.4994,100174.8671,85095.8888,168.6344,-1.9659,0.0000,0.0043,pathgraph
3561.4993,100174.4822,85094.9659,168.6387,-1.9659,0.0000,0.0043,pathgraph
3562.4992,100174.0974,85094.0431,168.6430,-1.9659,-0.0000,0.0043,pathgraph
3563.4990,100173.7125,85093.1203,168.6474,-1.9659,-0.0000,0.0043,pathgraph
3564.4989,100173.3277,85092.1974,168.6517,-1.9659,-0.0000,0.0043,pathgraph
3565.4987,100172.9428,85091.2746,168.6560,-1.9659,-0.0000,0.0043,pathgraph
3566.4986,100172.5580,85090.3518,168.6603,-1.9660,-0.0000,0.0043,pathgraph
3567.4985,100172.1731,85089.4290,168.6646,-1.9660,-0.0000,0.0043,pathgraph
3568.4983,100171.7883,85088.5061,168.6689,-1.9660,-0.0000,0.0043,pathgraph
3569.4982,100171.4034,85087.5833,168.6733,-1.9660,-0.0000,0.0043,pathgraph
3570.4981,100171.0186,85086.6605,168.6776,-1.9660,-0.0000,0.0043,pathgraph
3571.4979,100170.6337,85085.7377,168.6819,-1.9659,-0.0000,0.0043,pathgraph
3572.4978,100170.2488,85084.8149,168.6863,-1.9659,0.0000,0.0043,pathgraph
3573.4976,100169.8639,85083.8921,168.6907,-1.9659,0.0000,0.0043,pathgraph
3574.4975,100169.4790,85082.9692,168.6950,-1.9658,0.0000,0.0044,pathgraph
3575.4974,100169.0941,85082.0464,168.6994,-1.9658,0.0001,0.0044,pathgraph
3576.4972,100168.7092,85081.1236,168.7037,-1.9657,0.0001,0.0044,pathgraph
3577.4971,100168.3244,85080.2008,168.7081,-1.9657,0.0001,0.0044,pathgraph
3578.4969,100167.9395,85079.2780,168.7125,-1.9657,0.0001,0.0044,pathgraph
3579.4968,100167.5546,85078.3552,168.7168,-1.9656,0.0001,0.0044,pathgraph
3580.4967,100167.1701,85077.4322,168.7212,-1.9656,0.0001,0.0044,pathgraph
3581.4965,100166.7857,85076.5092,168.7256,-1.9656,0.0001,0.0044,pathgraph
3582.4964,100166.4013,85075.5862,168.7299,-1.9656,0.0000,0.0044,pathgraph
3583.4962,100166.0168,85074.6632,168.7343,-1.9656,0.0000,0.0044,pathgraph
3584.4961,100165.6324,85073.7402,168.7387,-1.9657,-0.0000,0.0044,pathgraph
3585.4960,100165.2480,85072.8172,168.7430,-1.9657,-0.0000,0.0044,pathgraph
3586.4958,100164.8635,85071.8942,168.7474,-1.9657,-0.0001,0.0044,pathgraph
3587.4957,100164.4791,85070.9712,168.7518,-1.9657,-0.0001,0.0044,pathgraph
3588.4955,100164.0947,85070.0482,168.7562,-1.9657,-0.0001,0.0044,pathgraph
3589.4954,100163.7100,85069.1252,168.7605,-1.9657,-0.0001,0.0044,pathgraph
3590.4953,100163.3251,85068.2025,168.7649,-1.9657,-0.0001,0.0043,pathgraph
3591.4951,100162.9402,85067.2797,168.7692,-1.9658,-0.0001,0.0043,pathgraph
3592.4950,100162.5552,85066.3569,168.7735,-1.9658,-0.0001,0.0043,pathgraph
3593.4949,100162.1703,85065.4341,168.7779,-1.9658,-0.0000,0.0043,pathgraph
3594.4947,100161.7853,85064.5113,168.7822,-1.9658,-0.0000,0.0043,pathgraph
3595.4946,100161.4004,85063.5885,168.7866,-1.9659,0.0000,0.0043,pathgraph
3596.4944,100161.0155,85062.6657,168.7909,-1.9659,0.0000,0.0043,pathgraph
3597.4943,100160.6305,85061.7429,168.7953,-1.9659,0.0001,0.0043,pathgraph
3598.4942,100160.2456,85060.8201,168.7996,-1.9659,0.0001,0.0043,pathgraph
3599.4940,100159.8612,85059.8971,168.8039,-1.9658,0.0001,0.0043,pathgraph
3600.4939,100159.4768,85058.9741,168.8082,-1.9657,0.0001,0.0043,pathgraph
3601.4937,100159.0924,85058.0511,168.8124,-1.9655,0.0001,0.0043,pathgraph
3602.4936,100158.7080,85057.1280,168.8167,-1.9654,0.0001,0.0043,pathgraph
3603.4935,100158.3237,85056.2050,168.8210,-1.9653,0.0001,0.0043,pathgraph
3604.4933,100157.9393,85055.2820,168.8252,-1.9651,0.0002,0.0042,pathgraph
3605.4932,100157.5549,85054.3590,168.8295,-1.9650,0.0002,0.0042,pathgraph
3606.4930,100157.1705,85053.4359,168.8338,-1.9649,0.0002,0.0042,pathgraph
3607.4929,100156.7862,85052.5129,168.8380,-1.9647,0.0002,0.0042,pathgraph
3608.4928,100156.4022,85051.5897,168.8423,-1.9646,0.0002,0.0042,pathgraph
3609.4926,100156.0189,85050.6662,168.8464,-1.9646,0.0001,0.0042,pathgraph
3610.4925,100155.6356,85049.7428,168.8505,-1.9646,0.0001,0.0042,pathgraph
3611.4923,100155.2523,85048.8193,168.8547,-1.9645,0.0001,0.0041,pathgraph
3612.4922,100154.8690,85047.8958,168.8588,-1.9645,0.0000,0.0041,pathgraph
3613.4921,100154.4856,85046.9724,168.8629,-1.9645,0.0000,0.0041,pathgraph
3614.4919,100154.1023,85046.0489,168.8671,-1.9645,-0.0000,0.0041,pathgraph
3615.4918,100153.7190,85045.1254,168.8712,-1.9644,-0.0001,0.0041,pathgraph
3616.4916,100153.3357,85044.2020,168.8753,-1.9644,-0.0001,0.0041,pathgraph
3617.4915,100152.9524,85043.2785,168.8795,-1.9644,-0.0001,0.0040,pathgraph
3618.4914,100152.5682,85042.3554,168.8834,-1.9645,-0.0001,0.0040,pathgraph
3619.4912,100152.1841,85041.4323,168.8874,-1.9647,-0.0002,0.0040,pathgraph
3620.4911,100151.7999,85040.5092,168.8913,-1.9649,-0.0002,0.0040,pathgraph
3621.4910,100151.4157,85039.5860,168.8953,-1.9651,-0.0002,0.0039,pathgraph
3622.4908,100151.0316,85038.6629,168.8992,-1.9653,-0.0002,0.0039,pathgraph
3623.4907,100150.6474,85037.7398,168.9031,-1.9655,-0.0002,0.0039,pathgraph
3624.4905,100150.2632,85036.8167,168.9071,-1.9657,-0.0002,0.0039,pathgraph
3625.4904,100149.8790,85035.8936,168.9110,-1.9658,-0.0002,0.0039,pathgraph
3626.4903,100149.4949,85034.9705,168.9150,-1.9660,-0.0002,0.0038,pathgraph
3627.4901,100149.1105,85034.0475,168.9188,-1.9660,-0.0002,0.0038,pathgraph
3628.4900,100148.7257,85033.1246,168.9225,-1.9658,-0.0001,0.0038,pathgraph
3629.4898,100148.3410,85032.2017,168.9262,-1.9655,0.0000,0.0037,pathgraph
3630.4897,100147.9563,85031.2788,168.9299,-1.9653,0.0001,0.0037,pathgraph
3631.4896,100147.5716,85030.3559,168.9336,-1.9651,0.0002,0.0037,pathgraph
3632.4894,100147.1869,85029.4331,168.9373,-1.9648,0.0003,0.0037,pathgraph
3633.4893,100146.8021,85028.5102,168.9410,-1.9646,0.0004,0.0036,pathgraph
3634.4891,100146.4174,85027.5873,168.9447,-1.9643,0.0005,0.0036,pathgraph
3635.4890,100146.0327,85026.6644,168.9484,-1.9641,0.0006,0.0036,pathgraph
3636.4889,100145.6480,85025.7415,168.9521,-1.9638,0.0007,0.0036,pathgraph
3637.4887,100145.2656,85024.8177,168.9555,-1.9637,0.0005,0.0035,pathgraph
3638.4886,100144.8834,85023.8937,168.9589,-1.9635,0.0002,0.0035,pathgraph
3639.4884,100144.5012,85022.9698,168.9624,-1.9634,0.0000,0.0035,pathgraph
3640.4883,100144.1190,85022.0459,168.9658,-1.9632,-0.0002,0.0034,pathgraph
3641.4882,100143.7369,85021.1219,168.9692,-1.9630,-0.0003,0.0034,pathgraph
3642.4880,100143.3547,85020.1980,168.9726,-1.9627,-0.0000,0.0034,pathgraph
3643.4879,100142.9725,85019.2741,168.9760,-1.9624,0.0003,0.0034,pathgraph
3644.4878,100142.5903,85018.3501,168.9794,-1.9621,0.0006,0.0033,pathgraph
3645.4876,100142.2081,85017.4262,168.9829,-1.9618,0.0009,0.0033,pathgraph
3646.4875,100141.8266,85016.5020,168.9862,-1.9618,0.0009,0.0033,pathgraph
3647.4873,100141.4459,85015.5774,168.9893,-1.9622,0.0005,0.0032,pathgraph
3648.4872,100141.0653,85014.6528,168.9924,-1.9627,0.0002,0.0032,pathgraph
3649.4871,100140.6846,85013.7283,168.9956,-1.9632,-0.0002,0.0032,pathgraph
3650.4869,100140.3040,85012.8037,168.9987,-1.9637,-0.0006,0.0031,pathgraph
3651.4868,100139.9233,85011.8791,169.0019,-1.9641,-0.0009,0.0031,pathgraph
3652.4866,100139.5427,85010.9546,169.0050,-1.9646,-0.0013,0.0031,pathgraph
3653.4865,100139.1621,85010.0300,169.0081,-1.9651,-0.0017,0.0031,pathgraph
3654.4864,100138.7814,85009.1054,169.0113,-1.9656,-0.0020,0.0030,pathgraph
3655.4862,100138.3930,85008.1841,169.0142,-1.9685,-0.0026,0.0030,pathgraph
3656.4861,100138.0039,85007.2631,169.0172,-1.9717,-0.0033,0.0030,pathgraph
3657.4859,100137.6148,85006.3420,169.0201,-1.9749,-0.0039,0.0029,pathgraph
3658.4858,100137.2210,85005.4230,169.0231,-1.9789,-0.0046,0.0029,pathgraph
3659.4856,100136.8206,85004.5068,169.0259,-1.9839,-0.0052,0.0029,pathgraph
3660.4855,100136.4203,85003.5906,169.0288,-1.9890,-0.0057,0.0029,pathgraph
3661.4854,100136.0079,85002.6797,169.0316,-1.9952,-0.0062,0.0028,pathgraph
3662.4852,100135.5945,85001.7693,169.0344,-2.0016,-0.0066,0.0028,pathgraph
3663.4850,100135.1753,85000.8616,169.0372,-2.0082,-0.0070,0.0028,pathgraph
3664.4849,100134.7480,84999.9576,169.0399,-2.0154,-0.0072,0.0027,pathgraph
3665.4847,100134.3153,84999.0563,169.0426,-2.0226,-0.0074,0.0027,pathgraph
3666.4846,100133.8748,84998.1587,169.0453,-2.0301,-0.0075,0.0027,pathgraph
3667.4844,100133.4287,84997.2639,169.0479,-2.0377,-0.0076,0.0027,pathgraph
3668.4843,100132.9747,84996.3731,169.0506,-2.0452,-0.0076,0.0026,pathgraph
3669.4841,100132.5151,84995.4851,169.0532,-2.0528,-0.0076,0.0026,pathgraph
3670.4840,100132.0477,84994.6012,169.0558,-2.0603,-0.0075,0.0026,pathgraph
3671.4838,100131.5748,84993.7203,169.0583,-2.0679,-0.0075,0.0026,pathgraph
3672.4837,100131.0942,84992.8435,169.0609,-2.0754,-0.0075,0.0025,pathgraph
3673.4835,100130.6081,84991.9698,169.0634,-2.0829,-0.0075,0.0025,pathgraph
3674.4834,100130.1143,84991.1004,169.0659,-2.0905,-0.0076,0.0025,pathgraph
3675.4832,100129.6150,84990.2341,169.0683,-2.0981,-0.0077,0.0025,pathgraph
3676.4831,100129.1080,84989.3724,169.0708,-2.1059,-0.0078,0.0025,pathgraph
3677.4829,100128.5953,84988.5140,169.0732,-2.1138,-0.0079,0.0024,pathgraph
3678.4828,100128.0748,84987.6603,169.0757,-2.1217,-0.0080,0.0024,pathgraph
3679.4826,100127.5485,84986.8102,169.0781,-2.1297,-0.0081,0.0024,pathgraph
3680.4825,100127.0143,84985.9650,169.0804,-2.1378,-0.0081,0.0024,pathgraph
3681.4823,100126.4744,84985.1235,169.0828,-2.1460,-0.0082,0.0024,pathgraph
3682.4821,100125.9265,84984.2871,169.0851,-2.1542,-0.0083,0.0024,pathgraph
3683.4820,100125.3728,84983.4546,169.0875,-2.1625,-0.0083,0.0023,pathgraph
3684.4818,100124.8111,84982.6275,169.0898,-2.1709,-0.0084,0.0023,pathgraph
3685.4817,100124.2436,84981.8043,169.0921,-2.1793,-0.0084,0.0023,pathgraph
3686.4815,100123.6680,84980.9867,169.0944,-2.1877,-0.0084,0.0023,pathgraph
3687.4813,100123.0868,84980.1732,169.0967,-2.1961,-0.0084,0.0023,pathgraph
3688.4812,100122.4975,84979.3654,169.0990,-2.2045,-0.0084,0.0023,pathgraph
3689.4810,100121.9028,84978.5617,169.1012,-2.2128,-0.0083,0.0023,pathgraph
3690.4809,100121.3002,84977.7638,169.1035,-2.2210,-0.0081,0.0023,pathgraph
3691.4807,100120.6924,84976.9700,169.1057,-2.2290,-0.0079,0.0023,pathgraph
3692.4806,100120.0771,84976.1818,169.1080,-2.2368,-0.0077,0.0022,pathgraph
3693.4804,100119.4569,84975.3976,169.1102,-2.2443,-0.0074,0.0022,pathgraph
3694.4803,100118.8299,84974.6188,169.1124,-2.2516,-0.0071,0.0022,pathgraph
3695.4801,100118.1983,84973.8437,169.1146,-2.2586,-0.0069,0.0022,pathgraph
3696.4800,100117.5604,84973.0737,169.1168,-2.2653,-0.0066,0.0022,pathgraph
3697.4798,100116.9180,84972.3076,169.1190,-2.2719,-0.0064,0.0022,pathgraph
3698.4797,100116.2690,84971.5470,169.1213,-2.2781,-0.0062,0.0022,pathgraph
3699.4795,100115.6200,84970.7864,169.1235,-2.2844,-0.0061,0.0022,pathgraph
3700.4794,100114.9605,84970.0348,169.1257,-2.2903,-0.0059,0.0022,pathgraph
3701.4792,100114.3001,84969.2842,169.1279,-2.2962,-0.0058,0.0022,pathgraph
3702.4791,100113.6352,84968.5374,169.1301,-2.3020,-0.0057,0.0022,pathgraph
3703.4789,100112.9640,84967.7963,169.1323,-2.3075,-0.0055,0.0022,pathgraph
3704.4788,100112.2929,84967.0552,169.1345,-2.3131,-0.0054,0.0022,pathgraph
3705.4787,100111.6127,84966.3223,169.1367,-2.3182,-0.0052,0.0022,pathgraph
3706.4785,100110.9317,84965.5902,169.1390,-2.3234,-0.0050,0.0023,pathgraph
3707.4784,100110.2469,84964.8617,169.1412,-2.3284,-0.0049,0.0023,pathgraph
3708.4782,100109.5569,84964.1381,169.1435,-2.3333,-0.0048,0.0023,pathgraph
3709.4781,100108.8668,84963.4146,169.1457,-2.3381,-0.0047,0.0023,pathgraph
3710.4779,100108.1689,84962.6986,169.1480,-2.3429,-0.0048,0.0023,pathgraph
3711.4778,100107.4702,84961.9834,169.1503,-2.3477,-0.0048,0.0023,pathgraph
3712.4776,100106.7680,84961.2716,169.1525,-2.3525,-0.0049,0.0023,pathgraph
3713.4775,100106.0606,84960.5650,169.1548,-2.3575,-0.0050,0.0023,pathgraph
3714.4774,100105.3533,84959.8583,169.1572,-2.3626,-0.0052,0.0023,pathgraph
3715.4772,100104.6377,84959.1600,169.1595,-2.3678,-0.0053,0.0024,pathgraph
3716.4771,100103.9213,84958.4625,169.1618,-2.3732,-0.0054,0.0024,pathgraph
3717.4769,100103.2010,84957.7691,169.1642,-2.3786,-0.0055,0.0024,pathgraph
3718.4768,100102.4751,84957.0815,169.1666,-2.3843,-0.0057,0.0024,pathgraph
3719.4766,100101.7491,84956.3939,169.1690,-2.3899,-0.0058,0.0024,pathgraph
3720.4765,100101.0143,84955.7159,169.1714,-2.3958,-0.0059,0.0024,pathgraph
3721.4764,100100.2785,84955.0389,169.1738,-2.4017,-0.0059,0.0025,pathgraph
3722.4762,100099.5387,84954.3664,169.1763,-2.4076,-0.0060,0.0025,pathgraph
3723.4760,100098.7929,84953.7003,169.1788,-2.4135,-0.0059,0.0025,pathgraph
3724.4759,100098.0472,84953.0343,169.1813,-2.4194,-0.0059,0.0025,pathgraph
3725.4758,100097.2927,84952.3782,169.1838,-2.4252,-0.0058,0.0025,pathgraph
3726.4756,100096.5374,84951.7231,169.1863,-2.4310,-0.0057,0.0026,pathgraph
3727.4755,100095.7783,84951.0723,169.1889,-2.4365,-0.0056,0.0026,pathgraph
3728.4753,100095.0138,84950.4279,169.1915,-2.4418,-0.0052,0.0026,pathgraph
3729.4752,100094.2494,84949.7834,169.1941,-2.4470,-0.0048,0.0026,pathgraph
3730.4750,100093.4775,84949.1479,169.1967,-2.4510,-0.0043,0.0026,pathgraph
3731.4749,100092.7049,84948.5132,169.1994,-2.4550,-0.0037,0.0027,pathgraph
3732.4748,100091.9323,84947.8785,169.2020,-2.4589,-0.0031,0.0027,pathgraph
3733.4746,100091.1538,84947.2512,169.2047,-2.4624,-0.0033,0.0027,pathgraph
3734.4745,100090.3747,84946.6245,169.2075,-2.4660,-0.0036,0.0027,pathgraph
3735.4743,100089.5956,84945.9978,169.2102,-2.4695,-0.0039,0.0028,pathgraph
3736.4742,100088.8102,84945.3790,169.2130,-2.4743,-0.0050,0.0028,pathgraph
3737.4740,100088.0242,84944.7610,169.2158,-2.4792,-0.0062,0.0028,pathgraph
3738.4739,100087.2349,84944.1472,169.2186,-2.4834,-0.0066,0.0028,pathgraph
3739.4737,100086.4409,84943.5396,169.2214,-2.4866,-0.0058,0.0028,pathgraph
3740.4736,100085.6468,84942.9320,169.2242,-2.4904,-0.0055,0.0029,pathgraph
3741.4735,100084.8443,84942.3356,169.2271,-2.4986,-0.0054,0.0029,pathgraph
3742.4733,100084.0410,84941.7403,169.2300,-2.5070,-0.0051,0.0029,pathgraph
3743.4732,100083.2339,84941.1501,169.2329,-2.5144,-0.0051,0.0029,pathgraph
3744.4730,100082.4214,84940.5675,169.2359,-2.5205,-0.0055,0.0029,pathgraph
3745.4729,100081.6088,84939.9848,169.2388,-2.5265,-0.0058,0.0030,pathgraph
3746.4727,100080.7888,84939.4128,169.2418,-2.5319,-0.0056,0.0030,pathgraph
3747.4726,100079.9679,84938.8419,169.2448,-2.5373,-0.0053,0.0030,pathgraph
3748.4724,100079.1441,84938.2752,169.2478,-2.5424,-0.0051,0.0030,pathgraph
3749.4723,100078.3161,84937.7149,169.2509,-2.5473,-0.0049,0.0030,pathgraph
3750.4722,100077.4880,84937.1545,169.2539,-2.5522,-0.0047,0.0031,pathgraph
3751.4720,100076.6540,84936.6030,169.2570,-2.5569,-0.0047,0.0031,pathgraph
3752.4719,100075.8193,84936.0525,169.2601,-2.5616,-0.0047,0.0031,pathgraph
3753.4717,100074.9820,84935.5060,169.2632,-2.5663,-0.0047,0.0031,pathgraph
3754.4716,100074.1410,84934.9654,169.2663,-2.5711,-0.0048,0.0031,pathgraph
3755.4714,100073.2999,84934.4247,169.2694,-2.5759,-0.0049,0.0031,pathgraph
3756.4713,100072.4528,84933.8935,169.2726,-2.5810,-0.0051,0.0032,pathgraph
3757.4711,100071.6051,84933.3633,169.2758,-2.5861,-0.0053,0.0032,pathgraph
3758.4710,100070.7546,84932.8377,169.2790,-2.5915,-0.0055,0.0032,pathgraph
3759.4708,100069.8998,84932.3189,169.2822,-2.5971,-0.0057,0.0032,pathgraph
3760.4707,100069.0450,84931.8002,169.2854,-2.6028,-0.0060,0.0032,pathgraph
3761.4706,100068.1834,84931.2930,169.2887,-2.6090,-0.0061,0.0033,pathgraph
3762.4704,100067.3210,84930.7870,169.2919,-2.6151,-0.0063,0.0033,pathgraph
3763.4703,100066.4554,84930.2866,169.2952,-2.6214,-0.0064,0.0033,pathgraph
3764.4701,100065.5851,84929.7943,169.2985,-2.6278,-0.0064,0.0033,pathgraph
3765.4700,100064.7149,84929.3020,169.3018,-2.6342,-0.0064,0.0033,pathgraph
3766.4698,100063.8376,84928.8223,169.3051,-2.6405,-0.0064,0.0033,pathgraph
3767.4697,100062.9596,84928.3440,169.3085,-2.6469,-0.0063,0.0034,pathgraph
3768.4695,100062.0786,84927.8712,169.3118,-2.6532,-0.0063,0.0034,pathgraph
3769.4694,100061.1932,84927.4067,169.3152,-2.6594,-0.0062,0.0034,pathgraph
3770.4692,100060.3078,84926.9422,169.3186,-2.6656,-0.0062,0.0034,pathgraph
3771.4691,100059.4159,84926.4902,169.3220,-2.6718,-0.0062,0.0034,pathgraph
3772.4689,100058.5234,84926.0394,169.3255,-2.6779,-0.0061,0.0034,pathgraph
3773.4688,100057.6282,84925.5942,169.3289,-2.6841,-0.0061,0.0035,pathgraph
3774.4686,100056.7289,84925.1572,169.3324,-2.6902,-0.0061,0.0035,pathgraph
3775.4685,100055.8296,84924.7202,169.3358,-2.6963,-0.0061,0.0035,pathgraph
3776.4684,100054.9244,84924.2956,169.3394,-2.7024,-0.0061,0.0035,pathgraph
3777.4682,100054.0185,84923.8723,169.3429,-2.7085,-0.0062,0.0035,pathgraph
3778.4680,100053.1101,84923.4547,169.3464,-2.7147,-0.0062,0.0035,pathgraph
3779.4679,100052.1978,84923.0454,169.3500,-2.7208,-0.0061,0.0036,pathgraph
3780.4678,100051.2856,84922.6361,169.3535,-2.7269,-0.0061,0.0036,pathgraph
3781.4676,100050.3678,84922.2394,169.3571,-2.7329,-0.0060,0.0036,pathgraph
3782.4675,100049.4494,84921.8440,169.3607,-2.7389,-0.0059,0.0036,pathgraph
3783.4673,100048.5288,84921.4541,169.3643,-2.7447,-0.0058,0.0036,pathgraph
3784.4672,100047.6048,84921.0721,169.3680,-2.7504,-0.0056,0.0037,pathgraph
3785.4670,100046.6807,84920.6902,169.3716,-2.7560,-0.0055,0.0037,pathgraph
3786.4669,100045.7520,84920.3197,169.3753,-2.7614,-0.0054,0.0037,pathgraph
3787.4667,100044.8229,84919.9504,169.3790,-2.7668,-0.0053,0.0037,pathgraph
3788.4666,100043.8917,84919.5862,169.3827,-2.7721,-0.0053,0.0037,pathgraph
3789.4664,100042.9577,84919.2293,169.3865,-2.7774,-0.0053,0.0037,pathgraph
3790.4663,100042.0238,84918.8724,169.3902,-2.7827,-0.0053,0.0038,pathgraph
3791.4662,100041.0855,84918.5268,169.3940,-2.7882,-0.0054,0.0038,pathgraph
3792.4660,100040.1468,84918.1825,169.3978,-2.7936,-0.0055,0.0038,pathgraph
3793.4659,100039.2062,84917.8434,169.4016,-2.7991,-0.0056,0.0038,pathgraph
3794.4657,100038.2628,84917.5121,169.4054,-2.8048,-0.0057,0.0038,pathgraph
3795.4656,100037.3195,84917.1808,169.4092,-2.8105,-0.0058,0.0038,pathgraph
3796.4654,100036.3718,84916.8620,169.4131,-2.8165,-0.0060,0.0039,pathgraph
3797.4653,100035.4237,84916.5445,169.4170,-2.8226,-0.0062,0.0039,pathgraph
3798.4651,100034.4736,84916.2331,169.4208,-2.8289,-0.0064,0.0039,pathgraph
3799.4650,100033.5205,84915.9307,169.4248,-2.8355,-0.0067,0.0039,pathgraph
3800.4648,100032.5675,84915.6283,169.4287,-2.8421,-0.0069,0.0039,pathgraph
3801.4647,100031.6104,84915.3393,169.4326,-2.8492,-0.0071,0.0040,pathgraph
3802.4646,100030.6528,84915.0517,169.4366,-2.8563,-0.0073,0.0040,pathgraph
3803.4644,100029.6915,84914.7766,169.4406,-2.8636,-0.0073,0.0040,pathgraph
3804.4643,100028.7298,84914.5028,169.4446,-2.8709,-0.0073,0.0040,pathgraph
3805.4641,100027.7647,84914.2417,169.4486,-2.8781,-0.0072,0.0040,pathgraph
3806.4640,100026.7991,84913.9820,169.4526,-2.8853,-0.0071,0.0040,pathgraph
3807.4638,100025.8304,84913.7347,169.4567,-2.8923,-0.0070,0.0041,pathgraph
3808.4637,100024.8612,84913.4887,169.4608,-2.8992,-0.0068,0.0041,pathgraph
3809.4635,100023.8888,84913.2561,169.4649,-2.9058,-0.0066,0.0041,pathgraph
3810.4634,100022.9161,84913.0249,169.4690,-2.9124,-0.0065,0.0041,pathgraph
3811.4632,100021.9419,84912.7999,169.4731,-2.9189,-0.0064,0.0041,pathgraph
3812.4631,100020.9655,84912.5843,169.4772,-2.9252,-0.0063,0.0042,pathgraph
3813.4630,100019.9892,84912.3687,169.4814,-2.9315,-0.0062,0.0042,pathgraph
3814.4628,100019.0099,84912.1669,169.4856,-2.9377,-0.0062,0.0042,pathgraph
3815.4627,100018.0303,84911.9666,169.4898,-2.9440,-0.0062,0.0042,pathgraph
3816.4625,100017.0495,84911.7724,169.4940,-2.9502,-0.0062,0.0042,pathgraph
3817.4624,100016.0669,84911.5874,169.4982,-2.9564,-0.0062,0.0042,pathgraph
3818.4622,100015.0843,84911.4025,169.5025,-2.9627,-0.0062,0.0043,pathgraph
3819.4621,100014.0992,84911.2312,169.5067,-2.9689,-0.0062,0.0043,pathgraph
3820.4619,100013.1139,84911.0615,169.5110,-2.9750,-0.0061,0.0043,pathgraph
3821.4618,100012.1276,84910.8977,169.5153,-2.9810,-0.0060,0.0043,pathgraph
3822.4616,100011.1398,84910.7428,169.5196,-2.9868,-0.0057,0.0043,pathgraph
3823.4615,100010.1520,84910.5879,169.5240,-2.9926,-0.0055,0.0043,pathgraph
3824.4613,100009.1624,84910.4451,169.5283,-2.9976,-0.0051,0.0044,pathgraph
3825.4612,100008.1726,84910.3035,169.5327,-3.0025,-0.0047,0.0044,pathgraph
3826.4610,100007.1822,84910.1666,169.5371,-3.0070,-0.0042,0.0044,pathgraph
3827.4609,100006.1908,84910.0368,169.5415,-3.0106,-0.0037,0.0044,pathgraph
3828.4608,100005.1994,84909.9069,169.5459,-3.0142,-0.0032,0.0044,pathgraph
3829.4606,100004.2075,84909.7810,169.5503,-3.0169,-0.0026,0.0044,pathgraph
3830.4605,100003.2149,84909.6609,169.5548,-3.0180,-0.0020,0.0045,pathgraph
3831.4603,100002.2222,84909.5409,169.5592,-3.0191,-0.0014,0.0045,pathgraph
3832.4602,100001.2296,84909.4209,169.5637,-3.0202,-0.0007,0.0045,pathgraph
3833.4601,100000.2370,84909.3008,169.5682,-3.0213,-0.0001,0.0045,pathgraph
3834.4599,99999.2443,84909.1808,169.5727,-3.0225,0.0005,0.0045,pathgraph
3835.4598,99998.2516,84909.0615,169.5772,-3.0224,0.0003,0.0045,pathgraph
3836.4596,99997.2589,84908.9422,169.5818,-3.0222,0.0000,0.0045,pathgraph
3837.4595,99996.2662,84908.8230,169.5864,-3.0220,-0.0002,0.0046,pathgraph
3838.4594,99995.2735,84908.7037,169.5909,-3.0219,-0.0000,0.0046,pathgraph
3839.4592,99994.2807,84908.5845,169.5955,-3.0217,0.0001,0.0046,pathgraph
3840.4591,99993.2880,84908.4653,169.6001,-3.0215,0.0003,0.0046,pathgraph
3841.4589,99992.2953,84908.3460,169.6047,-3.0214,0.0004,0.0046,pathgraph
3842.4588,99991.3026,84908.2268,169.6092,-3.0212,0.0005,0.0046,pathgraph
3843.4587,99990.3099,84908.1066,169.6139,-3.0210,0.0006,0.0046,pathgraph
3844.4585,99989.3175,84907.9850,169.6186,-3.0209,0.0005,0.0047,pathgraph
3845.4584,99988.3251,84907.8634,169.6233,-3.0208,0.0004,0.0047,pathgraph
3846.4582,99987.3326,84907.7418,169.6280,-3.0207,0.0003,0.0047,pathgraph
3847.4581,99986.3402,84907.6202,169.6327,-3.0206,0.0001,0.0047,pathgraph
3848.4580,99985.3478,84907.4986,169.6374,-3.0205,0.0000,0.0047,pathgraph
3849.4578,99984.3553,84907.3770,169.6421,-3.0204,-0.0001,0.0047,pathgraph
3850.4577,99983.3629,84907.2554,169.6468,-3.0202,-0.0002,0.0047,pathgraph
3851.4576,99982.3704,84907.1338,169.6515,-3.0201,-0.0003,0.0048,pathgraph
3852.4574,99981.3780,84907.0122,169.6562,-3.0200,-0.0004,0.0048,pathgraph
3853.4573,99980.3854,84906.8917,169.6610,-3.0201,-0.0004,0.0048,pathgraph
3854.4571,99979.3928,84906.7713,169.6658,-3.0201,-0.0003,0.0048,pathgraph
3855.4570,99978.4003,84906.6509,169.6707,-3.0202,-0.0002,0.0048,pathgraph
3856.4569,99977.4077,84906.5305,169.6755,-3.0203,-0.0001,0.0048,pathgraph
3857.4567,99976.4151,84906.4102,169.6804,-3.0203,-0.0001,0.0049,pathgraph
3858.4566,99975.4225,84906.2898,169.6852,-3.0204,0.0000,0.0049,pathgraph
3859.4564,99974.4299,84906.1694,169.6900,-3.0205,0.0001,0.0049,pathgraph
3860.4563,99973.4373,84906.0490,169.6949,-3.0205,0.0002,0.0049,pathgraph
3861.4562,99972.4447,84905.9286,169.6997,-3.0206,0.0002,0.0049,pathgraph
3862.4560,99971.4522,84905.8079,169.7046,-3.0206,0.0003,0.0049,pathgraph
3863.4559,99970.4597,84905.6865,169.7097,-3.0205,0.0002,0.0050,pathgraph
3864.4557,99969.4673,84905.5651,169.7147,-3.0204,0.0002,0.0050,pathgraph
3865.4556,99968.4748,84905.4437,169.7197,-3.0203,0.0001,0.0050,pathgraph
3866.4555,99967.4823,84905.3223,169.7247,-3.0202,0.0001,0.0050,pathgraph
3867.4553,99966.4899,84905.2009,169.7297,-3.0201,0.0001,0.0050,pathgraph
3868.4552,99965.4974,84905.0795,169.7347,-3.0201,0.0000,0.0050,pathgraph
3869.4550,99964.5049,84904.9581,169.7397,-3.0200,-0.0000,0.0051,pathgraph
3870.4549,99963.5125,84904.8368,169.7447,-3.0199,-0.0001,0.0051,pathgraph
3871.4548,99962.5200,84904.7154,169.7497,-3.0198,-0.0001,0.0051,pathgraph
3872.4546,99961.5276,84904.5939,169.7549,-3.0197,-0.0001,0.0051,pathgraph
3873.4545,99960.5351,84904.4723,169.7601,-3.0197,-0.0000,0.0051,pathgraph
3874.4544,99959.5427,84904.3508,169.7653,-3.0196,-0.0000,0.0052,pathgraph
3875.4542,99958.5502,84904.2293,169.7705,-3.0195,0.0000,0.0052,pathgraph
3876.4541,99957.5578,84904.1078,169.7757,-3.0195,0.0001,0.0052,pathgraph
3877.4539,99956.5653,84903.9863,169.7809,-3.0194,0.0001,0.0052,pathgraph
3878.4538,99955.5729,84903.8648,169.7861,-3.0194,0.0001,0.0052,pathgraph
3879.4537,99954.5804,84903.7433,169.7913,-3.0193,0.0002,0.0053,pathgraph
3880.4535,99953.5880,84903.6217,169.7964,-3.0193,0.0002,0.0053,pathgraph
3881.4534,99952.5956,84903.4998,169.8017,-3.0192,0.0002,0.0053,pathgraph
3882.4532,99951.6032,84903.3772,169.8071,-3.0191,0.0002,0.0053,pathgraph
3883.4531,99950.6109,84903.2546,169.8125,-3.0191,0.0001,0.0054,pathgraph
3884.4530,99949.6186,84903.1319,169.8179,-3.0190,0.0001,0.0054,pathgraph
3885.4528,99948.6263,84903.0093,169.8233,-3.0189,0.0001,0.0054,pathgraph
3886.4527,99947.6340,84902.8867,169.8287,-3.0189,0.0000,0.0054,pathgraph
3887.4525,99946.6417,84902.7641,169.8341,-3.0188,0.0000,0.0054,pathgraph
3888.4524,99945.6494,84902.6415,169.8395,-3.0187,-0.0000,0.0055,pathgraph
3889.4523,99944.6570,84902.5189,169.8449,-3.0187,-0.0001,0.0055,pathgraph
3890.4521,99943.6647,84902.3963,169.8503,-3.0186,-0.0001,0.0055,pathgraph
3891.4520,99942.6724,84902.2741,169.8559,-3.0187,-0.0001,0.0055,pathgraph
3892.4518,99941.6800,84902.1519,169.8615,-3.0188,-0.0001,0.0055,pathgraph
3893.4517,99940.6876,84902.0298,169.8671,-3.0190,-0.0001,0.0056,pathgraph
3894.4516,99939.6953,84901.9076,169.8727,-3.0191,-0.0001,0.0056,pathgraph
3895.4514,99938.7029,84901.7855,169.8783,-3.0192,-0.0001,0.0056,pathgraph
3896.4513,99937.7105,84901.6633,169.8839,-3.0193,-0.0001,0.0056,pathgraph
3897.4511,99936.7181,84901.5412,169.8895,-3.0195,-0.0001,0.0056,pathgraph
3898.4510,99935.7258,84901.4190,169.8951,-3.0196,-0.0002,0.0057,pathgraph
3899.4509,99934.7334,84901.2969,169.9007,-3.0197,-0.0002,0.0057,pathgraph
3900.4507,99933.7410,84901.1752,169.9064,-3.0198,-0.0002,0.0057,pathgraph
3901.4506,99932.7485,84901.0542,169.9122,-3.0199,-0.0001,0.0057,pathgraph
3902.4505,99931.7559,84900.9332,169.9180,-3.0200,-0.0001,0.0058,pathgraph
3903.4503,99930.7634,84900.8122,169.9238,-3.0200,-0.0001,0.0058,pathgraph
3904.4502,99929.7709,84900.6913,169.9296,-3.0201,-0.0001,0.0058,pathgraph
3905.4500,99928.7784,84900.5703,169.9354,-3.0202,-0.0000,0.0058,pathgraph
3906.4499,99927.7859,84900.4493,169.9412,-3.0202,-0.0000,0.0058,pathgraph
3907.4498,99926.7934,84900.3283,169.9470,-3.0203,-0.0000,0.0058,pathgraph
3908.4496,99925.8009,84900.2073,169.9528,-3.0203,0.0000,0.0059,pathgraph
3909.4495,99924.8083,84900.0863,169.9586,-3.0204,0.0000,0.0059,pathgraph
3910.4493,99923.8158,84899.9654,169.9645,-3.0204,0.0000,0.0059,pathgraph
3911.4492,99922.8233,84899.8445,169.9705,-3.0204,0.0000,0.0059,pathgraph
3912.4491,99921.8308,84899.7235,169.9765,-3.0204,0.0000,0.0059,pathgraph
3913.4489,99920.8383,84899.6026,169.9824,-3.0204,0.0000,0.0059,pathgraph
3914.4488,99919.8457,84899.4817,169.9884,-3.0204,-0.0000,0.0060,pathgraph
3915.4486,99918.8532,84899.3608,169.9944,-3.0204,-0.0000,0.0060,pathgraph
3916.4485,99917.8607,84899.2398,170.0003,-3.0204,-0.0000,0.0060,pathgraph
3917.4484,99916.8682,84899.1189,170.0063,-3.0204,-0.0000,0.0060,pathgraph
3918.4482,99915.8756,84898.9980,170.0122,-3.0204,-0.0000,0.0060,pathgraph
3919.4481,99914.8831,84898.8771,170.0183,-3.0204,-0.0001,0.0060,pathgraph
3920.4479,99913.8906,84898.7564,170.0244,-3.0205,-0.0001,0.0060,pathgraph
3921.4478,99912.8980,84898.6357,170.0304,-3.0205,-0.0001,0.0061,pathgraph
3922.4477,99911.9055,84898.5149,170.0365,-3.0205,-0.0001,0.0061,pathgraph
3923.4475,99910.9129,84898.3942,170.0426,-3.0205,-0.0001,0.0061,pathgraph
3924.4474,99909.9204,84898.2734,170.0487,-3.0205,-0.0001,0.0061,pathgraph
3925.4473,99908.9279,84898.1527,170.0548,-3.0205,-0.0001,0.0061,pathgraph
3926.4471,99907.9353,84898.0320,170.0609,-3.0205,-0.0001,0.0061,pathgraph
3927.4470,99906.9428,84897.9112,170.0670,-3.0205,-0.0002,0.0061,pathgraph
3928.4468,99905.9502,84897.7905,170.0731,-3.0205,-0.0002,0.0061,pathgraph
3929.4467,99904.9576,84897.6705,170.0792,-3.0206,-0.0002,0.0061,pathgraph
3930.4466,99903.9649,84897.5506,170.0854,-3.0207,-0.0001,0.0062,pathgraph
3931.4464,99902.9723,84897.4307,170.0916,-3.0207,-0.0001,0.0062,pathgraph
3932.4463,99901.9796,84897.3108,170.0978,-3.0208,-0.0000,0.0062,pathgraph
3933.4461,99900.9870,84897.1909,170.1040,-3.0208,0.0001,0.0062,pathgraph
3934.4460,99899.9944,84897.0710,170.1101,-3.0209,0.0001,0.0062,pathgraph
3935.4459,99899.0017,84896.9511,170.1163,-3.0209,0.0002,0.0062,pathgraph
3936.4457,99898.0091,84896.8312,170.1225,-3.0210,0.0002,0.0062,pathgraph
3937.4456,99897.0164,84896.7113,170.1287,-3.0210,0.0003,0.0062,pathgraph
3938.4454,99896.0238,84896.5911,170.1349,-3.0211,0.0003,0.0062,pathgraph
3939.4453,99895.0313,84896.4704,170.1411,-3.0211,0.0002,0.0062,pathgraph
3940.4452,99894.0387,84896.3497,170.1473,-3.0210,0.0002,0.0062,pathgraph
3941.4450,99893.0462,84896.2289,170.1536,-3.0210,0.0001,0.0062,pathgraph
3942.4449,99892.0536,84896.1082,170.1598,-3.0210,0.0000,0.0062,pathgraph
3943.4447,99891.0611,84895.9875,170.1661,-3.0210,-0.0000,0.0062,pathgraph
3944.4446,99890.0685,84895.8667,170.1723,-3.0210,-0.0001,0.0062,pathgraph
3945.4445,99889.0760,84895.7460,170.1785,-3.0210,-0.0001,0.0062,pathgraph
3946.4443,99888.0834,84895.6253,170.1848,-3.0210,-0.0002,0.0063,pathgraph
3947.4442,99887.0909,84895.5046,170.1910,-3.0209,-0.0003,0.0063,pathgraph
3948.4441,99886.0983,84895.3846,170.1973,-3.0209,-0.0002,0.0063,pathgraph
3949.4439,99885.1056,84895.2647,170.2036,-3.0209,-0.0002,0.0063,pathgraph
3950.4438,99884.1130,84895.1447,170.2099,-3.0209,-0.0001,0.0063,pathgraph
3951.4436,99883.1203,84895.0248,170.2161,-3.0210,-0.0001,0.0063,pathgraph
3952.4435,99882.1277,84894.9049,170.2224,-3.0210,0.0000,0.0063,pathgraph
3953.4434,99881.1350,84894.7850,170.2287,-3.0210,0.0001,0.0063,pathgraph
3954.4432,99880.1424,84894.6651,170.2350,-3.0210,0.0001,0.0063,pathgraph
3955.4431,99879.1498,84894.5452,170.2413,-3.0210,0.0002,0.0063,pathgraph
3956.4429,99878.1571,84894.4253,170.2476,-3.0210,0.0002,0.0063,pathgraph
3957.4428,99877.1645,84894.3051,170.2539,-3.0210,0.0002,0.0063,pathgraph
3958.4427,99876.1720,84894.1843,170.2602,-3.0210,0.0002,0.0063,pathgraph
3959.4425,99875.1794,84894.0636,170.2665,-3.0210,0.0001,0.0063,pathgraph
3960.4424,99874.1869,84893.9429,170.2728,-3.0210,0.0001,0.0063,pathgraph
3961.4422,99873.1943,84893.8222,170.2792,-3.0210,0.0000,0.0063,pathgraph
3962.4421,99872.2018,84893.7014,170.2855,-3.0209,-0.0000,0.0063,pathgraph
3963.4420,99871.2092,84893.5807,170.2918,-3.0209,-0.0001,0.0063,pathgraph
3964.4418,99870.2167,84893.4600,170.2981,-3.0209,-0.0001,0.0063,pathgraph
3965.4417,99869.2241,84893.3392,170.3045,-3.0209,-0.0002,0.0063,pathgraph
3966.4415,99868.2316,84893.2185,170.3108,-3.0209,-0.0002,0.0063,pathgraph
3967.4414,99867.2390,84893.0981,170.3172,-3.0208,-0.0002,0.0064,pathgraph
3968.4413,99866.2464,84892.9777,170.3235,-3.0207,-0.0001,0.0064,pathgraph
3969.4411,99865.2538,84892.8574,170.3299,-3.0206,-0.0000,0.0064,pathgraph
3970.4410,99864.2612,84892.7370,170.3363,-3.0204,0.0001,0.0064,pathgraph
3971.4408,99863.2687,84892.6166,170.3426,-3.0203,0.0001,0.0064,pathgraph
3972.4407,99862.2761,84892.4963,170.3490,-3.0202,0.0002,0.0064,pathgraph
3973.4406,99861.2835,84892.3759,170.3554,-3.0200,0.0003,0.0064,pathgraph
3974.4404,99860.2909,84892.2555,170.3618,-3.0199,0.0004,0.0064,pathgraph
3975.4403,99859.2983,84892.1351,170.3681,-3.0198,0.0004,0.0064,pathgraph
3976.4402,99858.3057,84892.0145,170.3745,-3.0199,0.0004,0.0064,pathgraph
3977.4400,99857.3132,84891.8935,170.3809,-3.0203,0.0002,0.0064,pathgraph
3978.4399,99856.3207,84891.7724,170.3874,-3.0208,-0.0000,0.0064,pathgraph
3979.4397,99855.3282,84891.6514,170.3938,-3.0212,-0.0003,0.0064,pathgraph
3980.4396,99854.3357,84891.5303,170.4002,-3.0216,-0.0005,0.0064,pathgraph
3981.4395,99853.3432,84891.4093,170.4067,-3.0221,-0.0007,0.0064,pathgraph
3982.4393,99852.3507,84891.2883,170.4131,-3.0225,-0.0009,0.0065,pathgraph
3983.4392,99851.3582,84891.1672,170.4195,-3.0230,-0.0011,0.0065,pathgraph
3984.4390,99850.3657,84891.0462,170.4260,-3.0234,-0.0014,0.0065,pathgraph
3985.4389,99849.3725,84890.9305,170.4325,-3.0237,-0.0012,0.0065,pathgraph
3986.4388,99848.3793,84890.8155,170.4390,-3.0239,-0.0009,0.0065,pathgraph
3987.4386,99847.3861,84890.7006,170.4455,-3.0241,-0.0007,0.0065,pathgraph
3988.4385,99846.3928,84890.5856,170.4520,-3.0243,-0.0004,0.0065,pathgraph
3989.4383,99845.3996,84890.4707,170.4585,-3.0245,-0.0002,0.0065,pathgraph
3990.4382,99844.4064,84890.3557,170.4650,-3.0247,0.0001,0.0065,pathgraph
3991.4381,99843.4132,84890.2408,170.4715,-3.0249,0.0003,0.0065,pathgraph
3992.4379,99842.4199,84890.1259,170.4780,-3.0252,0.0006,0.0065,pathgraph
3993.4378,99841.4267,84890.0109,170.4845,-3.0254,0.0008,0.0065,pathgraph
3994.4376,99840.4336,84889.8945,170.4911,-3.0253,0.0009,0.0066,pathgraph
3995.4375,99839.4409,84889.7757,170.4977,-3.0248,0.0008,0.0066,pathgraph
3996.4374,99838.4481,84889.6568,170.5043,-3.0244,0.0007,0.0066,pathgraph
3997.4372,99837.4553,84889.5380,170.5109,-3.0239,0.0006,0.0066,pathgraph
3998.4371,99836.4625,84889.4191,170.5175,-3.0234,0.0005,0.0066,pathgraph
3999.4369,99835.4698,84889.3003,170.5241,-3.0229,0.0004,0.0066,pathgraph
4000.4368,99834.4770,84889.1815,170.5307,-3.0225,0.0003,0.0066,pathgraph
4001.4367,99833.4842,84889.0626,170.5373,-3.0220,0.0002,0.0066,pathgraph
4002.4365,99832.4914,84888.9438,170.5439,-3.0215,0.0001,0.0066,pathgraph
4003.4364,99831.4987,84888.8249,170.5505,-3.0210,0.0000,0.0067,pathgraph
4004.4363,99830.5060,84888.7050,170.5572,-3.0210,-0.0000,0.0067,pathgraph
4005.4361,99829.5134,84888.5850,170.5639,-3.0211,-0.0000,0.0067,pathgraph
4006.4360,99828.5208,84888.4650,170.5706,-3.0212,-0.0001,0.0067,pathgraph
4007.4358,99827.5281,84888.3449,170.5773,-3.0213,-0.0001,0.0067,pathgraph
4008.4357,99826.5355,84888.2249,170.5840,-3.0214,-0.0001,0.0067,pathgraph
4009.4356,99825.5429,84888.1048,170.5907,-3.0214,-0.0001,0.0067,pathgraph
4010.4354,99824.5503,84887.9848,170.5974,-3.0215,-0.0001,0.0067,pathgraph
4011.4353,99823.5576,84887.8647,170.6042,-3.0216,-0.0001,0.0068,pathgraph
4012.4351,99822.5650,84887.7447,170.6109,-3.0217,-0.0001,0.0068,pathgraph
4013.4350,99821.5723,84887.6249,170.6176,-3.0217,-0.0001,0.0068,pathgraph
4014.4349,99820.5796,84887.5056,170.6245,-3.0217,-0.0001,0.0068,pathgraph
4015.4347,99819.5869,84887.3863,170.6313,-3.0217,-0.0001,0.0068,pathgraph
4016.4346,99818.5942,84887.2670,170.6382,-3.0217,-0.0000,0.0068,pathgraph
4017.4344,99817.6015,84887.1477,170.6450,-3.0217,-0.0000,0.0068,pathgraph
4018.4343,99816.6088,84887.0284,170.6519,-3.0217,0.0000,0.0069,pathgraph
4019.4342,99815.6160,84886.9091,170.6587,-3.0217,0.0000,0.0069,pathgraph
4020.4340,99814.6233,84886.7898,170.6656,-3.0217,0.0001,0.0069,pathgraph
4021.4339,99813.6306,84886.6705,170.6724,-3.0217,0.0001,0.0069,pathgraph
4022.4337,99812.6379,84886.5512,170.6792,-3.0217,0.0001,0.0069,pathgraph
4023.4336,99811.6452,84886.4315,170.6862,-3.0216,0.0001,0.0069,pathgraph
4024.4335,99810.6525,84886.3119,170.6932,-3.0216,0.0000,0.0070,pathgraph
4025.4333,99809.6599,84886.1922,170.7002,-3.0216,0.0000,0.0070,pathgraph
4026.4332,99808.6672,84886.0725,170.7072,-3.0216,0.0000,0.0070,pathgraph
4027.4331,99807.6745,84885.9528,170.7142,-3.0216,-0.0000,0.0070,pathgraph
4028.4329,99806.6818,84885.8332,170.7212,-3.0217,-0.0000,0.0070,pathgraph
4029.4328,99805.6892,84885.7135,170.7282,-3.0217,-0.0000,0.0070,pathgraph
4030.4326,99804.6965,84885.5938,170.7352,-3.0217,-0.0000,0.0071,pathgraph
4031.4325,99803.7038,84885.4741,170.7422,-3.0217,-0.0000,0.0071,pathgraph
4032.4324,99802.7111,84885.3546,170.7493,-3.0217,-0.0000,0.0071,pathgraph
4033.4322,99801.7184,84885.2353,170.7565,-3.0218,-0.0000,0.0071,pathgraph
4034.4321,99800.7257,84885.1159,170.7636,-3.0218,-0.0000,0.0071,pathgraph
4035.4319,99799.7330,84884.9966,170.7708,-3.0219,-0.0001,0.0072,pathgraph
4036.4318,99798.7403,84884.8773,170.7780,-3.0220,-0.0001,0.0072,pathgraph
4037.4317,99797.7476,84884.7579,170.7851,-3.0220,-0.0001,0.0072,pathgraph
4038.4315,99796.7548,84884.6386,170.7923,-3.0221,-0.0001,0.0072,pathgraph
4039.4314,99795.7621,84884.5193,170.7995,-3.0221,-0.0001,0.0072,pathgraph
4040.4312,99794.7694,84884.4000,170.8067,-3.0222,-0.0001,0.0072,pathgraph
4041.4311,99793.7767,84884.2806,170.8138,-3.0222,-0.0001,0.0073,pathgraph
4042.4310,99792.7839,84884.1619,170.8212,-3.0223,-0.0001,0.0073,pathgraph
4043.4308,99791.7911,84884.0433,170.8285,-3.0224,-0.0001,0.0073,pathgraph
4044.4307,99790.7983,84883.9247,170.8359,-3.0225,-0.0001,0.0073,pathgraph
4045.4305,99789.8055,84883.8060,170.8433,-3.0227,-0.0001,0.0073,pathgraph
4046.4304,99788.8127,84883.6874,170.8506,-3.0228,-0.0001,0.0074,pathgraph
4047.4303,99787.8199,84883.5688,170.8580,-3.0229,-0.0001,0.0074,pathgraph
4048.4301,99786.8271,84883.4502,170.8653,-3.0230,-0.0001,0.0074,pathgraph
4049.4300,99785.8343,84883.3315,170.8727,-3.0231,-0.0001,0.0074,pathgraph
4050.4298,99784.8415,84883.2129,170.8801,-3.0232,-0.0002,0.0074,pathgraph
4051.4297,99783.8487,84883.0945,170.8875,-3.0233,-0.0001,0.0075,pathgraph
4052.4296,99782.8558,84882.9765,170.8950,-3.0232,-0.0001,0.0075,pathgraph
4053.4294,99781.8629,84882.8585,170.9026,-3.0231,-0.0000,0.0075,pathgraph
4054.4293,99780.8701,84882.7405,170.9102,-3.0230,0.0000,0.0075,pathgraph
4055.4292,99779.8772,84882.6225,170.9177,-3.0229,0.0001,0.0076,pathgraph
4056.4290,99778.8843,84882.5045,170.9253,-3.0229,0.0001,0.0076,pathgraph
4057.4289,99777.8915,84882.3865,170.9328,-3.0228,0.0002,0.0076,pathgraph
4058.4287,99776.8986,84882.2685,170.9404,-3.0227,0.0002,0.0076,pathgraph
4059.4286,99775.9057,84882.1505,170.9480,-3.0226,0.0003,0.0092,pathgraph
4060.4285,99774.9128,84882.0325,170.9555,-3.0225,0.0003,0.0114,pathgraph
4061.4283,99773.9201,84881.9133,170.9633,-3.0225,0.0003,0.0118,pathgraph
4062.4282,99772.9274,84881.7939,170.9710,-3.0225,0.0003,0.0112,pathgraph
4063.4280,99771.9347,84881.6745,170.9788,-3.0224,0.0002,0.0107,pathgraph
4064.4279,99770.9420,84881.5551,170.9866,-3.0224,0.0002,0.0102,pathgraph
4065.4278,99769.9493,84881.4357,170.9943,-3.0224,0.0002,0.0097,pathgraph
4066.4276,99768.9566,84881.3163,171.0021,-3.0223,0.0002,0.0092,pathgraph
4067.4275,99767.9639,84881.1969,171.0099,-3.0223,0.0001,0.0087,pathgraph
4068.4273,99766.9712,84881.0775,171.0176,-3.0223,0.0001,0.0082,pathgraph
4069.4272,99765.9785,84880.9581,171.0254,-3.0222,0.0001,0.0079,pathgraph
4070.4271,99764.9857,84880.8389,171.0996,-3.0222,0.0002,0.0079,pathgraph
4071.4269,99763.9931,84880.7186,171.1321,-3.0220,0.0002,0.0079,pathgraph
4072.4268,99763.0006,84880.5981,171.1289,-3.0219,0.0002,0.0079,pathgraph
4073.4266,99762.0080,84880.4776,171.1257,-3.0217,0.0001,0.0080,pathgraph
4074.4265,99761.0154,84880.3570,171.1226,-3.0216,0.0000,0.0080,pathgraph
4075.4264,99760.0228,84880.2365,171.1194,-3.0214,-0.0000,0.0080,pathgraph
4076.4262,99759.0303,84880.1160,171.1162,-3.0213,-0.0001,0.0080,pathgraph
4077.4261,99758.0377,84879.9955,171.1130,-3.0211,-0.0002,0.0080,pathgraph
4078.4260,99757.0451,84879.8750,171.1098,-3.0210,-0.0002,0.0081,pathgraph
4079.4258,99756.0526,84879.7544,171.1067,-3.0208,-0.0003,0.0081,pathgraph
4080.4257,99755.0600,84879.6340,171.1133,-3.0207,-0.0002,0.0065,pathgraph
4081.4255,99754.0674,84879.5136,171.1215,-3.0206,-0.0001,0.0044,pathgraph
4082.4254,99753.0748,84879.3932,171.1297,-3.0204,-0.0000,0.0041,pathgraph
4083.4253,99752.0822,84879.2729,171.1379,-3.0203,0.0001,0.0047,pathgraph
4084.4251,99751.0896,84879.1525,171.1461,-3.0201,0.0002,0.0052,pathgraph
4085.4250,99750.0970,84879.0321,171.1543,-3.0200,0.0003,0.0058,pathgraph
4086.4248,99749.1045,84878.9117,171.1625,-3.0199,0.0003,0.0063,pathgraph
4087.4247,99748.1119,84878.7913,171.1707,-3.0197,0.0004,0.0069,pathgraph
4088.4246,99747.1193,84878.6709,171.1789,-3.0196,0.0005,0.0074,pathgraph
4089.4244,99746.1268,84878.5496,171.1872,-3.0195,0.0006,0.0080,pathgraph
4090.4243,99745.1346,84878.4266,171.1956,-3.0194,0.0004,0.0083,pathgraph
4091.4241,99744.1423,84878.3036,171.2040,-3.0193,0.0003,0.0084,pathgraph
4092.4240,99743.1500,84878.1806,171.2124,-3.0192,0.0002,0.0084,pathgraph
4093.4239,99742.1578,84878.0576,171.2208,-3.0191,0.0001,0.0084,pathgraph
4094.4237,99741.1655,84877.9346,171.2292,-3.0190,0.0000,0.0084,pathgraph
4095.4236,99740.1732,84877.8116,171.2377,-3.0190,-0.0001,0.0084,pathgraph
4096.4234,99739.1810,84877.6885,171.2461,-3.0189,-0.0002,0.0085,pathgraph
4097.4233,99738.1887,84877.5655,171.2545,-3.0188,-0.0003,0.0085,pathgraph
4098.4232,99737.1964,84877.4425,171.2629,-3.0187,-0.0004,0.0085,pathgraph
4099.4230,99736.2039,84877.3215,171.2715,-3.0190,-0.0004,0.0085,pathgraph
4100.4229,99735.2114,84877.2008,171.2801,-3.0194,-0.0004,0.0086,pathgraph
4101.4227,99734.2188,84877.0800,171.2887,-3.0197,-0.0004,0.0086,pathgraph
4102.4226,99733.2263,84876.9593,171.2973,-3.0201,-0.0004,0.0086,pathgraph
4103.4225,99732.2337,84876.8386,171.3059,-3.0205,-0.0004,0.0086,pathgraph
4104.4223,99731.2412,84876.7178,171.3145,-3.0208,-0.0003,0.0086,pathgraph
4105.4222,99730.2486,84876.5971,171.3231,-3.0212,-0.0003,0.0086,pathgraph
4106.4221,99729.2561,84876.4764,171.3317,-3.0216,-0.0003,0.0087,pathgraph
4107.4219,99728.2636,84876.3556,171.3404,-3.0219,-0.0003,0.0087,pathgraph
4108.4218,99727.2709,84876.2358,171.3490,-3.0222,-0.0003,0.0087,pathgraph
4109.4216,99726.2781,84876.1174,171.3578,-3.0223,-0.0002,0.0087,pathgraph
4110.4215,99725.2853,84875.9990,171.3666,-3.0224,-0.0002,0.0088,pathgraph
4111.4214,99724.2924,84875.8806,171.3754,-3.0225,-0.0002,0.0088,pathgraph
4112.4212,99723.2996,84875.7622,171.3842,-3.0226,-0.0001,0.0088,pathgraph
4113.4211,99722.3068,84875.6438,171.3930,-3.0227,-0.0001,0.0088,pathgraph
4114.4209,99721.3139,84875.5255,171.4018,-3.0228,-0.0000,0.0088,pathgraph
4115.4208,99720.3211,84875.4071,171.4106,-3.0229,0.0000,0.0088,pathgraph
4116.4207,99719.3283,84875.2887,171.4194,-3.0230,0.0000,0.0089,pathgraph
4117.4205,99718.3355,84875.1703,171.4282,-3.0230,0.0001,0.0089,pathgraph
4118.4204,99717.3426,84875.0519,171.4372,-3.0230,0.0001,0.0089,pathgraph
4119.4202,99716.3498,84874.9336,171.4461,-3.0230,0.0000,0.0089,pathgraph
4120.4201,99715.3570,84874.8152,171.4551,-3.0230,0.0000,0.0089,pathgraph
4121.4200,99714.3641,84874.6968,171.4641,-3.0229,-0.0000,0.0090,pathgraph
4122.4198,99713.3713,84874.5785,171.4731,-3.0229,-0.0000,0.0090,pathgraph
4123.4197,99712.3785,84874.4601,171.4820,-3.0229,-0.0000,0.0090,pathgraph
4124.4195,99711.3857,84874.3417,171.4910,-3.0229,0.0000,0.0090,pathgraph
4125.4194,99710.3928,84874.2234,171.5000,-3.0229,0.0000,0.0090,pathgraph
4126.4193,99709.4000,84874.1050,171.5090,-3.0229,0.0000,0.0090,pathgraph
4127.4191,99708.4072,84873.9865,171.5180,-3.0229,0.0000,0.0091,pathgraph
4128.4190,99707.4144,84873.8678,171.5272,-3.0228,0.0001,0.0091,pathgraph
4129.4189,99706.4216,84873.7490,171.5363,-3.0227,0.0001,0.0091,pathgraph
4130.4187,99705.4288,84873.6303,171.5454,-3.0226,0.0001,0.0091,pathgraph
4131.4186,99704.4360,84873.5116,171.5546,-3.0225,0.0001,0.0091,pathgraph
4132.4184,99703.4432,84873.3929,171.5637,-3.0225,0.0001,0.0091,pathgraph
4133.4183,99702.4505,84873.2741,171.5729,-3.0224,0.0001,0.0092,pathgraph
4134.4182,99701.4577,84873.1554,171.5820,-3.0223,0.0001,0.0092,pathgraph
4135.4180,99700.4649,84873.0367,171.5912,-3.0222,0.0001,0.0092,pathgraph
4136.4179,99699.4721,84872.9180,171.6003,-3.0221,0.0001,0.0092,pathgraph
4137.4177,99698.4794,84872.7986,171.6096,-3.0221,0.0001,0.0092,pathgraph
4138.4176,99697.4867,84872.6791,171.6188,-3.0220,0.0001,0.0092,pathgraph
4139.4175,99696.4940,84872.5596,171.6281,-3.0220,0.0001,0.0093,pathgraph
4140.4173,99695.5013,84872.4401,171.6374,-3.0220,0.0001,0.0093,pathgraph
4141.4172,99694.5086,84872.3206,171.6467,-3.0219,0.0000,0.0093,pathgraph
4142.4170,99693.5159,84872.2011,171.6560,-3.0219,0.0000,0.0093,pathgraph
4143.4169,99692.5232,84872.0816,171.6653,-3.0218,0.0000,0.0093,pathgraph
4144.4168,99691.5305,84871.9621,171.6745,-3.0218,-0.0000,0.0093,pathgraph
4145.4166,99690.5378,84871.8426,171.6838,-3.0218,-0.0000,0.0093,pathgraph
4146.4165,99689.5451,84871.7231,171.6931,-3.0217,-0.0000,0.0093,pathgraph
4147.4163,99688.5525,84871.6035,171.7025,-3.0217,-0.0000,0.0093,pathgraph
4148.4162,99687.5598,84871.4840,171.7119,-3.0217,-0.0000,0.0093,pathgraph
4149.4161,99686.5671,84871.3645,171.7213,-3.0217,-0.0000,0.0094,pathgraph
4150.4159,99685.5744,84871.2450,171.7307,-3.0217,0.0000,0.0094,pathgraph
4151.4158,99684.5817,84871.1255,171.7400,-3.0217,0.0000,0.0094,pathgraph
4152.4156,99683.5890,84871.0060,171.7494,-3.0217,0.0000,0.0094,pathgraph
4153.4155,99682.5963,84870.8864,171.7588,-3.0216,0.0000,0.0094,pathgraph
4154.4154,99681.6036,84870.7669,171.7682,-3.0216,0.0001,0.0094,pathgraph
4155.4152,99680.6109,84870.6474,171.7775,-3.0216,0.0001,0.0094,pathgraph
4156.4151,99679.6182,84870.5277,171.7870,-3.0216,0.0001,0.0094,pathgraph
4157.4150,99678.6256,84870.4081,171.7964,-3.0217,0.0000,0.0094,pathgraph
4158.4148,99677.6329,84870.2884,171.8058,-3.0217,0.0000,0.0094,pathgraph
4159.4147,99676.6402,84870.1687,171.8152,-3.0218,-0.0000,0.0094,pathgraph
4160.4145,99675.6476,84870.0490,171.8247,-3.0218,-0.0000,0.0094,pathgraph
4161.4144,99674.6549,84869.9294,171.8341,-3.0218,-0.0001,0.0094,pathgraph
4162.4143,99673.6622,84869.8097,171.8435,-3.0219,-0.0001,0.0094,pathgraph
4163.4141,99672.6695,84869.6900,171.8529,-3.0219,-0.0001,0.0094,pathgraph
4164.4140,99671.6769,84869.5703,171.8624,-3.0219,-0.0001,0.0094,pathgraph
4165.4138,99670.6842,84869.4508,171.8718,-3.0220,-0.0001,0.0094,pathgraph
4166.4137,99669.6914,84869.3316,171.8812,-3.0219,-0.0001,0.0094,pathgraph
4167.4136,99668.6987,84869.2125,171.8906,-3.0219,-0.0001,0.0094,pathgraph
4168.4134,99667.7060,84869.0933,171.9000,-3.0219,-0.0000,0.0094,pathgraph
4169.4133,99666.7132,84868.9741,171.9094,-3.0218,0.0000,0.0094,pathgraph
4170.4131,99665.7205,84868.8549,171.9188,-3.0218,0.0001,0.0094,pathgraph
4171.4130,99664.7278,84868.7357,171.9283,-3.0217,0.0001,0.0094,pathgraph
4172.4129,99663.7350,84868.6165,171.9377,-3.0217,0.0001,0.0094,pathgraph
4173.4127,99662.7423,84868.4973,171.9471,-3.0217,0.0002,0.0094,pathgraph
4174.4126,99661.7496,84868.3781,171.9565,-3.0216,0.0002,0.0094,pathgraph
4175.4124,99660.7568,84868.2591,171.9659,-3.0219,0.0001,0.0094,pathgraph
4176.4123,99659.7641,84868.1400,171.9752,-3.0222,0.0000,0.0094,pathgraph
4177.4122,99658.7713,84868.0210,171.9846,-3.0225,-0.0001,0.0094,pathgraph
4178.4120,99657.7786,84867.9020,171.9939,-3.0228,-0.0002,0.0094,pathgraph
4179.4119,99656.7858,84867.7829,172.0033,-3.0231,-0.0003,0.0093,pathgraph
4180.4118,99655.7931,84867.6639,172.0126,-3.0234,-0.0004,0.0093,pathgraph
4181.4116,99654.8003,84867.5449,172.0220,-3.0237,-0.0005,0.0093,pathgraph
4182.4115,99653.8076,84867.4258,172.0313,-3.0240,-0.0006,0.0093,pathgraph
4183.4113,99652.8148,84867.3068,172.0407,-3.0243,-0.0008,0.0093,pathgraph
4184.4112,99651.8219,84867.1896,172.0500,-3.0250,-0.0009,0.0093,pathgraph
4185.4111,99650.8285,84867.0758,172.0592,-3.0262,-0.0010,0.0093,pathgraph
4186.4109,99649.8352,84866.9619,172.0685,-3.0274,-0.0012,0.0093,pathgraph
4187.4108,99648.8418,84866.8481,172.0778,-3.0286,-0.0013,0.0093,pathgraph
4188.4106,99647.8484,84866.7343,172.0871,-3.0298,-0.0014,0.0092,pathgraph
4189.4105,99646.8551,84866.6205,172.0963,-3.0310,-0.0016,0.0092,pathgraph
4190.4104,99645.8610,84866.5130,172.1055,-3.0327,-0.0017,0.0092,pathgraph
4191.4102,99644.8668,84866.4067,172.1147,-3.0345,-0.0017,0.0092,pathgraph
4192.4101,99643.8726,84866.3004,172.1239,-3.0362,-0.0018,0.0092,pathgraph
4193.4099,99642.8784,84866.1941,172.1331,-3.0380,-0.0019,0.0092,pathgraph
4194.4098,99641.8839,84866.0907,172.1423,-3.0399,-0.0020,0.0092,pathgraph
4195.4096,99640.8889,84865.9928,172.1515,-3.0423,-0.0022,0.0091,pathgraph
4196.4095,99639.8938,84865.8948,172.1606,-3.0446,-0.0024,0.0091,pathgraph
4197.4094,99638.8988,84865.7969,172.1697,-3.0469,-0.0026,0.0091,pathgraph
4198.4092,99637.9034,84865.7025,172.1789,-3.0495,-0.0028,0.0091,pathgraph
4199.4091,99636.9074,84865.6146,172.1879,-3.0525,-0.0030,0.0091,pathgraph
4200.4089,99635.9114,84865.5267,172.1970,-3.0556,-0.0032,0.0091,pathgraph
4201.4088,99634.9154,84865.4388,172.2061,-3.0587,-0.0034,0.0091,pathgraph
4202.4087,99633.9187,84865.3601,172.2151,-3.0623,-0.0036,0.0090,pathgraph
4203.4085,99632.9218,84865.2831,172.2242,-3.0659,-0.0037,0.0090,pathgraph
4204.4084,99631.9249,84865.2061,172.2332,-3.0696,-0.0039,0.0090,pathgraph
4205.4082,99630.9273,84865.1390,172.2422,-3.0736,-0.0040,0.0090,pathgraph
4206.4081,99629.9296,84865.0736,172.2511,-3.0776,-0.0041,0.0090,pathgraph
4207.4080,99628.9318,84865.0083,172.2601,-3.0817,-0.0041,0.0089,pathgraph
4208.4078,99627.9335,84864.9533,172.2690,-3.0858,-0.0041,0.0089,pathgraph
4209.4077,99626.9351,84864.9002,172.2780,-3.0899,-0.0041,0.0089,pathgraph
4210.4075,99625.9366,84864.8471,172.2869,-3.0940,-0.0041,0.0089,pathgraph
4211.4074,99624.9377,84864.8043,172.2957,-3.0980,-0.0040,0.0089,pathgraph
4212.4072,99623.9387,84864.7633,172.3046,-3.1019,-0.0039,0.0089,pathgraph
4213.4071,99622.9396,84864.7224,172.3135,-3.1059,-0.0039,0.0088,pathgraph
4214.4069,99621.9403,84864.6911,172.3223,-3.1095,-0.0037,0.0088,pathgraph
4215.4068,99620.9408,84864.6616,172.3311,-3.1131,-0.0034,0.0088,pathgraph
4216.4067,99619.9414,84864.6321,172.3399,-3.1166,-0.0032,0.0088,pathgraph
4217.4065,99618.9418,84864.6121,172.3487,-3.1206,-0.0033,0.0088,pathgraph
4218.4064,99617.9421,84864.5938,172.3574,-3.1246,-0.0033,0.0087,pathgraph
4219.4062,99616.9424,84864.5755,172.3662,-3.1286,-0.0034,0.0087,pathgraph
4220.4061,99615.9426,84864.5608,172.3749,-3.1320,-0.0027,0.0087,pathgraph
4221.4060,99614.9428,84864.5528,172.3836,-3.1339,-0.0008,0.0087,pathgraph
4222.4058,99613.9430,84864.5449,172.3923,-3.1351,-0.0018,0.0087,pathgraph
4223.4057,99612.9431,84864.5370,172.4009,-3.1363,-0.0029,0.0087,pathgraph
4224.4055,99611.9433,84864.5365,172.4096,-3.1387,-0.0027,0.0086,pathgraph
4225.4054,99610.9434,84864.5374,172.4182,-3.1412,-0.0024,0.0086,pathgraph
4226.4053,99609.9436,84864.5384,172.4268,3.1394,-0.0020,0.0086,pathgraph
4227.4051,99608.9437,84864.5393,172.4354,3.1368,-0.0016,0.0086,pathgraph
4228.4050,99607.9439,84864.5470,172.4440,3.1349,-0.0016,0.0086,pathgraph
4229.4048,99606.9441,84864.5559,172.4525,3.1332,-0.0017,0.0085,pathgraph
4230.4047,99605.9442,84864.5648,172.4610,3.1314,-0.0018,0.0085,pathgraph
4231.4046,99604.9444,84864.5738,172.4695,3.1297,-0.0019,0.0085,pathgraph
4232.4044,99603.9446,84864.5855,172.4780,3.1278,-0.0020,0.0085,pathgraph
4233.4043,99602.9449,84864.6028,172.4865,3.1256,-0.0021,0.0085,pathgraph
4234.4041,99601.9452,84864.6202,172.4949,3.1234,-0.0023,0.0084,pathgraph
4235.4040,99600.9455,84864.6375,172.5034,3.1211,-0.0024,0.0084,pathgraph
4236.4038,99599.9459,84864.6579,172.5118,3.1188,-0.0025,0.0084,pathgraph
4237.4037,99598.9464,84864.6843,172.5202,3.1162,-0.0026,0.0084,pathgraph
4238.4036,99597.9468,84864.7107,172.5286,3.1135,-0.0027,0.0084,pathgraph
4239.4034,99596.9473,84864.7371,172.5369,3.1109,-0.0028,0.0083,pathgraph
4240.4033,99595.9481,84864.7719,172.5452,3.1079,-0.0029,0.0083,pathgraph
4241.4031,99594.9489,84864.8082,172.5535,3.1048,-0.0031,0.0083,pathgraph
4242.4030,99593.9497,84864.8445,172.5618,3.1017,-0.0033,0.0083,pathgraph
4243.4028,99592.9506,84864.8846,172.5701,3.0984,-0.0034,0.0083,pathgraph
4244.4027,99591.9519,84864.9318,172.5783,3.0948,-0.0036,0.0082,pathgraph
4245.4026,99590.9531,84864.9790,172.5866,3.0912,-0.0037,0.0082,pathgraph
4246.4024,99589.9546,84865.0300,172.5948,3.0876,-0.0038,0.0082,pathgraph
4247.4023,99588.9564,84865.0884,172.6029,3.0838,-0.0038,0.0082,pathgraph
4248.4021,99587.9583,84865.1468,172.6111,3.0800,-0.0037,0.0081,pathgraph
4249.4020,99586.9604,84865.2089,172.6192,3.0763,-0.0037,0.0081,pathgraph
4250.4018,99585.9629,84865.2784,172.6273,3.0727,-0.0036,0.0081,pathgraph
4251.4017,99584.9655,84865.3479,172.6354,3.0691,-0.0036,0.0081,pathgraph
4252.4016,99583.9683,84865.4209,172.6435,3.0655,-0.0035,0.0081,pathgraph
4253.4014,99582.9717,84865.5011,172.6515,3.0619,-0.0035,0.0080,pathgraph
4254.4013,99581.9750,84865.5812,172.6596,3.0584,-0.0035,0.0080,pathgraph
4255.4011,99580.9787,84865.6649,172.6676,3.0548,-0.0036,0.0080,pathgraph
4256.4010,99579.9830,84865.7557,172.6756,3.0512,-0.0036,0.0080,pathgraph
4257.4008,99578.9872,84865.8465,172.6835,3.0476,-0.0037,0.0080,pathgraph
4258.4007,99577.9918,84865.9410,172.6915,3.0439,-0.0037,0.0079,pathgraph
4259.4006,99576.9972,84866.0428,172.6994,3.0402,-0.0037,0.0079,pathgraph
4260.4004,99576.0025,84866.1445,172.7073,3.0365,-0.0037,0.0079,pathgraph
4261.4003,99575.0082,84866.2500,172.7152,3.0328,-0.0037,0.0079,pathgraph
4262.4001,99574.0148,84866.3629,172.7231,3.0292,-0.0037,0.0079,pathgraph
4263.4000,99573.0213,84866.4757,172.7309,3.0255,-0.0036,0.0078,pathgraph
4264.3998,99572.0283,84866.5921,172.7388,3.0219,-0.0036,0.0078,pathgraph
4265.3997,99571.0361,84866.7157,172.7466,3.0183,-0.0036,0.0078,pathgraph
4266.3995,99570.0439,84866.8392,172.7544,3.0147,-0.0036,0.0078,pathgraph
4267.3994,99569.0521,84866.9664,172.7622,3.0111,-0.0036,0.0078,pathgraph
4268.3993,99568.0613,84867.1007,172.7699,3.0074,-0.0037,0.0078,pathgraph
4269.3991,99567.0705,84867.2350,172.7777,3.0037,-0.0037,0.0077,pathgraph
4270.3990,99566.0803,84867.3730,172.7854,3.0000,-0.0038,0.0077,pathgraph
4271.3988,99565.0910,84867.5185,172.7931,2.9962,-0.0038,0.0077,pathgraph
4272.3987,99564.1018,84867.6640,172.8008,2.9924,-0.0039,0.0077,pathgraph
4273.3985,99563.1132,84867.8132,172.8085,2.9886,-0.0039,0.0077,pathgraph
4274.3984,99562.1257,84867.9700,172.8161,2.9848,-0.0038,0.0077,pathgraph
4275.3983,99561.1382,84868.1269,172.8238,2.9811,-0.0037,0.0077,pathgraph
4276.3981,99560.1513,84868.2873,172.8315,2.9774,-0.0036,0.0076,pathgraph
4277.3980,99559.1656,84868.4549,172.8391,2.9738,-0.0036,0.0076,pathgraph
4278.3978,99558.1799,84868.6225,172.8467,2.9702,-0.0035,0.0076,pathgraph
4279.3977,99557.1948,84868.7935,172.8543,2.9667,-0.0035,0.0076,pathgraph
4280.3975,99556.2109,84868.9716,172.8619,2.9631,-0.0036,0.0076,pathgraph
4281.3974,99555.2270,84869.1497,172.8695,2.9595,-0.0037,0.0076,pathgraph
4282.3972,99554.2438,84869.3314,172.8770,2.9558,-0.0037,0.0076,pathgraph
4283.3971,99553.2620,84869.5203,172.8846,2.9521,-0.0037,0.0076,pathgraph
4284.3970,99552.2801,84869.7093,172.8922,2.9484,-0.0037,0.0076,pathgraph
4285.3968,99551.2990,84869.9019,172.8997,2.9446,-0.0037,0.0075,pathgraph
4286.3967,99550.3193,84870.1018,172.9072,2.9409,-0.0037,0.0075,pathgraph
4287.3965,99549.3397,84870.3018,172.9148,2.9372,-0.0037,0.0075,pathgraph
4288.3964,99548.3608,84870.5053,172.9223,2.9335,-0.0037,0.0075,pathgraph
4289.3962,99547.3834,84870.7160,172.9298,2.9298,-0.0037,0.0075,pathgraph
4290.3961,99546.4060,84870.9268,172.9373,2.9261,-0.0038,0.0075,pathgraph
4291.3959,99545.4294,84871.1413,172.9448,2.9222,-0.0039,0.0075,pathgraph
4292.3958,99544.4545,84871.3634,172.9522,2.9182,-0.0040,0.0075,pathgraph
4293.3957,99543.4796,84871.5854,172.9597,2.9142,-0.0042,0.0075,pathgraph
4294.3955,99542.5057,84871.8115,172.9672,2.9100,-0.0043,0.0075,pathgraph
4295.3954,99541.5337,84872.0459,172.9746,2.9057,-0.0043,0.0075,pathgraph
4296.3952,99540.5617,84872.2802,172.9821,2.9014,-0.0044,0.0074,pathgraph
4297.3951,99539.5907,84872.5188,172.9895,2.8970,-0.0044,0.0074,pathgraph
4298.3949,99538.6218,84872.7658,172.9970,2.8928,-0.0043,0.0074,pathgraph
4299.3948,99537.6530,84873.0128,173.0044,2.8885,-0.0042,0.0074,pathgraph
4300.3946,99536.6851,84873.2638,173.0118,2.8843,-0.0041,0.0074,pathgraph
4301.3945,99535.7194,84873.5227,173.0192,2.8804,-0.0040,0.0074,pathgraph
4302.3944,99534.7536,84873.7817,173.0266,2.8765,-0.0038,0.0074,pathgraph
4303.3942,99533.7889,84874.0442,173.0340,2.8726,-0.0037,0.0074,pathgraph
4304.3941,99532.8261,84874.3141,173.0414,2.8689,-0.0037,0.0074,pathgraph
4305.3939,99531.8634,84874.5840,173.0488,2.8652,-0.0037,0.0074,pathgraph
4306.3938,99530.9016,84874.8573,173.0561,2.8616,-0.0036,0.0073,pathgraph
4307.3936,99529.9419,84875.1378,173.0635,2.8579,-0.0037,0.0073,pathgraph
4308.3935,99528.9822,84875.4182,173.0708,2.8543,-0.0037,0.0073,pathgraph
4309.3933,99528.0235,84875.7021,173.0781,2.8506,-0.0037,0.0073,pathgraph
4310.3932,99527.0668,84875.9930,173.0854,2.8470,-0.0036,0.0073,pathgraph
4311.3931,99526.1102,84876.2839,173.0927,2.8435,-0.0036,0.0073,pathgraph
4312.3929,99525.1547,84876.5781,173.1000,2.8400,-0.0035,0.0073,pathgraph
4313.3928,99524.2011,84876.8790,173.1073,2.8367,-0.0033,0.0072,pathgraph
4314.3926,99523.2476,84877.1799,173.1145,2.8334,-0.0031,0.0072,pathgraph
4315.3925,99522.2952,84877.4841,173.1218,2.8299,-0.0031,0.0072,pathgraph
4316.3923,99521.3449,84877.7950,173.1290,2.8262,-0.0033,0.0072,pathgraph
4317.3922,99520.3946,84878.1059,173.1362,2.8224,-0.0034,0.0072,pathgraph
4318.3921,99519.4443,84878.4168,173.1434,2.8186,-0.0036,0.0072,pathgraph
4319.3919,99518.4968,84878.7360,173.1505,2.8165,-0.0021,0.0071,pathgraph
4320.3918,99517.5498,84879.0568,173.1577,2.8148,-0.0005,0.0071,pathgraph
4321.3916,99516.6028,84879.3777,173.1648,2.8130,-0.0025,0.0071,pathgraph
4322.3915,99515.6570,84879.7019,173.1719,2.8105,-0.0037,0.0071,pathgraph
4323.3914,99514.7135,84880.0328,173.1789,2.8068,-0.0034,0.0070,pathgraph
4324.3912,99513.7700,84880.3637,173.1860,2.8030,-0.0031,0.0070,pathgraph
4325.3911,99512.8265,84880.6947,173.1930,2.7992,-0.0029,0.0070,pathgraph
4326.3909,99511.8859,84881.0339,173.2000,2.7962,-0.0028,0.0070,pathgraph
4327.3908,99510.9460,84881.3748,173.2070,2.7933,-0.0029,0.0069,pathgraph
4328.3906,99510.0060,84881.7158,173.2139,2.7904,-0.0029,0.0069,pathgraph
4329.3905,99509.0672,84882.0598,173.2208,2.7875,-0.0029,0.0069,pathgraph
4330.3904,99508.1308,84882.4103,173.2277,2.7847,-0.0029,0.0068,pathgraph
4331.3902,99507.1944,84882.7608,173.2346,2.7819,-0.0028,0.0068,pathgraph
4332.3901,99506.2580,84883.1113,173.2414,2.7791,-0.0027,0.0068,pathgraph
4333.3899,99505.3243,84883.4691,173.2482,2.7764,-0.0027,0.0067,pathgraph
4334.3898,99504.3913,84883.8284,173.2549,2.7738,-0.0026,0.0067,pathgraph
4335.3897,99503.4582,84884.1878,173.2616,2.7712,-0.0025,0.0067,pathgraph
4336.3895,99502.5262,84884.5498,173.2683,2.7688,-0.0024,0.0067,pathgraph
4337.3894,99501.5964,84884.9175,173.2749,2.7667,-0.0022,0.0066,pathgraph
4338.3892,99500.6666,84885.2851,173.2816,2.7647,-0.0020,0.0066,pathgraph
4339.3891,99499.7368,84885.6528,173.2882,2.7626,-0.0018,0.0065,pathgraph
4340.3889,99498.8079,84886.0227,173.2947,2.7609,-0.0016,0.0065,pathgraph
4341.3888,99497.8809,84886.3975,173.3011,2.7602,-0.0013,0.0064,pathgraph
4342.3887,99496.9540,84886.7723,173.3075,2.7594,-0.0011,0.0064,pathgraph
4343.3885,99496.0270,84887.1470,173.3139,2.7586,-0.0008,0.0064,pathgraph
4344.3884,99495.1000,84887.5218,173.3203,2.7579,-0.0005,0.0063,pathgraph
4345.3882,99494.1730,84887.8966,173.3267,2.7571,-0.0003,0.0063,pathgraph
4346.3881,99493.2461,84888.2713,173.3330,2.7563,-0.0000,0.0063,pathgraph
4347.3880,99492.3192,84888.6463,173.3393,2.7559,0.0002,0.0062,pathgraph
4348.3878,99491.3925,84889.0217,173.3453,2.7561,0.0002,0.0061,pathgraph
4349.3877,99490.4658,84889.3972,173.3513,2.7562,0.0002,0.0061,pathgraph
4350.3876,99489.5391,84889.7726,173.3574,2.7564,0.0002,0.0060,pathgraph
4351.3874,99488.6124,84890.1481,173.3634,2.7566,0.0002,0.0060,pathgraph
4352.3873,99487.6857,84890.5235,173.3694,2.7568,0.0002,0.0060,pathgraph
4353.3871,99486.7590,84890.8990,173.3754,2.7569,0.0002,0.0059,pathgraph
4354.3870,99485.8323,84891.2744,173.3814,2.7571,0.0002,0.0059,pathgraph
4355.3869,99484.9056,84891.6499,173.3874,2.7573,0.0002,0.0062,pathgraph
4356.3867,99483.9789,84892.0253,173.3934,2.7574,0.0002,0.0077,pathgraph
4357.3866,99483.0519,84892.3999,173.3990,2.7575,0.0001,0.0095,pathgraph
4358.3864,99482.1248,84892.7744,173.4046,2.7575,0.0001,0.0099,pathgraph
4359.3863,99481.1977,84893.1488,173.4101,2.7574,0.0001,0.0092,pathgraph
4360.3862,99480.2706,84893.5233,173.4156,2.7574,0.0000,0.0085,pathgraph
4361.3860,99479.3435,84893.8977,173.4211,2.7574,-0.0000,0.0078,pathgraph
4362.3859,99478.4164,84894.2722,173.4266,2.7574,-0.0000,0.0071,pathgraph
4363.3857,99477.4893,84894.6466,173.4321,2.7574,-0.0001,0.0065,pathgraph
4364.3856,99476.5622,84895.0211,173.4376,2.7574,-0.0001,0.0058,pathgraph
4365.3855,99475.6351,84895.3955,173.4431,2.7574,-0.0001,0.0053,pathgraph
4366.3853,99474.7081,84895.7701,173.4644,2.7574,-0.0001,0.0052,pathgraph
4367.3852,99473.7812,84896.1450,173.5188,2.7573,0.0000,0.0051,pathgraph
4368.3850,99472.8542,84896.5198,173.5544,2.7573,0.0001,0.0051,pathgraph
4369.3849,99471.9272,84896.8944,173.5459,2.7574,0.0001,0.0050,pathgraph
4370.3848,99471.0001,84897.2690,173.5375,2.7574,0.0001,0.0049,pathgraph
4371.3846,99470.0731,84897.6436,173.5290,2.7574,0.0000,0.0049,pathgraph
4372.3845,99469.1461,84898.0182,173.5206,2.7575,0.0000,0.0048,pathgraph
4373.3844,99468.2191,84898.3928,173.5122,2.7575,-0.0000,0.0048,pathgraph
4374.3842,99467.2920,84898.7675,173.5037,2.7575,-0.0000,0.0047,pathgraph
4375.3841,99466.3650,84899.1421,173.4953,2.7575,-0.0001,0.0046,pathgraph
4376.3839,99465.4379,84899.5167,173.4973,2.7576,-0.0000,0.0042,pathgraph
4377.3838,99464.5109,84899.8913,173.5016,2.7576,-0.0000,0.0025,pathgraph
4378.3837,99463.5839,84900.2658,173.5059,2.7577,0.0000,0.0006,pathgraph
4379.3835,99462.6568,84900.6404,173.5102,2.7577,0.0000,0.0001,pathgraph
4380.3834,99461.7298,84901.0150,173.5145,2.7578,0.0000,0.0007,pathgraph
4381.3832,99460.8027,84901.3896,173.5188,2.7578,0.0001,0.0012,pathgraph
4382.3831,99459.8757,84901.7642,173.5231,2.7578,0.0001,0.0018,pathgraph
4383.3830,99458.9487,84902.1388,173.5274,2.7579,0.0001,0.0024,pathgraph
4384.3828,99458.0216,84902.5134,173.5316,2.7579,0.0001,0.0029,pathgraph
4385.3827,99457.0945,84902.8878,173.5357,2.7580,0.0001,0.0035,pathgraph
4386.3825,99456.1672,84903.2617,173.5393,2.7580,0.0001,0.0038,pathgraph
4387.3824,99455.2399,84903.6357,173.5429,2.7580,0.0001,0.0037,pathgraph
4388.3823,99454.3126,84904.0096,173.5465,2.7580,0.0001,0.0037,pathgraph
4389.3821,99453.3853,84904.3836,173.5500,2.7581,0.0000,0.0036,pathgraph
4390.3820,99452.4580,84904.7575,173.5536,2.7581,0.0000,0.0035,pathgraph
4391.3818,99451.5307,84905.1315,173.5572,2.7581,-0.0000,0.0035,pathgraph
4392.3817,99450.6034,84905.5054,173.5608,2.7581,-0.0000,0.0034,pathgraph
4393.3816,99449.6761,84905.8794,173.5644,2.7582,-0.0001,0.0033,pathgraph
4394.3814,99448.7488,84906.2533,173.5679,2.7582,-0.0001,0.0032,pathgraph
4395.3813,99447.8220,84906.6284,173.5709,2.7577,-0.0002,0.0031,pathgraph
4396.3812,99446.8953,84907.0038,173.5738,2.7572,-0.0003,0.0030,pathgraph
4397.3810,99445.9686,84907.3792,173.5767,2.7566,-0.0004,0.0029,pathgraph
4398.3809,99445.0418,84907.7546,173.5796,2.7561,-0.0006,0.0029,pathgraph
4399.3807,99444.1151,84908.1300,173.5825,2.7555,-0.0007,0.0028,pathgraph
4400.3806,99443.1884,84908.5054,173.5854,2.7550,-0.0008,0.0027,pathgraph
4401.3805,99442.2617,84908.8808,173.5882,2.7544,-0.0009,0.0026,pathgraph
4402.3803,99441.3355,84909.2574,173.5909,2.7541,-0.0009,0.0025,pathgraph
4403.3802,99440.4103,84909.6366,173.5930,2.7541,-0.0007,0.0024,pathgraph
4404.3800,99439.4851,84910.0158,173.5952,2.7542,-0.0005,0.0023,pathgraph
4405.3799,99438.5600,84910.3950,173.5973,2.7542,-0.0003,0.0022,pathgraph
4406.3798,99437.6348,84910.7742,173.5995,2.7543,-0.0000,0.0022,pathgraph
4407.3796,99436.7097,84911.1534,173.6016,2.7544,0.0002,0.0021,pathgraph
4408.3795,99435.7845,84911.5326,173.6038,2.7544,0.0004,0.0020,pathgraph
4409.3793,99434.8593,84911.9118,173.6059,2.7545,0.0006,0.0019,pathgraph
4410.3792,99433.9342,84912.2910,173.6081,2.7545,0.0008,0.0019,pathgraph
4411.3791,99433.0090,84912.6702,173.6102,2.7546,0.0011,0.0018,pathgraph
4412.3789,99432.0827,84913.0466,173.6117,2.7549,0.0009,0.0017,pathgraph
4413.3788,99431.1561,84913.4223,173.6130,2.7552,0.0006,0.0016,pathgraph
4414.3786,99430.2295,84913.7981,173.6144,2.7556,0.0004,0.0015,pathgraph
4415.3785,99429.3030,84914.1738,173.6157,2.7559,0.0001,0.0014,pathgraph
4416.3784,99428.3764,84914.5495,173.6170,2.7563,-0.0001,0.0013,pathgraph
4417.3782,99427.4498,84914.9253,173.6184,2.7566,-0.0004,0.0013,pathgraph
4418.3781,99426.5232,84915.3010,173.6197,2.7566,-0.0002,0.0012,pathgraph
4419.3779,99425.5966,84915.6767,173.6210,2.7566,0.0000,0.0011,pathgraph
4420.3778,99424.6701,84916.0524,173.6224,2.7566,0.0002,0.0010,pathgraph
4421.3777,99423.7433,84916.4277,173.6235,2.7567,0.0004,0.0009,pathgraph
4422.3775,99422.8162,84916.8021,173.6240,2.7569,0.0003,0.0008,pathgraph
4423.3774,99421.8890,84917.1764,173.6246,2.7571,0.0003,0.0008,pathgraph
4424.3773,99420.9619,84917.5507,173.6252,2.7573,0.0002,0.0007,pathgraph
4425.3771,99420.0347,84917.9251,173.6257,2.7574,0.0002,0.0006,pathgraph
4426.3770,99419.1076,84918.2994,173.6263,2.7576,0.0002,0.0006,pathgraph
4427.3768,99418.1804,84918.6738,173.6269,2.7578,0.0001,0.0005,pathgraph
4428.3767,99417.2533,84919.0481,173.6275,2.7580,0.0001,0.0004,pathgraph
4429.3766,99416.3262,84919.4224,173.6280,2.7582,0.0000,0.0003,pathgraph
4430.3764,99415.3990,84919.7968,173.6286,2.7584,-0.0000,0.0003,pathgraph
4431.3763,99414.4718,84920.1710,173.6286,2.7583,-0.0000,0.0002,pathgraph
4432.3761,99413.5447,84920.5453,173.6285,2.7582,-0.0001,0.0001,pathgraph
4433.3760,99412.6175,84920.9195,173.6284,2.7580,-0.0001,0.0000,pathgraph
4434.3759,99411.6903,84921.2938,173.6283,2.7579,-0.0001,-0.0000,pathgraph
4435.3757,99410.7631,84921.6680,173.6281,2.7578,-0.0001,-0.0001,pathgraph
4436.3756,99409.8360,84922.0423,173.6280,2.7576,-0.0002,-0.0002,pathgraph
4437.3754,99408.9088,84922.4166,173.6279,2.7575,-0.0002,-0.0002,pathgraph
4438.3753,99407.9816,84922.7908,173.6278,2.7574,-0.0002,-0.0003,pathgraph
4439.3752,99407.0544,84923.1651,173.6277,2.7572,-0.0002,-0.0004,pathgraph
4440.3750,99406.1274,84923.5398,173.6273,2.7571,-0.0002,-0.0005,pathgraph
4441.3749,99405.2009,84923.9155,173.6266,2.7570,-0.0002,-0.0005,pathgraph
4442.3747,99404.2743,84924.2912,173.6258,2.7569,-0.0002,-0.0006,pathgraph
4443.3746,99403.3477,84924.6669,173.6251,2.7567,-0.0002,-0.0007,pathgraph
4444.3745,99402.4211,84925.0426,173.6243,2.7566,-0.0001,-0.0007,pathgraph
4445.3743,99401.4945,84925.4184,173.6236,2.7565,-0.0001,-0.0008,pathgraph
4446.3742,99400.5679,84925.7941,173.6228,2.7564,-0.0001,-0.0008,pathgraph
4447.3740,99399.6414,84926.1698,173.6221,2.7563,-0.0000,-0.0009,pathgraph
4448.3739,99398.7148,84926.5455,173.6213,2.7562,-0.0000,-0.0009,pathgraph
4449.3738,99397.7882,84926.9212,173.6206,2.7560,0.0000,-0.0010,pathgraph
4450.3736,99396.8616,84927.2970,173.6194,2.7561,0.0000,-0.0011,pathgraph
4451.3735,99395.9351,84927.6727,173.6180,2.7562,0.0000,-0.0012,pathgraph
4452.3734,99395.0085,84928.0485,173.6167,2.7563,0.0001,-0.0012,pathgraph
4453.3732,99394.0819,84928.4243,173.6154,2.7564,0.0001,-0.0013,pathgraph
4454.3731,99393.1553,84928.8000,173.6141,2.7565,0.0001,-0.0013,pathgraph
4455.3729,99392.2288,84929.1758,173.6127,2.7565,0.0001,-0.0014,pathgraph
4456.3728,99391.3022,84929.5515,173.6114,2.7566,0.0001,-0.0014,pathgraph
4457.3727,99390.3756,84929.9273,173.6101,2.7567,0.0001,-0.0015,pathgraph
4458.3725,99389.4491,84930.3030,173.6087,2.7568,0.0002,-0.0015,pathgraph
4459.3724,99388.5224,84930.6786,173.6073,2.7569,0.0002,-0.0016,pathgraph
4460.3722,99387.5955,84931.0535,173.6054,2.7569,0.0001,-0.0017,pathgraph
4461.3721,99386.6686,84931.4284,173.6036,2.7569,0.0001,-0.0017,pathgraph
4462.3720,99385.7417,84931.8034,173.6017,2.7569,0.0001,-0.0018,pathgraph
4463.3718,99384.8148,84932.1783,173.5999,2.7569,0.0000,-0.0018,pathgraph
4464.3717,99383.8879,84932.5532,173.5981,2.7570,-0.0000,-0.0018,pathgraph
4465.3715,99382.9610,84932.9282,173.5962,2.7570,-0.0000,-0.0019,pathgraph
4466.3714,99382.0341,84933.3031,173.5944,2.7570,-0.0001,-0.0019,pathgraph
4467.3713,99381.1072,84933.6781,173.5926,2.7570,-0.0001,-0.0019,pathgraph
4468.3711,99380.1803,84934.0530,173.5907,2.7570,-0.0001,-0.0015,pathgraph
4469.3710,99379.2536,84934.4283,173.5885,2.7570,-0.0001,-0.0008,pathgraph
4470.3708,99378.3269,84934.8038,173.5862,2.7569,-0.0001,-0.0002,pathgraph
4471.3707,99377.4002,84935.1792,173.5839,2.7569,-0.0001,0.0005,pathgraph
4472.3706,99376.4735,84935.5546,173.5816,2.7569,-0.0001,0.0012,pathgraph
4473.3704,99375.5468,84935.9301,173.5793,2.7568,-0.0000,0.0019,pathgraph
4474.3703,99374.6201,84936.3055,173.5770,2.7568,-0.0000,0.0018,pathgraph
4475.3702,99373.6934,84936.6810,173.5747,2.7568,0.0000,0.0005,pathgraph
4476.3700,99372.7667,84937.0564,173.5724,2.7567,0.0000,-0.0012,pathgraph
4477.3699,99371.8400,84937.4318,173.5701,2.7567,0.0000,-0.0023,pathgraph
4478.3697,99370.9133,84937.8073,173.5723,2.7567,0.0001,-0.0025,pathgraph
4479.3696,99369.9866,84938.1826,173.5846,2.7567,0.0000,-0.0026,pathgraph
4480.3695,99369.0598,84938.5580,173.5968,2.7566,0.0000,-0.0026,pathgraph
4481.3693,99368.1331,84938.9334,173.6091,2.7566,0.0000,-0.0026,pathgraph
4482.3692,99367.2064,84939.3088,173.6213,2.7566,-0.0000,-0.0027,pathgraph
4483.3690,99366.2797,84939.6842,173.6336,2.7566,-0.0000,-0.0027,pathgraph
4484.3689,99365.3530,84940.0595,173.6459,2.7566,-0.0001,-0.0028,pathgraph
4485.3688,99364.4262,84940.4349,173.6267,2.7567,0.0000,-0.0028,pathgraph
4486.3686,99363.4995,84940.8103,173.5885,2.7569,0.0002,-0.0028,pathgraph
4487.3685,99362.5728,84941.1857,173.5503,2.7571,0.0004,-0.0029,pathgraph
4488.3683,99361.6456,84941.5599,173.5403,2.7572,0.0004,-0.0030,pathgraph
4489.3682,99360.7183,84941.9338,173.5373,2.7574,0.0003,-0.0035,pathgraph
4490.3681,99359.7910,84942.3076,173.5342,2.7576,0.0003,-0.0043,pathgraph
4491.3679,99358.8636,84942.6815,173.5311,2.7578,0.0002,-0.0050,pathgraph
4492.3678,99357.9363,84943.0554,173.5280,2.7579,0.0002,-0.0058,pathgraph
4493.3676,99357.0090,84943.4293,173.5250,2.7581,0.0001,-0.0065,pathgraph
4494.3675,99356.0817,84943.8032,173.5219,2.7583,0.0001,-0.0073,pathgraph
4495.3674,99355.1543,84944.1771,173.5188,2.7585,0.0000,-0.0073,pathgraph
4496.3672,99354.2270,84944.5510,173.5157,2.7587,-0.0000,-0.0061,pathgraph
4497.3671,99353.2997,84944.9250,173.5125,2.7587,-0.0001,-0.0044,pathgraph
4498.3669,99352.3725,84945.2991,173.5091,2.7585,-0.0001,-0.0035,pathgraph
4499.3668,99351.4453,84945.6732,173.5057,2.7584,-0.0001,-0.0033,pathgraph
4500.3667,99350.5180,84946.0473,173.5023,2.7582,-0.0001,-0.0034,pathgraph
4501.3665,99349.5908,84946.4214,173.4989,2.7580,-0.0002,-0.0034,pathgraph
4502.3664,99348.6636,84946.7955,173.4954,2.7578,-0.0002,-0.0034,pathgraph
4503.3663,99347.7363,84947.1696,173.4920,2.7576,-0.0002,-0.0035,pathgraph
4504.3661,99346.8091,84947.5438,173.4886,2.7574,-0.0002,-0.0035,pathgraph
4505.3660,99345.8819,84947.9179,173.4852,2.7572,-0.0003,-0.0035,pathgraph
4506.3658,99344.9546,84948.2920,173.4818,2.7570,-0.0003,-0.0036,pathgraph
4507.3657,99344.0279,84948.6674,173.4781,2.7569,-0.0003,-0.0036,pathgraph
4508.3656,99343.1014,84949.0432,173.4744,2.7569,-0.0002,-0.0036,pathgraph
4509.3654,99342.1748,84949.4190,173.4706,2.7568,-0.0002,-0.0037,pathgraph
4510.3653,99341.2483,84949.7947,173.4669,2.7567,-0.0001,-0.0037,pathgraph
4511.3651,99340.3217,84950.1705,173.4632,2.7566,-0.0001,-0.0037,pathgraph
4512.3650,99339.3951,84950.5463,173.4595,2.7565,-0.0000,-0.0038,pathgraph
4513.3649,99338.4686,84950.9221,173.4557,2.7564,0.0000,-0.0038,pathgraph
4514.3647,99337.5420,84951.2978,173.4520,2.7564,0.0001,-0.0038,pathgraph
4515.3646,99336.6154,84951.6736,173.4483,2.7563,0.0001,-0.0038,pathgraph
4516.3644,99335.6889,84952.0493,173.4445,2.7563,0.0001,-0.0039,pathgraph
4517.3643,99334.7622,84952.4250,173.4404,2.7564,0.0001,-0.0039,pathgraph
4518.3642,99333.8356,84952.8006,173.4364,2.7564,0.0001,-0.0039,pathgraph
4519.3640,99332.9090,84953.1762,173.4324,2.7564,0.0001,-0.0040,pathgraph
4520.3639,99331.9824,84953.5518,173.4284,2.7565,0.0001,-0.0040,pathgraph
4521.3637,99331.0558,84953.9275,173.4244,2.7565,0.0001,-0.0040,pathgraph
4522.3636,99330.1291,84954.3031,173.4204,2.7566,0.0001,-0.0040,pathgraph
4523.3635,99329.2025,84954.6787,173.4164,2.7566,0.0001,-0.0041,pathgraph
4524.3633,99328.2759,84955.0543,173.4124,2.7566,0.0001,-0.0041,pathgraph
4525.3632,99327.3493,84955.4300,173.4084,2.7567,0.0001,-0.0041,pathgraph
4526.3631,99326.4224,84955.8051,173.4041,2.7568,0.0001,-0.0042,pathgraph
4527.3629,99325.4956,84956.1801,173.3999,2.7569,0.0001,-0.0042,pathgraph
4528.3628,99324.5687,84956.5551,173.3956,2.7570,0.0001,-0.0042,pathgraph
4529.3626,99323.6418,84956.9301,173.3914,2.7571,0.0001,-0.0042,pathgraph
4530.3625,99322.7149,84957.3051,173.3871,2.7572,0.0001,-0.0043,pathgraph
4531.3624,99321.7881,84957.6800,173.3828,2.7574,0.0001,-0.0043,pathgraph
4532.3622,99320.8612,84958.0550,173.3786,2.7575,0.0001,-0.0043,pathgraph
4533.3621,99319.9343,84958.4300,173.3743,2.7576,0.0001,-0.0043,pathgraph
4534.3619,99319.0074,84958.8050,173.3701,2.7577,0.0002,-0.0043,pathgraph
4535.3618,99318.0804,84959.1797,173.3657,2.7578,0.0002,-0.0044,pathgraph
4536.3617,99317.1531,84959.5537,173.3613,2.7579,0.0001,-0.0044,pathgraph
4537.3615,99316.2258,84959.9276,173.3568,2.7579,0.0001,-0.0044,pathgraph
4538.3614,99315.2985,84960.3016,173.3523,2.7580,0.0001,-0.0044,pathgraph
4539.3612,99314.3713,84960.6756,173.3478,2.7581,0.0001,-0.0045,pathgraph
4540.3611,99313.4440,84961.0496,173.3433,2.7581,0.0001,-0.0045,pathgraph
4541.3610,99312.5167,84961.4235,173.3389,2.7582,0.0000,-0.0045,pathgraph
4542.3608,99311.5894,84961.7975,173.3344,2.7583,0.0000,-0.0045,pathgraph
4543.3607,99310.6621,84962.1715,173.3299,2.7583,-0.0000,-0.0045,pathgraph
4544.3605,99309.7348,84962.5454,173.3254,2.7584,-0.0000,-0.0046,pathgraph
4545.3604,99308.8076,84962.9196,173.3208,2.7583,-0.0000,-0.0046,pathgraph
4546.3603,99307.8804,84963.2937,173.3161,2.7582,-0.0001,-0.0046,pathgraph
4547.3601,99306.9532,84963.6679,173.3115,2.7581,-0.0001,-0.0046,pathgraph
4548.3600,99306.0259,84964.0421,173.3068,2.7580,-0.0001,-0.0046,pathgraph
4549.3599,99305.0987,84964.4162,173.3021,2.7579,-0.0001,-0.0047,pathgraph
4550.3597,99304.1715,84964.7904,173.2975,2.7578,-0.0001,-0.0047,pathgraph
4551.3596,99303.2443,84965.1646,173.2928,2.7577,-0.0001,-0.0047,pathgraph
4552.3594,99302.3171,84965.5388,173.2881,2.7576,-0.0001,-0.0047,pathgraph
4553.3593,99301.3899,84965.9129,173.2835,2.7575,-0.0002,-0.0047,pathgraph
4554.3592,99300.4628,84966.2873,173.2787,2.7575,-0.0002,-0.0048,pathgraph
4555.3590,99299.5358,84966.6621,173.2739,2.7575,-0.0001,-0.0048,pathgraph
4556.3589,99298.6089,84967.0369,173.2691,2.7576,-0.0001,-0.0048,pathgraph
4557.3587,99297.6819,84967.4117,173.2642,2.7576,-0.0000,-0.0048,pathgraph
4558.3586,99296.7550,84967.7865,173.2594,2.7577,0.0000,-0.0048,pathgraph
4559.3585,99295.8280,84968.1614,173.2545,2.7577,0.0001,-0.0048,pathgraph
4560.3583,99294.9011,84968.5362,173.2497,2.7577,0.0001,-0.0049,pathgraph
4561.3582,99293.9741,84968.9110,173.2449,2.7578,0.0002,-0.0049,pathgraph
4562.3580,99293.0472,84969.2858,173.2400,2.7578,0.0002,-0.0049,pathgraph
4563.3579,99292.1202,84969.6606,173.2352,2.7579,0.0002,-0.0049,pathgraph
4564.3578,99291.1929,84970.0346,173.2302,2.7579,0.0002,-0.0049,pathgraph
4565.3576,99290.2656,84970.4084,173.2252,2.7580,0.0002,-0.0050,pathgraph
4566.3575,99289.3382,84970.7822,173.2202,2.7580,0.0001,-0.0050,pathgraph
4567.3573,99288.4109,84971.1560,173.2152,2.7581,0.0001,-0.0050,pathgraph
4568.3572,99287.4835,84971.5298,173.2102,2.7581,0.0000,-0.0050,pathgraph
4569.3571,99286.5561,84971.9036,173.2052,2.7581,-0.0000,-0.0050,pathgraph
4570.3569,99285.6288,84972.2774,173.2002,2.7582,-0.0000,-0.0050,pathgraph
4571.3568,99284.7014,84972.6512,173.1952,2.7582,-0.0001,-0.0050,pathgraph
4572.3566,99283.7741,84973.0250,173.1902,2.7583,-0.0001,-0.0051,pathgraph
4573.3565,99282.8468,84973.3990,173.1852,2.7583,-0.0002,-0.0051,pathgraph
4574.3564,99281.9196,84973.7733,173.1800,2.7582,-0.0001,-0.0051,pathgraph
4575.3562,99280.9925,84974.1477,173.1749,2.7581,-0.0001,-0.0051,pathgraph
4576.3561,99280.0654,84974.5221,173.1697,2.7581,-0.0001,-0.0051,pathgraph
4577.3560,99279.1382,84974.8964,173.1645,2.7580,-0.0001,-0.0052,pathgraph
4578.3558,99278.2111,84975.2708,173.1594,2.7579,-0.0001,-0.0052,pathgraph
4579.3557,99277.2840,84975.6452,173.1542,2.7579,-0.0000,-0.0052,pathgraph
4580.3555,99276.3569,84976.0196,173.1490,2.7578,-0.0000,-0.0052,pathgraph
4581.3554,99275.4297,84976.3939,173.1439,2.7577,0.0000,-0.0052,pathgraph
4582.3553,99274.5026,84976.7683,173.1387,2.7577,0.0000,-0.0053,pathgraph
4583.3551,99273.5755,84977.1427,173.1334,2.7577,0.0000,-0.0053,pathgraph
4584.3550,99272.6483,84977.5170,173.1281,2.7577,0.0000,-0.0053,pathgraph
4585.3548,99271.7212,84977.8914,173.1227,2.7578,0.0000,-0.0053,pathgraph
4586.3547,99270.7941,84978.2657,173.1174,2.7578,0.0000,-0.0053,pathgraph
4587.3546,99269.8669,84978.6401,173.1120,2.7579,0.0000,-0.0054,pathgraph
4588.3544,99268.9398,84979.0144,173.1067,2.7579,0.0000,-0.0054,pathgraph
4589.3543,99268.0126,84979.3888,173.1013,2.7580,0.0001,-0.0054,pathgraph
4590.3541,99267.0855,84979.7631,173.0960,2.7580,0.0001,-0.0054,pathgraph
4591.3540,99266.1584,84980.1375,173.0906,2.7580,0.0001,-0.0054,pathgraph
4592.3539,99265.2311,84980.5116,173.0852,2.7581,0.0001,-0.0055,pathgraph
4593.3537,99264.3037,84980.8852,173.0796,2.7583,0.0001,-0.0055,pathgraph
4594.3536,99263.3763,84981.2589,173.0741,2.7584,0.0001,-0.0055,pathgraph
4595.3534,99262.4489,84981.6325,173.0685,2.7585,0.0001,-0.0055,pathgraph
4596.3533,99261.5214,84982.0061,173.0630,2.7587,0.0001,-0.0056,pathgraph
4597.3532,99260.5940,84982.3798,173.0574,2.7588,0.0001,-0.0056,pathgraph
4598.3530,99259.6666,84982.7534,173.0518,2.7590,0.0002,-0.0056,pathgraph
4599.3529,99258.7392,84983.1270,173.0463,2.7591,0.0002,-0.0056,pathgraph
4600.3528,99257.8117,84983.5007,173.0407,2.7592,0.0002,-0.0057,pathgraph
4601.3526,99256.8843,84983.8743,173.0351,2.7594,0.0002,-0.0057,pathgraph
4602.3525,99255.9566,84984.2472,173.0294,2.7594,0.0002,-0.0057,pathgraph
4603.3523,99255.0288,84984.6198,173.0236,2.7593,0.0002,-0.0057,pathgraph
4604.3522,99254.1009,84984.9925,173.0178,2.7593,0.0002,-0.0058,pathgraph
4605.3521,99253.1731,84985.3652,173.0120,2.7593,0.0001,-0.0058,pathgraph
4606.3519,99252.2453,84985.7378,173.0061,2.7592,0.0001,-0.0058,pathgraph
4607.3518,99251.3175,84986.1105,173.0003,2.7592,0.0001,-0.0059,pathgraph
4608.3516,99250.3897,84986.4832,172.9945,2.7592,0.0001,-0.0059,pathgraph
4609.3515,99249.4619,84986.8558,172.9887,2.7591,0.0001,-0.0059,pathgraph
4610.3514,99248.5341,84987.2285,172.9829,2.7591,0.0001,-0.0059,pathgraph
4611.3512,99247.6063,84987.6013,172.9770,2.7591,0.0001,-0.0060,pathgraph
4612.3511,99246.6787,84987.9745,172.9709,2.7589,-0.0000,-0.0060,pathgraph
4613.3509,99245.7511,84988.3477,172.9648,2.7586,-0.0001,-0.0060,pathgraph
4614.3508,99244.8235,84988.7209,172.9587,2.7584,-0.0002,-0.0061,pathgraph
4615.3507,99243.8959,84989.0941,172.9526,2.7582,-0.0003,-0.0061,pathgraph
4616.3505,99242.9683,84989.4673,172.9465,2.7579,-0.0004,-0.0061,pathgraph
4617.3504,99242.0407,84989.8405,172.9404,2.7577,-0.0005,-0.0062,pathgraph
4618.3502,99241.1131,84990.2137,172.9343,2.7575,-0.0007,-0.0062,pathgraph
4619.3501,99240.1855,84990.5869,172.9282,2.7572,-0.0008,-0.0062,pathgraph
4620.3500,99239.2579,84990.9601,172.9221,2.7570,-0.0009,-0.0063,pathgraph
4621.3498,99238.3316,84991.3365,172.9158,2.7562,-0.0009,-0.0063,pathgraph
4622.3497,99237.4057,84991.7138,172.9094,2.7552,-0.0009,-0.0063,pathgraph
4623.3495,99236.4797,84992.0912,172.9031,2.7543,-0.0010,-0.0064,pathgraph
4624.3494,99235.5538,84992.4685,172.8967,2.7533,-0.0010,-0.0064,pathgraph
4625.3493,99234.6279,84992.8458,172.8904,2.7524,-0.0010,-0.0065,pathgraph
4626.3491,99233.7030,84993.2257,172.8838,2.7522,-0.0008,-0.0065,pathgraph
4627.3490,99232.7784,84993.6062,172.8772,2.7523,-0.0004,-0.0066,pathgraph
4628.3489,99231.8538,84993.9868,172.8706,2.7524,-0.0001,-0.0066,pathgraph
4629.3487,99230.9292,84994.3674,172.8640,2.7524,0.0003,-0.0067,pathgraph
4630.3486,99230.0046,84994.7479,172.8575,2.7525,0.0006,-0.0067,pathgraph
4631.3484,99229.0799,84995.1285,172.8509,2.7526,0.0010,-0.0068,pathgraph
4632.3483,99228.1548,84995.5077,172.8441,2.7528,0.0012,-0.0068,pathgraph
4633.3482,99227.2283,84995.8836,172.8371,2.7533,0.0010,-0.0069,pathgraph
4634.3480,99226.3018,84996.2596,172.8301,2.7537,0.0009,-0.0069,pathgraph
4635.3479,99225.3753,84996.6355,172.8231,2.7542,0.0007,-0.0070,pathgraph
4636.3477,99224.4488,84997.0114,172.8161,2.7547,0.0005,-0.0071,pathgraph
4637.3476,99223.5223,84997.3874,172.8090,2.7552,0.0004,-0.0071,pathgraph
4638.3475,99222.5958,84997.7633,172.8020,2.7557,0.0002,-0.0072,pathgraph
4639.3473,99221.6693,84998.1392,172.7950,2.7562,0.0001,-0.0072,pathgraph
4640.3472,99220.7428,84998.5151,172.7880,2.7566,-0.0001,-0.0073,pathgraph
4641.3470,99219.8163,84998.8911,172.7810,2.7571,-0.0002,-0.0073,pathgraph
4642.3469,99218.8897,84999.2666,172.7734,2.7572,-0.0002,-0.0074,pathgraph
4643.3468,99217.9630,84999.6421,172.7658,2.7571,-0.0002,-0.0075,pathgraph
4644.3466,99217.0363,85000.0176,172.7581,2.7571,-0.0001,-0.0076,pathgraph
4645.3465,99216.1096,85000.3931,172.7504,2.7570,-0.0001,-0.0076,pathgraph
4646.3463,99215.1829,85000.7686,172.7427,2.7569,-0.0001,-0.0077,pathgraph
4647.3462,99214.2563,85001.1441,172.7351,2.7569,-0.0000,-0.0078,pathgraph
4648.3461,99213.3296,85001.5195,172.7274,2.7568,0.0000,-0.0078,pathgraph
4649.3459,99212.4029,85001.8950,172.7197,2.7568,0.0001,-0.0079,pathgraph
4650.3458,99211.4762,85002.2705,172.7121,2.7567,0.0001,-0.0080,pathgraph
4651.3456,99210.5496,85002.6460,172.7042,2.7566,0.0001,-0.0081,pathgraph
4652.3455,99209.6229,85003.0215,172.6957,2.7565,0.0001,-0.0082,pathgraph
4653.3454,99208.6962,85003.3970,172.6873,2.7564,0.0000,-0.0083,pathgraph
4654.3452,99207.7695,85003.7725,172.6788,2.7564,-0.0000,-0.0083,pathgraph
4655.3451,99206.8429,85004.1480,172.6704,2.7563,-0.0001,-0.0084,pathgraph
4656.3450,99205.9162,85004.5235,172.6619,2.7562,-0.0001,-0.0085,pathgraph
4657.3448,99204.9895,85004.8990,172.6535,2.7561,-0.0002,-0.0086,pathgraph
4658.3447,99204.0629,85005.2745,172.6451,2.7560,-0.0002,-0.0086,pathgraph
4659.3445,99203.1362,85005.6500,172.6366,2.7559,-0.0003,-0.0087,pathgraph
4660.3444,99202.2095,85006.0256,172.6282,2.7558,-0.0003,-0.0088,pathgraph
4661.3443,99201.2830,85006.4015,172.6191,2.7559,-0.0002,-0.0089,pathgraph
4662.3441,99200.3566,85006.7776,172.6098,2.7562,-0.0001,-0.0090,pathgraph
4663.3440,99199.4302,85007.1537,172.6006,2.7564,-0.0000,-0.0091,pathgraph
4664.3438,99198.5038,85007.5298,172.5913,2.7566,0.0001,-0.0092,pathgraph
4665.3437,99197.5773,85007.9059,172.5820,2.7569,0.0002,-0.0092,pathgraph
4666.3436,99196.6509,85008.2820,172.5728,2.7571,0.0003,-0.0093,pathgraph
4667.3434,99195.7245,85008.6581,172.5635,2.7573,0.0005,-0.0094,pathgraph
4668.3433,99194.7980,85009.0342,172.5543,2.7575,0.0006,-0.0095,pathgraph
4669.3431,99193.8716,85009.4103,172.5450,2.7578,0.0007,-0.0096,pathgraph
4670.3430,99192.9447,85009.7853,172.5355,2.7580,0.0007,-0.0097,pathgraph
4671.3429,99192.0168,85010.1576,172.5255,2.7584,0.0007,-0.0098,pathgraph
4672.3427,99191.0888,85010.5298,172.5155,2.7588,0.0006,-0.0098,pathgraph
4673.3426,99190.1608,85010.9021,172.5055,2.7591,0.0005,-0.0099,pathgraph
4674.3424,99189.2328,85011.2744,172.4955,2.7595,0.0004,-0.0100,pathgraph
4675.3423,99188.3049,85011.6467,172.4855,2.7599,0.0003,-0.0100,pathgraph
4676.3422,99187.3769,85012.0189,172.4755,2.7602,0.0002,-0.0101,pathgraph
4677.3420,99186.4489,85012.3912,172.4655,2.7606,0.0001,-0.0102,pathgraph
4678.3419,99185.5210,85012.7635,172.4555,2.7610,-0.0000,-0.0103,pathgraph
4679.3417,99184.5929,85013.1356,172.4450,2.7609,-0.0001,-0.0103,pathgraph
4680.3416,99183.6649,85013.5077,172.4344,2.7607,-0.0001,-0.0104,pathgraph
4681.3415,99182.7368,85013.8798,172.4237,2.7604,-0.0001,-0.0105,pathgraph
4682.3413,99181.8088,85014.2518,172.4131,2.7602,-0.0002,-0.0105,pathgraph
4683.3412,99180.8807,85014.6239,172.4025,2.7600,-0.0002,-0.0106,pathgraph
4684.3411,99179.9527,85014.9960,172.3918,2.7598,-0.0003,-0.0106,pathgraph
4685.3409,99179.0246,85015.3681,172.3812,2.7596,-0.0003,-0.0107,pathgraph
4686.3408,99178.0966,85015.7402,172.3706,2.7593,-0.0003,-0.0107,pathgraph
4687.3406,99177.1685,85016.1122,172.3600,2.7591,-0.0004,-0.0108,pathgraph
4688.3405,99176.2407,85016.4850,172.3492,2.7589,-0.0004,-0.0109,pathgraph
4689.3404,99175.3137,85016.8597,172.3381,2.7586,-0.0004,-0.0109,pathgraph
4690.3402,99174.3867,85017.2344,172.3270,2.7584,-0.0003,-0.0109,pathgraph
4691.3401,99173.4597,85017.6090,172.3159,2.7581,-0.0003,-0.0110,pathgraph
4692.3399,99172.5327,85017.9837,172.3048,2.7579,-0.0003,-0.0110,pathgraph
4693.3398,99171.6057,85018.3584,172.2937,2.7576,-0.0002,-0.0110,pathgraph
4694.3397,99170.6787,85018.7330,172.2826,2.7573,-0.0002,-0.0111,pathgraph
4695.3395,99169.7517,85019.1077,172.2715,2.7571,-0.0002,-0.0111,pathgraph
4696.3394,99168.8247,85019.4824,172.2604,2.7568,-0.0001,-0.0111,pathgraph
4697.3392,99167.8977,85019.8570,172.2493,2.7566,-0.0001,-0.0112,pathgraph
4698.3391,99166.9710,85020.2326,172.2381,2.7565,-0.0001,-0.0086,pathgraph
4699.3390,99166.0444,85020.6083,172.2267,2.7565,-0.0001,-0.0061,pathgraph
4700.3388,99165.1179,85020.9841,172.2154,2.7565,-0.0001,-0.0063,pathgraph
4701.3387,99164.1913,85021.3599,172.2041,2.7565,-0.0000,-0.0066,pathgraph
4702.3385,99163.2647,85021.7356,172.1928,2.7565,-0.0000,-0.0071,pathgraph
4703.3384,99162.3382,85022.1114,172.1815,2.7565,0.0000,-0.0074,pathgraph
4704.3383,99161.4116,85022.4872,172.1702,2.7564,0.0000,-0.0080,pathgraph
4705.3381,99160.4850,85022.8629,172.1588,2.7564,0.0001,-0.0085,pathgraph
4706.3380,99159.5585,85023.2387,172.1475,2.7564,0.0001,-0.0087,pathgraph
4707.3379,99158.6319,85023.6144,172.1362,2.7564,0.0001,-0.0088,pathgraph
4708.3377,99157.7053,85023.9900,172.1249,2.7565,0.0001,-0.0082,pathgraph
4709.5425,99156.6052,85024.4814,172.2216,2.7324,0.0003,-0.0079,gnss_loop
4710.6107,99155.6201,85024.8944,172.2074,2.7445,0.0004,-0.0083,gnss_loop
4711.6788,99154.6351,85025.3075,172.1940,2.7512,0.0006,-0.0087,gnss_loop
4712.6788,99153.7076,85025.6813,172.1702,2.7578,0.0018,-0.0093,gnss_loop
4713.6796,99152.7799,85026.0566,172.1540,2.7584,0.0032,-0.0097,gnss_loop
4714.6805,99151.8511,85026.4297,172.1324,2.7601,0.0026,-0.0098,gnss_loop
4715.6813,99150.9221,85026.8019,172.1069,2.7618,0.0016,-0.0100,gnss_loop
4716.6816,99149.9926,85027.1716,172.0915,2.7634,0.0008,-0.0103,gnss_loop
4717.6816,99149.0631,85027.5404,172.0769,2.7643,0.0003,-0.0107,gnss_loop
4718.6809,99148.1339,85027.9082,172.0634,2.7635,0.0001,-0.0110,gnss_loop
4719.6804,99147.2055,85028.2783,172.0510,2.7621,-0.0003,-0.0139,gnss_loop
4720.6795,99146.2775,85028.6485,172.0392,2.7623,-0.0006,-0.0163,gnss_loop
4721.6785,99145.3494,85029.0181,172.0287,2.7620,-0.0010,-0.0161,gnss_loop
4722.6781,99144.4212,85029.3890,172.0135,2.7604,-0.0009,-0.0158,gnss_loop
4723.6780,99143.4934,85029.7619,171.9921,2.7591,-0.0003,-0.0153,gnss_loop
4724.6774,99142.5663,85030.1352,171.9754,2.7580,0.0004,-0.0147,gnss_loop
4725.6771,99141.6396,85030.5102,171.9653,2.7557,0.0013,-0.0137,gnss_loop
4726.6775,99140.7133,85030.8880,171.9454,2.7549,0.0024,-0.0130,gnss_loop
4727.6777,99139.7867,85031.2647,171.9263,2.7575,0.0036,-0.0126,gnss_loop
4728.6777,99138.8588,85031.6376,171.9095,2.7623,0.0047,-0.0121,gnss_loop
4729.6799,99137.9268,85032.0061,171.8885,2.7693,0.0061,-0.0116,gnss_loop
4730.6820,99136.9919,85032.3667,171.8765,2.7781,0.0076,-0.0110,gnss_loop
4731.6837,99136.0540,85032.7185,171.8673,2.7872,0.0090,-0.0106,gnss_loop
4732.6846,99135.1138,85033.0615,171.8576,2.7963,0.0105,-0.0100,gnss_loop
4733.6845,99134.1713,85033.3956,171.8434,2.8059,0.0119,-0.0088,gnss_loop
4734.6822,99133.2276,85033.7196,171.8393,2.8172,0.0132,-0.0077,gnss_loop
4735.6798,99132.2801,85034.0315,171.8304,2.8299,0.0143,-0.0070,gnss_loop
4736.6777,99131.3284,85034.3315,171.8335,2.8448,0.0154,-0.0065,gnss_loop
4737.6763,99130.3709,85034.6155,171.8208,2.8631,0.0166,-0.0060,gnss_loop
4738.6759,99129.4072,85034.8808,171.8176,2.8831,0.0174,-0.0056,gnss_loop
4739.6748,99128.4390,85035.1262,171.8134,2.9023,0.0180,-0.0054,gnss_loop
4740.6741,99127.4660,85035.3545,171.8146,2.9205,0.0185,-0.0054,gnss_loop
4741.6728,99126.4896,85035.5644,171.8120,2.9403,0.0188,-0.0057,gnss_loop
4742.6707,99125.5098,85035.7536,171.8089,2.9598,0.0187,-0.0063,gnss_loop
4743.6682,99124.5273,85035.9252,171.8135,2.9769,0.0186,-0.0066,gnss_loop
4744.6665,99123.5412,85036.0807,171.8213,2.9944,0.0188,-0.0068,gnss_loop
4745.6647,99122.5524,85036.2180,171.8232,3.0133,0.0189,-0.0069,gnss_loop
4746.6639,99121.5602,85036.3363,171.8252,3.0318,0.0189,-0.0069,gnss_loop
4747.6638,99120.5654,85036.4370,171.8132,3.0502,0.0193,-0.0067,gnss_loop
4748.6640,99119.5686,85036.5188,171.8047,3.0701,0.0199,-0.0063,gnss_loop
4749.6640,99118.5705,85036.5799,171.7949,3.0903,0.0203,-0.0058,gnss_loop
4750.6639,99117.5714,85036.6214,171.7761,3.1096,0.0205,-0.0056,gnss_loop
4751.6635,99116.5721,85036.6438,171.7628,3.1305,0.0207,-0.0056,gnss_loop
4752.6628,99115.5728,85036.6435,171.7405,-3.1295,0.0203,-0.0057,gnss_loop
4753.6622,99114.5736,85036.6197,171.7199,-3.1073,0.0196,-0.0058,gnss_loop
4754.6616,99113.5752,85036.5750,171.7045,-3.0865,0.0189,-0.0062,gnss_loop
4755.6611,99112.5779,85036.5097,171.6927,-3.0654,0.0185,-0.0066,gnss_loop
4756.6609,99111.5819,85036.4229,171.6863,-3.0470,0.0182,-0.0068,gnss_loop
4757.6606,99110.5874,85036.3210,171.6877,-3.0330,0.0182,-0.0067,gnss_loop
4758.6604,99109.5942,85036.2063,171.6835,-3.0206,0.0187,-0.0065,gnss_loop
4759.6602,99108.6024,85036.0795,171.6886,-3.0061,0.0198,-0.0068,gnss_loop
4760.6598,99107.6132,85035.9362,171.6967,-2.9879,0.0213,-0.0068,gnss_loop
4761.6592,99106.6271,85035.7736,171.6961,-2.9669,0.0232,-0.0065,gnss_loop
4762.6582,99105.6453,85035.5890,171.6947,-2.9428,0.0255,-0.0060,gnss_loop
4763.6570,99104.6688,85035.3791,171.6883,-2.9143,0.0280,-0.0051,gnss_loop
4764.6558,99103.6993,85035.1388,171.6904,-2.8815,0.0300,-0.0045,gnss_loop
4765.6547,99102.7386,85034.8655,171.6848,-2.8480,0.0316,-0.0041,gnss_loop
4766.6529,99101.7879,85034.5610,171.6819,-2.8144,0.0328,-0.0037,gnss_loop
4767.6527,99100.8469,85034.2234,171.6795,-2.7798,0.0336,-0.0037,gnss_loop
4768.6520,99099.9185,85033.8536,171.6779,-2.7441,0.0337,-0.0037,gnss_loop
4769.6516,99099.0041,85033.4498,171.6649,-2.7098,0.0333,-0.0036,gnss_loop
4770.6505,99098.1036,85033.0172,171.6508,-2.6777,0.0331,-0.0038,gnss_loop
4771.6505,99097.2167,85032.5555,171.6354,-2.6430,0.0326,-0.0041,gnss_loop
4772.6516,99096.3466,85032.0605,171.6288,-2.6097,0.0317,-0.0043,gnss_loop
4773.6499,99095.4937,85031.5416,171.6249,-2.5805,0.0308,-0.0043,gnss_loop
4774.6468,99094.6575,85030.9989,171.6234,-2.5498,0.0298,-0.0043,gnss_loop
4775.6448,99093.8383,85030.4288,171.6111,-2.5181,0.0282,-0.0044,gnss_loop
4776.6426,99093.0374,85029.8336,171.6159,-2.4905,0.0259,-0.0044,gnss_loop
4777.6366,99092.2540,85029.2218,171.6090,-2.4633,0.0235,-0.0044,gnss_loop
4778.6348,99091.4864,85028.5837,171.6088,-2.4362,0.0210,-0.0048,gnss_loop
4779.6349,99090.7327,85027.9264,171.6086,-2.4149,0.0180,-0.0051,gnss_loop
4780.6334,99089.9928,85027.2560,171.6117,-2.3995,0.0154,-0.0051,gnss_loop
4781.6320,99089.2607,85026.5768,171.6128,-2.3882,0.0131,-0.0049,gnss_loop
4782.6307,99088.5359,85025.8896,171.6065,-2.3797,0.0106,-0.0048,gnss_loop
4783.6290,99087.8158,85025.1982,171.6030,-2.3742,0.0083,-0.0049,gnss_loop
4784.6266,99087.0995,85024.5039,171.6010,-2.3695,0.0063,-0.0054,gnss_loop
4785.6251,99086.3857,85023.8057,171.5968,-2.3627,0.0043,-0.0056,gnss_loop
4786.6251,99085.6773,85023.1000,171.5920,-2.3566,0.0026,-0.0056,gnss_loop
4787.6263,99084.9700,85022.3913,171.5914,-2.3521,0.0013,-0.0058,gnss_loop
4788.6301,99084.2653,85021.6764,171.5852,-2.3491,0.0003,-0.0060,gnss_loop
4789.6344,99083.5601,85020.9613,171.5714,-2.3520,-0.0004,-0.0062,gnss_loop
4790.6375,99082.8519,85020.2510,171.5580,-2.3580,-0.0008,-0.0063,gnss_loop
4791.6397,99082.1396,85019.5459,171.5444,-2.3628,-0.0011,-0.0064,gnss_loop
4792.6416,99081.4254,85018.8432,171.5350,-2.3673,-0.0015,-0.0064,gnss_loop
4793.6416,99080.7085,85018.1462,171.5265,-2.3705,-0.0017,-0.0064,gnss_loop
4794.6419,99079.9910,85017.4492,171.5198,-2.3689,-0.0014,-0.0065,gnss_loop
4795.6433,99079.2753,85016.7488,171.5021,-2.3654,-0.0010,-0.0068,gnss_loop
4796.6451,99078.5616,85016.0457,171.4994,-2.3639,-0.0006,-0.0067,gnss_loop
4797.6467,99077.8477,85015.3432,171.4943,-2.3652,-0.0001,-0.0068,gnss_loop
4798.6472,99077.1332,85014.6428,171.4843,-2.3664,0.0002,-0.0068,gnss_loop
4799.6471,99076.4188,85013.9432,171.4808,-2.3680,0.0001,-0.0063,gnss_loop
4800.6472,99075.7024,85013.2454,171.4749,-2.3703,0.0000,-0.0053,gnss_loop
4801.6464,99074.9853,85012.5496,171.4783,-2.3706,0.0000,-0.0043,gnss_loop
4802.6462,99074.2686,85011.8524,171.4774,-2.3694,0.0001,-0.0037,gnss_loop
4803.6461,99073.5528,85011.1544,171.4716,-2.3670,0.0001,-0.0030,gnss_loop
4804.6454,99072.8398,85010.4542,171.4710,-2.3650,0.0001,-0.0024,gnss_loop
4805.6449,99072.1271,85009.7535,171.4589,-2.3640,-0.0001,-0.0019,gnss_loop
4806.6437,99071.4157,85009.0523,171.4547,-2.3643,-0.0004,-0.0015,gnss_loop
4807.6423,99070.7032,85008.3526,171.4509,-2.3647,-0.0007,-0.0014,gnss_loop
4808.6439,99069.9893,85007.6501,171.4454,-2.3670,-0.0011,-0.0015,gnss_loop
4809.6469,99069.2705,85006.9506,171.4472,-2.3703,-0.0011,-0.0015,gnss_loop
4810.6494,99068.5513,85006.2522,171.4462,-2.3723,-0.0009,-0.0014,gnss_loop
4811.6539,99067.8287,85005.5545,171.4587,-2.3741,-0.0007,-0.0012,gnss_loop
4812.6570,99067.1065,85004.8583,171.4625,-2.3755,-0.0006,-0.0011,gnss_loop
4813.6584,99066.3841,85004.1648,171.4633,-2.3756,-0.0004,-0.0006,gnss_loop
4814.6589,99065.6637,85003.4705,171.4717,-2.3735,-0.0003,-0.0002,gnss_loop
4815.6596,99064.9447,85002.7745,171.4730,-2.3714,-0.0002,0.0004,gnss_loop
4816.6593,99064.2279,85002.0776,171.4682,-2.3699,0.0001,0.0009,gnss_loop
4817.6601,99063.5108,85001.3795,171.4712,-2.3718,0.0007,0.0012,gnss_loop
4818.6602,99062.7912,85000.6851,171.4617,-2.3736,0.0010,0.0012,gnss_loop
4819.6609,99062.0716,84999.9896,171.4547,-2.3744,0.0009,0.0010,gnss_loop
4820.6612,99061.3507,84999.2961,171.4463,-2.3752,0.0006,0.0009,gnss_loop
4821.6608,99060.6309,84998.6025,171.4517,-2.3722,0.0002,0.0006,gnss_loop
4822.6607,99059.9143,84997.9051,171.4514,-2.3665,-0.0002,0.0003,gnss_loop
4823.6619,99059.2014,84997.2022,171.4600,-2.3639,-0.0005,0.0005,gnss_loop
4824.6647,99058.4865,84996.4990,171.4643,-2.3641,-0.0007,0.0004,gnss_loop
4825.6672,99057.7723,84995.7955,171.4709,-2.3660,-0.0010,0.0002,gnss_loop
4826.6706,99057.0544,84995.0946,171.4741,-2.3716,-0.0018,0.0002,gnss_loop
4827.6728,99056.3324,84994.3993,171.4766,-2.3774,-0.0031,0.0002,gnss_loop
4828.6736,99055.6083,84993.7085,171.4809,-2.3803,-0.0047,0.0002,gnss_loop
4829.6719,99054.8852,84993.0203,171.4676,-2.3818,-0.0065,0.0006,gnss_loop
4830.6713,99054.1601,84992.3325,171.4653,-2.3837,-0.0084,0.0009,gnss_loop
4831.6701,99053.4340,84991.6467,171.4640,-2.3882,-0.0104,0.0009,gnss_loop
4832.6693,99052.7028,84990.9656,171.4643,-2.3982,-0.0128,0.0009,gnss_loop
4833.6687,99051.9627,84990.2940,171.4701,-2.4141,-0.0152,0.0007,gnss_loop
4834.6683,99051.2099,84989.6363,171.4774,-2.4329,-0.0177,0.0004,gnss_loop
4835.6636,99050.4482,84988.9958,171.4751,-2.4551,-0.0202,0.0001,gnss_loop
4836.6579,99049.6712,84988.3753,171.4760,-2.4813,-0.0220,-0.0002,gnss_loop
4837.6511,99048.8786,84987.7768,171.4755,-2.5053,-0.0230,0.0001,gnss_loop
4838.6400,99048.0771,84987.1977,171.4703,-2.5287,-0.0237,0.0005,gnss_loop
4839.6364,99047.2549,84986.6348,171.4695,-2.5538,-0.0242,0.0009,gnss_loop
4840.6334,99046.4183,84986.0923,171.4710,-2.5795,-0.0242,0.0013,gnss_loop
4841.6311,99045.5672,84985.5718,171.4661,-2.6014,-0.0237,0.0015,gnss_loop
4842.6244,99044.7109,84985.0684,171.4691,-2.6235,-0.0233,0.0017,gnss_loop
4843.6213,99043.8384,84984.5862,171.4713,-2.6481,-0.0224,0.0015,gnss_loop
4844.6101,99042.9622,84984.1278,171.4709,-2.6734,-0.0208,0.0008,gnss_loop
4845.6017,99042.0713,84983.6925,171.4716,-2.6954,-0.0190,0.0002,gnss_loop
4846.5913,99041.1751,84983.2729,171.4657,-2.7156,-0.0171,-0.0001,gnss_loop
4847.5858,99040.2647,84982.8727,171.4699,-2.7349,-0.0148,-0.0004,gnss_loop
4848.5815,99039.3473,84982.4856,171.4865,-2.7482,-0.0124,-0.0002,gnss_loop
4849.5775,99038.4251,84982.1093,171.4922,-2.7570,-0.0103,-0.0000,gnss_loop
4850.5742,99037.5001,84981.7381,171.4948,-2.7629,-0.0085,-0.0003,gnss_loop
4851.5740,99036.5701,84981.3712,171.4936,-2.7670,-0.0067,-0.0005,gnss_loop
4852.5744,99035.6386,84981.0061,171.4974,-2.7699,-0.0052,-0.0007,gnss_loop
4853.5750,99034.7057,84980.6444,171.5002,-2.7740,-0.0042,-0.0010,gnss_loop
4854.5751,99033.7716,84980.2871,171.4982,-2.7793,-0.0035,-0.0012,gnss_loop
4855.5750,99032.8356,84979.9356,171.4841,-2.7845,-0.0034,-0.0014,gnss_loop
4856.5744,99031.8984,84979.5882,171.4767,-2.7867,-0.0036,-0.0014,gnss_loop
4857.5696,99030.9652,84979.2425,171.4687,-2.7893,-0.0036,-0.0015,gnss_loop
4858.5688,99030.0265,84978.9001,171.4682,-2.7907,-0.0034,-0.0018,gnss_loop
4859.5695,99029.0871,84978.5552,171.4713,-2.7927,-0.0027,-0.0025,gnss_loop
4860.5684,99028.1474,84978.2165,171.4663,-2.7979,-0.0017,-0.0028,gnss_loop
4861.5666,99027.2068,84977.8823,171.4617,-2.8033,-0.0009,-0.0027,gnss_loop
4862.5695,99026.2598,84977.5524,171.4550,-2.8062,-0.0006,-0.0026,gnss_loop
4863.5678,99025.3171,84977.2235,171.4507,-2.8083,-0.0007,-0.0027,gnss_loop
4864.5648,99024.3742,84976.8997,171.4494,-2.8049,-0.0005,-0.0025,gnss_loop
4865.5719,99023.4256,84976.5614,171.4418,-2.7969,-0.0000,-0.0019,gnss_loop
4866.5742,99022.4830,84976.2206,171.4413,-2.7949,0.0004,-0.0011,gnss_loop
4867.5804,99021.5366,84975.8790,171.4359,-2.7965,0.0009,-0.0009,gnss_loop
4868.5999,99020.5767,84975.5355,171.4363,-2.7988,0.0014,-0.0014,gnss_loop
4869.6339,99019.6026,84975.1888,171.4451,-2.8004,0.0012,-0.0018,gnss_loop
4870.6467,99018.6479,84974.8506,171.4304,-2.8017,0.0005,-0.0020,gnss_loop
4871.6647,99017.6880,84974.5119,171.4375,-2.8008,0.0000,-0.0022,gnss_loop
4872.6791,99016.7324,84974.1713,171.4390,-2.7966,-0.0002,-0.0026,gnss_loop
4873.6810,99015.7904,84973.8300,171.4407,-2.7908,-0.0005,-0.0028,gnss_loop
4874.6552,99014.8767,84973.4921,171.4452,-2.7900,-0.0007,-0.0027,gnss_loop
4875.6416,99013.9498,84973.1549,171.4481,-2.7937,-0.0008,-0.0024,gnss_loop
4876.6290,99013.0212,84972.8192,171.4539,-2.7973,-0.0010,-0.0022,gnss_loop
4877.6150,99012.0922,84972.4888,171.4587,-2.8014,-0.0015,-0.0021,gnss_loop
4878.6009,99011.1623,84972.1612,171.4483,-2.8061,-0.0017,-0.0020,gnss_loop
4879.5995,99010.2183,84971.8354,171.4293,-2.8082,-0.0014,-0.0022,gnss_loop
4880.6008,99009.2725,84971.5067,171.4310,-2.8078,-0.0009,-0.0020,gnss_loop
4881.6014,99008.3269,84971.1797,171.4211,-2.8077,-0.0004,-0.0021,gnss_loop
4882.4025,99007.5704,84970.9162,171.4129,-2.8061,0.0002,-0.0030,gnss_loop
4883.0031,99007.0033,84970.7182,171.3954,-2.8057,0.0006,-0.0035,gnss_loop
